#/log,DATA CREATED,データ作成日,20180320,,,,,,,,,,,,,,,
#/doc,DATA CREATER,データ作成者,山田 利博,,,,,,,,,,,,,,,
#,DATA TITLE,データ名,Temporal Change in Tree Girth at Breast Height at Fuji (FJ-AT1). ,,,,,,,,,,,,,,,
#,SITE NAME,サイト名,富士,,,,,,,,,,,,,,,
#,PLOT NAME,調査区名,-,,,,,,,,,,,,,,,
#,PLOT CODE,調査区コード,FJ-AT1,,,,,,,,,,,,,,,
#,PLOT SIZE,面積,0.5ha,0.25ha*2,,,,,,,,,,,,,,
#,PRAMETER DEFINITIONS,mesh_xcord,10ｍ方形区ｘ座標,,,,,,,,,,,,,,,
#,,mesh_ｙcord,10ｍ方形区ｙ座標,,,,,,,,,,,,,,,
#,,tag_no,幹タグ番号,,,,,,,,,,,,,,,
#,,indv_no,個体タグ番号,,,,,,,,,,,,,,,
#,,stem_xcord,幹のx座標（10m方形区内での座標）,,,,,,,,,,,,,,,
#,,stem_ycord,幹のｙ座標（10m方形区内での座標）,,,,,,,,,,,,,,,
#,,spc_japan,種名,,,,,,,,,,,,,,,
#,,gbh,胸高周囲長〔cm〕,,,,,,,,,,,,,,,
#,,note,備考,,,,,,,,,,,,,,,
#,,s_data,調査日,,,,,,,,,,,,,,,
#,,gbh（t+1）-gbh(t)>6　もしくは<−3は測定間違いとする,,,,,,,,,,,,,,,,
#,,,,,,,,,,,,,,,,,,
#/note,20090515,ツル込み・ツル抜きのコメントを整理（石原正恵）,,,,,,,,,,,,,,,,
#,20091019,樹木の位置は今後計測予定,,,,,,,,,,,,,,,,
#,20100223,データを元ファイルから作り直して、1999年の測定列を追加,,,,,,,,,,,,,,,,
#,20100423,"tag_no=974_610 Gbh09=144.5?, 99=d, 04=na",,,,,,,,,,,,,,,,
#,,"99,04のgbhが胸高直径だったのでpiを掛けて、小数点第二位を丸めた。",,,,,,,,,,,,,,,,
#,,tag_no=469のgbh99をndに,,,,,,,,,,,,,,,,
#,,tag_no=537のgbh04をviに,,,,,,,,,,,,,,,,
#,20171108,データ公開データのためのエラーチェック（日野）,,,,,,,,,,,,,,,,
#,,枯死の次の調査以降のgbhがnaになっていない個体を修正,,,,,,,,,,,,,,,,
#,,,,,,,,,,,,,,,,,,
#/data,,,,,,,,,,,,,,,,,,
"mesh_xcord","mesh_ycord","tag_no","indv_no","stem_xcord","stem_ycord","spc_japan","gbh99","gbh04","gbh09","gbh14","note99","note04","note09","note14","s_date99","s_date04","s_date09","s_date14","dl99","dl04","dl09","dl14","rec99","rec04","rec09","rec14","error99","error04","error09","error14"
NA,NA,"401",NA,NA,NA,"ミツバウツギ",12.6,14.5,14.6,16.6,NA,NA,NA,NA,"19990402","20040610","20091006",20140310,0,0,0,0,-1,1,0,0,0,0,0,0
NA,NA,"402",NA,NA,NA,"クロツバラ",15.7,16.7,16.6,17.8,NA,NA,NA,NA,"19990402","20040610","20091006",20140310,0,0,0,0,0,0,0,0,0,0,0,0
NA,NA,"403",NA,NA,NA,"カラマツ",112.5,115.9,120,123.8,NA,NA,NA,NA,"19990402","20040610","20091006",20140310,0,0,0,0,0,0,0,0,0,0,0,0
NA,NA,"404",NA,NA,NA,"クロツバラ",18.8,19.8,22,24.2,NA,NA,NA,NA,"19990402","20040610","20091006",20140310,0,0,0,0,0,0,0,0,0,0,0,0
NA,NA,"405",NA,NA,NA,"カマツカ",10.1,10.4,NA,NA,NA,NA,"枯れ","枯れ","19990402","20040610","20091006",20140310,0,0,1,2,-1,1,0,0,0,0,0,0
NA,NA,"406",NA,NA,NA,"ミツバウツギ",14.1,14.8,15.2,NA,NA,NA,NA,"枯れ","19990402","20040610","20091006",20140310,0,0,0,1,-1,1,0,0,0,0,0,0
NA,NA,"407",NA,NA,NA,"ミツバウツギ",17,19.5,21.7,22.7,NA,NA,NA,NA,"19990402","20040610","20091006",20140310,0,0,0,0,0,0,0,0,0,0,0,0
NA,NA,"408",NA,NA,NA,"ズミ",11.6,12.9,11.5,11.3,NA,NA,"ホボカレ","ホボカレ","19990402","20040610","20091006",20140310,0,0,0,0,-1,1,0,0,0,0,0,0
NA,NA,"409",NA,NA,NA,"イヌザクラ",20.4,24.2,31,33,NA,NA,NA,NA,"19990402","20040610","20091006",20140310,0,0,0,0,0,0,0,0,0,0,0,0
NA,NA,"410",NA,NA,NA,"ズミ",15.4,15.7,NA,NA,NA,NA,"枯れ","枯れ","19990402","20040610","20091006",20140310,0,0,1,2,-1,1,0,0,0,0,0,0
NA,NA,"411",NA,NA,NA,"マユミ",13.2,14.8,16.5,17,NA,NA,NA,NA,"19990402","20040610","20091006",20140310,0,0,0,0,-1,1,0,0,0,0,0,0
NA,NA,"412",NA,NA,NA,"カラマツ",74.1,NA,NA,NA,NA,"gbh04=23.7.枯れ","枯れ","枯れ","19990402","20040610","20091006",20140310,0,1,2,2,0,0,0,0,0,0,0,0
NA,NA,"413",NA,NA,NA,"クマヤナギ",16,16.7,13.9,14.9,NA,NA,NA,NA,"19990402","20040610","20091006",20140310,0,0,0,0,0,0,0,0,0,0,0,0
NA,NA,"414",NA,NA,NA,"クマヤナギ",12.6,12.3,14,15.4,NA,NA,NA,NA,"19990402","20040610","20091006",20140310,0,0,0,0,-1,1,0,0,0,0,0,0
NA,NA,"415",NA,NA,NA,"クマヤナギ",13.5,13.5,14,16.1,NA,NA,NA,NA,"19990402","20040610","20091006",20140310,0,0,0,0,-1,1,0,0,0,0,0,0
NA,NA,"416",NA,NA,NA,"クマヤナギ",15.7,16.3,16,18.3,NA,NA,NA,NA,"19990402","20040610","20091006",20140310,0,0,0,0,0,0,0,0,0,0,0,0
NA,NA,"417",NA,NA,NA,"マユミ",9.7,12.6,19.8,28.8,NA,NA,NA,NA,"19990402","20040610","20091006",20140310,0,0,0,0,-1,1,0,0,0,0,0,0
NA,NA,"418",NA,NA,NA,"ヒメシャラ",15.7,15.7,16.3,NA,NA,NA,NA,"枯れ","19990402","20040610","20091006",20140310,0,0,0,1,0,0,0,0,0,0,0,0
NA,NA,"419",NA,NA,NA,"ズミ",12.6,13.5,NA,NA,NA,NA,"枯れ","枯れ","19990402","20040610","20091006",20140310,0,0,1,2,-1,1,0,0,0,0,0,0
NA,NA,"420",NA,NA,NA,"ミツバウツギ",14.5,16.7,18.5,21,NA,NA,NA,NA,"19990402","20040610","20091006",20140310,0,0,0,0,-1,1,0,0,0,0,0,0
NA,NA,"421",NA,NA,NA,"ヤマブドウ",11.3,14.1,17.8,18.1,NA,NA,NA,NA,"19990402","20040610","20091006",20140310,0,0,0,0,-1,1,0,0,0,0,0,0
NA,NA,"422",NA,NA,NA,"ミツバウツギ",33,37.4,38.5,38.2,NA,NA,NA,NA,"19990402","20040610","20091006",20140310,0,0,0,0,0,0,0,0,0,0,0,0
NA,NA,"423",NA,NA,NA,"ミツバウツギ",16.7,NA,NA,NA,NA,"枯れ","枯れ","枯れ","19990402","20040610","20091006",20140310,0,1,2,2,0,0,0,0,0,0,0,0
NA,NA,"424",NA,NA,NA,"クロツバラ",10.4,11.6,13,13.6,NA,NA,NA,NA,"19990402","20040610","20091006",20140310,0,0,0,0,-1,1,0,0,0,0,0,0
NA,NA,"425",NA,NA,NA,"クロツバラ",11.6,13.2,18.6,21.3,NA,NA,NA,NA,"19990402","20040610","20091006",20140310,0,0,0,0,-1,1,0,0,0,0,0,0
NA,NA,"426",NA,NA,NA,"ミツバウツギ",11.3,15.4,NA,NA,NA,NA,"枯れ","枯れ","19990402","20040610","20091006",20140310,0,0,1,2,-1,1,0,0,0,0,0,0
NA,NA,"427",NA,NA,NA,"マユミ",NA,NA,NA,NA,"gbh99=11.5.枯","枯れ","枯れ","枯れ","19990402","20040610","20091006",20140310,1,2,2,2,-1,-1,-1,-1,0,0,0,0
NA,NA,"428",NA,NA,NA,"マユミ",NA,NA,NA,NA,"gbh99=10.5.枯？","枯れ","枯れ","枯れ","19990402","20040610","20091006",20140310,1,2,2,2,-1,-1,-1,-1,0,0,0,0
NA,NA,"429",NA,NA,NA,"シラクチヅル",9.7,13.2,15.5,19.2,NA,NA,NA,NA,"19990402","20040610","20091006",20140310,0,0,0,0,-1,1,0,0,0,0,0,0
NA,NA,"430",NA,NA,NA,"ミツバウツギ",15.7,18.5,NA,NA,NA,"230の札が付いている","枯れ","枯れ","19990402","20040610","20091006",20140310,0,0,1,2,0,0,0,0,0,0,0,0
NA,NA,"431",NA,NA,NA,"カラマツ",96.4,95.5,NA,NA,NA,NA,"枯れ","枯れ","19990402","20040610","20091006",20140310,0,0,1,2,0,0,0,0,0,0,0,0
NA,NA,"432",NA,NA,NA,"シラクチヅル",12.3,15.1,14.2,NA,NA,NA,NA,"枯れ","19990402","20040610","20091006",20140310,0,0,0,1,-1,1,0,0,0,0,0,0
NA,NA,"433",NA,NA,NA,"シラクチヅル",11.9,15.1,13.7,NA,NA,NA,NA,"枯れ","19990402","20040610","20091006",20140310,0,0,0,1,-1,1,0,0,0,0,0,0
NA,NA,"434",NA,NA,NA,"シラクチヅル",16,19.5,19.5,NA,NA,NA,NA,"枯れ","19990402","20040610","20091006",20140310,0,0,0,1,0,0,0,0,0,0,0,0
NA,NA,"435",NA,NA,NA,"アカマツ",88,NA,NA,NA,NA,"枯れ","枯れ","枯れ","19990402","20040610","20091006",20140310,0,1,2,2,0,0,0,0,0,0,0,0
NA,NA,"436",NA,NA,NA,"ミツバウツギ",33,40.2,NA,NA,NA,NA,"枯れ","枯れ","19990402","20040610","20091006",20140310,0,0,1,2,0,0,0,0,0,0,0,0
NA,NA,"437",NA,NA,NA,"ミツバウツギ",17.3,18.2,NA,NA,NA,NA,"枯れ","枯れ","19990402","20040610","20091006",20140310,0,0,1,2,0,0,0,0,0,0,0,0
NA,NA,"438",NA,NA,NA,"ヤマブドウ",10.4,14.5,NA,NA,NA,NA,"枯れ","枯れ","19990402","20040610","20091006",20140310,0,0,1,2,-1,1,0,0,0,0,0,0
NA,NA,"439",NA,NA,NA,"ミズキ",73.5,76,83.2,93.2,NA,NA,NA,NA,"19990402","20040610","20091006",20140310,0,0,0,0,0,0,0,0,0,0,0,0
NA,NA,"440",NA,NA,NA,"ミツバウツギ",24.2,25.8,26.2,26.1,NA,NA,"半枯れ","半枯れ","19990402","20040610","20091006",20140310,0,0,0,0,0,0,0,0,0,0,0,0
NA,NA,"441",NA,NA,NA,"ミツバウツギ",24.2,26.4,27.6,29.1,NA,NA,NA,NA,"19990402","20040610","20091006",20140310,0,0,0,0,0,0,0,0,0,0,0,0
NA,NA,"442",NA,NA,NA,"カラマツ",106.2,111.8,114.5,117.2,NA,NA,NA,NA,"19990402","20040610","20091006",20140310,0,0,0,0,0,0,0,0,0,0,0,0
NA,NA,"443",NA,NA,NA,"ミツバウツギ",14.5,NA,NA,NA,NA,"枯れ","枯れ","枯れ","19990402","20040610","20091006",20140310,0,1,2,2,-1,-1,-1,-1,0,0,0,0
NA,NA,"444",NA,NA,NA,"ミツバウツギ",18.2,20.4,20.2,21.6,NA,NA,"半枯れ","半枯れ","19990402","20040610","20091006",20140310,0,0,0,0,0,0,0,0,0,0,0,0
NA,NA,"445",NA,NA,NA,"ミツバウツギ",14.5,15.7,16,16.8,NA,NA,"半枯れ","半枯れ","19990402","20040610","20091006",20140310,0,0,0,0,-1,1,0,0,0,0,0,0
NA,NA,"446",NA,NA,NA,"ミツバウツギ",11,NA,NA,NA,NA,"枯れ","枯れ","枯れ","19990402","20040610","20091006",20140310,0,1,2,2,-1,-1,-1,-1,0,0,0,0
NA,NA,"447",NA,NA,NA,"オクイボタ",29.8,30.2,NA,NA,NA,NA,"枯れ","枯れ","19990402","20040610","20091006",20140310,0,0,1,2,0,0,0,0,0,0,0,0
NA,NA,"448",NA,NA,NA,"マユミ",15.7,17.6,21.8,26,NA,NA,NA,NA,"19990402","20040610","20091006",20140310,0,0,0,0,0,0,0,0,0,0,0,0
NA,NA,"449",NA,NA,NA,"クロツバラ",11.9,13.2,16.8,NA,NA,NA,NA,"枯れ","19990402","20040610","20091006",20140310,0,0,0,1,-1,1,0,0,0,0,0,0
NA,NA,"450",NA,NA,NA,"ヤマブドウ",14.8,15.4,NA,NA,NA,NA,"枯れ","枯れ","19990402","20040610","20091006",20140310,0,0,1,2,-1,1,0,0,0,0,0,0
NA,NA,"452",NA,NA,NA,"ヤマブドウ",13.5,15.1,NA,NA,NA,NA,"枯れ","枯れ","19990402","20040610","20091006",20140310,0,0,1,2,-1,1,0,0,0,0,0,0
NA,NA,"453",NA,NA,NA,"クロツバラ",14.8,16.7,NA,NA,NA,NA,"枯れ","枯れ","19990402","20040610","20091006",20140310,0,0,1,2,-1,1,0,0,0,0,0,0
NA,NA,"454",NA,NA,NA,"カラマツ",100.5,99.9,NA,NA,NA,NA,"枯れ","枯れ","19990402","20040610","20091006",20140310,0,0,1,2,0,0,0,0,0,0,0,0
NA,NA,"455",NA,NA,NA,"ツリバナ",15.7,19.2,NA,NA,NA,NA,"枯れ","枯れ","19990402","20040610","20091006",20140310,0,0,1,2,0,0,0,0,0,0,0,0
NA,NA,"456",NA,NA,NA,"ズミ",15.7,15.4,NA,NA,NA,NA,"枯れ","枯れ","19990402","20040610","20091006",20140310,0,0,1,2,0,0,0,0,0,0,0,0
NA,NA,"457",NA,NA,NA,"ヤマグワ",60,66.9,73.6,71.2,NA,NA,NA,NA,"19990402","20040610","20091006",20140310,0,0,0,0,0,0,0,0,0,0,0,0
NA,NA,"458",NA,NA,NA,"ミズキ",50.6,56.5,64.5,70.2,NA,NA,NA,NA,"19990402","20040610","20091006",20140310,0,0,0,0,0,0,0,0,0,0,0,0
NA,NA,"459",NA,NA,NA,"ミツバウツギ",20.4,21.7,23,25.2,NA,NA,NA,NA,"19990402","20040610","20091006",20140310,0,0,0,0,0,0,0,0,0,0,0,0
NA,NA,"460",NA,NA,NA,"カラマツ",100.5,96.8,99.7,101.7,NA,NA,NA,NA,"19990402","20040610","20091006",20140310,0,0,0,0,0,0,0,0,0,0,0,0
NA,NA,"461",NA,NA,NA,"ミツバウツギ",13.5,14.8,15.1,17,NA,NA,NA,NA,"19990402","20040610","20091006",20140310,0,0,0,0,-1,1,0,0,0,0,0,0
NA,NA,"462",NA,NA,NA,"ミツバウツギ",13.2,13.5,NA,NA,NA,NA,"枯れ","枯れ","19990402","20040610","20091006",20140310,0,0,1,2,-1,1,0,0,0,0,0,0
NA,NA,"463",NA,NA,NA,"クロツバラ",21,23.9,17.1,28.7,NA,NA,NA,NA,"19990402","20040610","20091006",20140310,0,0,0,0,0,0,0,0,0,0,0,0
NA,NA,"464",NA,NA,NA,"クロツバラ",13.8,14.5,NA,NA,NA,NA,"枯れ","枯れ","19990402","20040610","20091006",20140310,0,0,1,2,-1,1,0,0,0,0,0,0
NA,NA,"465",NA,NA,NA,"カラマツ",76.3,77.9,77.8,NA,NA,NA,NA,"倒れ、枯れ","19990402","20040610","20091006",20140310,0,0,0,1,0,0,0,0,0,0,0,0
NA,NA,"466",NA,NA,NA,"ミツバウツギ",27.3,NA,NA,NA,NA,"枯れ","枯れ","枯れ","19990402","20040610","20091006",20140310,0,1,2,2,0,0,0,0,0,0,0,0
NA,NA,"467",NA,NA,NA,"ヤマブドウ",20.1,22,27.5,NA,NA,NA,NA,"倒れ、枯れ","19990402","20040610","20091006",20140310,0,0,0,1,0,0,0,0,0,0,0,0
NA,NA,"468",NA,NA,NA,"クロツバラ",18.5,19.2,20.6,NA,NA,NA,NA,"倒れ、枯れ","19990402","20040610","20091006",20140310,0,0,0,1,0,0,0,0,0,0,0,0
NA,NA,"469",NA,NA,NA,"ヤマブドウ",14.1,25.1,30.6,29.6,NA,NA,NA,"倒れ","19990402","20040610","20091006",20140310,0,0,0,0,0,1,0,0,1,0,0,0
NA,NA,"470",NA,NA,NA,"カラマツ",114.7,115.6,118,NA,NA,NA,NA,"倒れ","19990402","20040610","20091006",20140310,0,0,0,1,0,0,0,0,0,0,0,0
NA,NA,"471",NA,NA,NA,"オニグルミ",14.8,18.2,23.1,27.1,NA,NA,NA,NA,"19990402","20040610","20091006",20140310,0,0,0,0,-1,1,0,0,0,0,0,0
NA,NA,"472",NA,NA,NA,"ミツバウツギ",28.3,29.8,31.7,33.1,NA,NA,NA,NA,"19990402","20040610","20091006",20140310,0,0,0,0,0,0,0,0,0,0,0,0
NA,NA,"473",NA,NA,NA,"ミツバウツギ",17,18.5,18.1,NA,NA,NA,NA,"枯れ","19990402","20040610","20091006",20140310,0,0,0,1,0,0,0,0,0,0,0,0
NA,NA,"474",NA,NA,NA,"ミツバウツギ",27,32,33.5,33.8,NA,NA,NA,NA,"19990402","20040610","20091006",20140310,0,0,0,0,0,0,0,0,0,0,0,0
NA,NA,"475",NA,NA,NA,"ヤマグワ",24.2,NA,NA,NA,NA,"枯れ","枯れ","枯れ","19990402","20040610","20091006",20140310,0,1,2,2,0,0,0,0,0,0,0,0
NA,NA,"476",NA,NA,NA,"ヤマグワ",37.1,40.5,44.6,51.8,NA,NA,NA,"斜め","19990402","20040610","20091006",20140310,0,0,0,0,0,0,0,0,0,0,0,0
NA,NA,"477",NA,NA,NA,"オニグルミ",55.9,58.7,65.2,68.4,NA,NA,NA,NA,"19990402","20040610","20091006",20140310,0,0,0,0,0,0,0,0,0,0,0,0
NA,NA,"478",NA,NA,NA,"オニグルミ",33.6,NA,NA,NA,NA,"枯れ","枯れ","枯れ","19990402","20040610","20091006",20140310,0,1,2,2,0,0,0,0,0,0,0,0
NA,NA,"479",NA,NA,NA,"ミツバウツギ",10.4,13.5,15.3,18.1,NA,NA,NA,NA,"19990402","20040610","20091006",20140310,0,0,0,0,-1,1,0,0,0,0,0,0
NA,NA,"480",NA,NA,NA,"ミツバウツギ",16,17.3,17.4,NA,NA,NA,NA,"倒れ、枯れ","19990402","20040610","20091006",20140310,0,0,0,1,0,0,0,0,0,0,0,0
NA,NA,"481",NA,NA,NA,"ミツバウツギ",22.3,23.9,23.5,NA,NA,NA,NA,"倒れ、枯れ","19990402","20040610","20091006",20140310,0,0,0,1,0,0,0,0,0,0,0,0
NA,NA,"482",NA,NA,NA,"ミツバウツギ",28.9,31.4,33.6,44.6,NA,NA,NA,NA,"19990402","20040610","20091006",20140310,0,0,0,0,0,0,0,0,0,0,0,0
NA,NA,"483",NA,NA,NA,"ミツバウツギ",15.1,NA,NA,NA,NA,"枯れ","枯れ","枯れ","19990402","20040610","20091006",20140310,0,1,2,2,-1,-1,-1,-1,0,0,0,0
NA,NA,"484",NA,NA,NA,"オニグルミ",80.1,89.8,101.6,106.3,NA,NA,NA,"中折れ、半枯れ","19990402","20040610","20091006",20140310,0,0,0,0,0,0,0,0,0,0,0,0
NA,NA,"485",NA,NA,NA,"ミツバウツギ",10.7,15.1,16.1,20.2,NA,NA,NA,NA,"19990402","20040610","20091006",20140310,0,0,0,0,-1,1,0,0,0,0,0,0
NA,NA,"486",NA,NA,NA,"クロツバラ",14.8,16.7,18.3,19.1,NA,NA,NA,NA,"19990402","20040610","20091006",20140310,0,0,0,0,-1,1,0,0,0,0,0,0
NA,NA,"487",NA,NA,NA,"カマツカ",11.3,12.6,13.5,16.4,NA,NA,NA,NA,"19990402","20040610","20091006",20140310,0,0,0,0,-1,1,0,0,0,0,0,0
NA,NA,"488",NA,NA,NA,"カマツカ",22.9,23.2,NA,NA,NA,NA,"枯れ","枯れ","19990402","20040610","20091006",20140310,0,0,1,2,0,0,0,0,0,0,0,0
NA,NA,"489",NA,NA,NA,"カマツカ",22.9,22.9,22.6,22.7,NA,NA,NA,NA,"19990402","20040610","20091006",20140310,0,0,0,0,0,0,0,0,0,0,0,0
NA,NA,"490",NA,NA,NA,"カマツカ",22.3,22.9,22.5,22,NA,NA,NA,NA,"19990402","20040610","20091006",20140310,0,0,0,0,0,0,0,0,0,0,0,0
NA,NA,"491",NA,NA,NA,"カマツカ",23.6,24.5,23.5,NA,NA,NA,NA,"枯れ","19990402","20040610","20091006",20140310,0,0,0,1,0,0,0,0,0,0,0,0
NA,NA,"492",NA,NA,NA,"カマツカ",13.2,14.5,16.2,19.1,NA,NA,NA,NA,"19990402","20040610","20091006",20140310,0,0,0,0,-1,1,0,0,0,0,0,0
NA,NA,"493",NA,NA,NA,"ミツバウツギ",11.9,12.9,NA,NA,NA,NA,"枯れ","枯れ","19990402","20040610","20091006",20140310,0,0,1,2,-1,1,0,0,0,0,0,0
NA,NA,"494",NA,NA,NA,"ミツバウツギ",24.5,26.7,28.5,28.5,NA,NA,NA,NA,"19990402","20040610","20091006",20140310,0,0,0,0,0,0,0,0,0,0,0,0
NA,NA,"495",NA,NA,NA,"クマヤナギ",9.4,13.2,21.5,28.2,NA,NA,NA,NA,"19990402","20040610","20091006",20140310,0,0,0,0,-1,1,0,0,0,0,0,0
NA,NA,"496",NA,NA,NA,"ミツバウツギ",12.6,12.9,NA,NA,NA,NA,"枯れ","枯れ","19990402","20040610","20091006",20140310,0,0,1,2,-1,1,0,0,0,0,0,0
NA,NA,"497",NA,NA,NA,"ミツバウツギ",12.9,13.2,NA,NA,NA,NA,"枯れ","枯れ","19990402","20040610","20091006",20140310,0,0,1,2,-1,1,0,0,0,0,0,0
NA,NA,"498",NA,NA,NA,"ミツバウツギ",17,19.5,20.6,26.3,NA,NA,NA,NA,"19990402","20040610","20091006",20140310,0,0,0,0,0,0,0,0,0,0,0,0
NA,NA,"499",NA,NA,NA,"カラマツ",113.1,118.4,118.3,118,NA,NA,NA,NA,"19990402","20040610","20091006",20140310,0,0,0,0,0,0,0,0,0,0,0,0
NA,NA,"500",NA,NA,NA,"ミツバウツギ",20.4,22.9,23.8,21.8,NA,NA,NA,NA,"19990402","20040610","20091006",20140310,0,0,0,0,0,0,0,0,0,0,0,0
NA,NA,"501",NA,NA,NA,"ミツバウツギ",11,12.6,13.9,16,NA,NA,NA,NA,"19990402","20040610","20091006",20140310,0,0,0,0,-1,1,0,0,0,0,0,0
NA,NA,"502",NA,NA,NA,"ミツバウツギ",11.9,13.5,14.3,15.6,NA,NA,NA,NA,"19990402","20040610","20091006",20140310,0,0,0,0,-1,1,0,0,0,0,0,0
NA,NA,"503",NA,NA,NA,"ミヤマザクラ",103.7,104.9,NA,NA,"枯れ","生きています","枯れ","枯れ","19990402","20040610","20091006",20140310,0,0,1,2,0,0,0,0,0,0,0,0
NA,NA,"504",NA,NA,NA,"ミツバウツギ",11.6,14.1,16.2,16.8,NA,NA,NA,NA,"19990402","20040610","20091006",20140310,0,0,0,0,-1,1,0,0,0,0,0,0
NA,NA,"505",NA,NA,NA,"ミツバウツギ",12.9,15.7,17.6,17,NA,NA,NA,NA,"19990402","20040610","20091006",20140310,0,0,0,0,-1,1,0,0,0,0,0,0
NA,NA,"506",NA,NA,NA,"ミツバウツギ",9.7,11.9,13.5,14.8,NA,NA,NA,NA,"19990402","20040610","20091006",20140310,0,0,0,0,-1,1,0,0,0,0,0,0
NA,NA,"507",NA,NA,NA,"ミズキ",47.8,51.5,57.8,64.5,NA,NA,NA,NA,"19990402","20040610","20091006",20140310,0,0,0,0,0,0,0,0,0,0,0,0
NA,NA,"508",NA,NA,NA,"ミツバウツギ",17.9,22,24.6,14,NA,NA,NA,NA,"19990402","20040610","20091006",20140310,0,0,0,0,0,0,0,0,0,0,0,0
NA,NA,"509",NA,NA,NA,"ミツバウツギ",13.2,15.1,14.3,27.2,NA,NA,NA,NA,"19990402","20040610","20091006",20140310,0,0,0,0,-1,1,0,0,0,0,0,0
NA,NA,"510",NA,NA,NA,"ミツバウツギ",11.9,13.2,12.7,13.2,NA,NA,NA,NA,"19990402","20040610","20091006",20140310,0,0,0,0,-1,1,0,0,0,0,0,0
NA,NA,"511",NA,NA,NA,"ミツバウツギ",18.8,22,21.5,20.4,NA,NA,NA,NA,"19990402","20040610","20091006",20140310,0,0,0,0,0,0,0,0,0,0,0,0
NA,NA,"512",NA,NA,NA,"ミツバウツギ",33.6,38,38.5,41.7,NA,NA,NA,NA,"19990402","20040610","20091006",20140310,0,0,0,0,0,0,0,0,0,0,0,0
NA,NA,"513",NA,NA,NA,"ミツバウツギ",20.7,22.3,NA,NA,NA,"中折れ","枯れ","中折れ","19990402","20040610","20091006",20140310,0,0,1,2,0,0,0,0,0,0,0,0
NA,NA,"514",NA,NA,NA,"ミツバウツギ",18.8,NA,NA,NA,NA,"枯れ","枯れ","枯れ","19990402","20040610","20091006",20140310,0,1,2,2,0,0,0,0,0,0,0,0
NA,NA,"515",NA,NA,NA,"ミツバウツギ",14.5,14.1,NA,NA,NA,NA,"枯れ","枯れ","19990402","20040610","20091006",20140310,0,0,1,2,-1,1,0,0,0,0,0,0
NA,NA,"516",NA,NA,NA,"ミツバウツギ",15.4,17.3,23,18.6,NA,NA,NA,"倒れ","19990402","20040610","20091006",20140310,0,0,0,0,-1,1,0,0,0,0,0,0
NA,NA,"517",NA,NA,NA,"オニグルミ",24.5,29.5,31.5,NA,"　",NA,NA,"折れ、枯れ","19990402","20040610","20091006",20140310,0,0,0,1,0,0,0,0,0,0,0,0
NA,NA,"518",NA,NA,NA,"ミツバウツギ",11.3,12.6,11.5,NA,NA,NA,NA,"倒れ、枯れ","19990402","20040610","20091006",20140310,0,0,0,1,-1,1,0,0,0,0,0,0
NA,NA,"519",NA,NA,NA,"ミツバウツギ",17.3,19.8,21.6,22.6,NA,NA,NA,"倒れ","19990402","20040610","20091006",20140310,0,0,0,0,0,0,0,0,0,0,0,0
NA,NA,"520",NA,NA,NA,"クロツバラ",10.7,11.9,10.9,NA,NA,NA,NA,"曲がり、枯れ","19990402","20040610","20091006",20140310,0,0,0,1,-1,1,0,0,0,0,0,0
NA,NA,"521",NA,NA,NA,"フジザクラ",38,38.3,38.4,38.4,"枯","生きてた",NA,"斜め","19990402","20040610","20091006",20140310,0,0,0,0,0,0,0,0,0,0,0,0
NA,NA,"522",NA,NA,NA,"カラマツ",79.8,81.1,84.4,85.6,NA,NA,NA,"蔓込み","19990402","20040610","20091006",20140310,0,0,0,0,0,0,0,0,0,0,0,0
NA,NA,"523",NA,NA,NA,"シナノキ",22.6,26.1,35.8,42.2,NA,NA,NA,NA,"19990402","20040610","20091006",20140310,0,0,0,0,0,0,0,0,0,0,0,0
NA,NA,"524",NA,NA,NA,"シナノキ",11.9,16.7,22,28.1,NA,NA,NA,"523と同株","19990402","20040610","20091006",20140310,0,0,0,0,-1,1,0,0,0,0,0,0
NA,NA,"525",NA,NA,NA,"カラマツ",112.5,115.9,119.1,119.5,NA,NA,NA,NA,"19990402","20040610","20091006",20140310,0,0,0,0,0,0,0,0,0,0,0,0
NA,NA,"526",NA,NA,NA,"カマツカ",11.3,11.9,11.5,NA,NA,NA,NA,"枯れ","19990402","20040610","20091006",20140310,0,0,0,1,-1,1,0,0,0,0,0,0
NA,NA,"527",NA,NA,NA,"カマツカ",24.5,24.8,NA,NA,NA,NA,"枯れ","枯れ","19990402","20040610","20091006",20140310,0,0,1,2,0,0,0,0,0,0,0,0
NA,NA,"528",NA,NA,NA,"ミツバウツギ",17.3,18.5,19,18.7,NA,NA,NA,"折れ、ほぼ枯れ","19990402","20040610","20091006",20140310,0,0,0,0,0,0,0,0,0,0,0,0
NA,NA,"529",NA,NA,NA,"ミツバウツギ",11,14.1,17.2,19,NA,NA,NA,NA,"19990402","20040610","20091006",20140310,0,0,0,0,-1,1,0,0,0,0,0,0
NA,NA,"530",NA,NA,NA,"ミツバウツギ",10.1,11.6,10.9,10.9,NA,NA,NA,"529と同株","19990402","20040610","20091006",20140310,0,0,0,0,-1,1,0,0,0,0,0,0
NA,NA,"531",NA,NA,NA,"ミツバウツギ",11,12.3,11.8,NA,NA,NA,NA,"枯れ、529と同株","19990402","20040610","20091006",20140310,0,0,0,1,-1,1,0,0,0,0,0,0
NA,NA,"532",NA,NA,NA,"ミツバウツギ",12.6,15.1,16.4,15.7,NA,NA,NA,"529と同株","19990402","20040610","20091006",20140310,0,0,0,0,-1,1,0,0,0,0,0,0
NA,NA,"533",NA,NA,NA,"ミズキ",25.1,27,NA,NA,NA,NA,"枯れ","枯れ","19990402","20040610","20091006",20140310,0,0,1,2,0,0,0,0,0,0,0,0
NA,NA,"534",NA,NA,NA,"ミツバウツギ",13.5,13.8,14.1,14.5,NA,NA,NA,"529と同株","19990402","20040610","20091006",20140310,0,0,0,0,-1,1,0,0,0,0,0,0
NA,NA,"535",NA,NA,NA,"イヌザクラ",49.6,54.7,63,68.1,NA,NA,NA,NA,"19990402","20040610","20091006",20140310,0,0,0,0,0,0,0,0,0,0,0,0
NA,NA,"536",NA,NA,NA,"カラマツ",79.2,79.5,78.6,NA,NA,NA,NA,"枯れ","19990402","20040610","20091006",20140310,0,0,0,1,0,0,0,0,0,0,0,0
NA,NA,"537",NA,NA,NA,"シラクチヅル",12.6,22,23.7,24,NA,"538と絡んでいるので合わせて測る",NA,"538と絡んでいるので合わせて測る","19990402","20040610","20091006",20140310,0,0,0,0,-1,-1,1,0,0,2,0,0
NA,NA,"538",NA,NA,NA,"シラクチヅル",10.7,NA,NA,NA,NA,"537と絡んでいるので合わせて測る",NA,"537と絡んでいるので合わせて測る","19990402","20040610","20091006",20140310,0,1,2,2,-1,-1,-1,-1,0,0,0,0
NA,NA,"539",NA,NA,NA,"カマツカ",25.1,26.1,25.2,NA,NA,NA,NA,"枯れ","19990402","20040610","20091006",20140310,0,0,0,1,0,0,0,0,0,0,0,0
NA,NA,"540",NA,NA,NA,"カマツカ",11.9,12.6,11.8,11.7,NA,NA,NA,"曲がり","19990402","20040610","20091006",20140310,0,0,0,0,-1,1,0,0,0,0,0,0
NA,NA,"541",NA,NA,NA,"カマツカ",16,17,16.6,16.1,NA,NA,NA,"曲がり","19990402","20040610","20091006",20140310,0,0,0,0,0,0,0,0,0,0,0,0
NA,NA,"542",NA,NA,NA,"カマツカ",25.8,26.7,25.7,NA,NA,NA,NA,"枯れ","19990402","20040610","20091006",20140310,0,0,0,1,0,0,0,0,0,0,0,0
NA,NA,"543",NA,NA,NA,"ヤマブドウ",13.2,16.7,21.5,NA,NA,NA,NA,"枯れ","19990402","20040610","20091006",20140310,0,0,0,1,-1,1,0,0,0,0,0,0
NA,NA,"544",NA,NA,NA,"カマツカ",22.6,22.6,22.2,NA,NA,NA,NA,"枯れ","19990402","20040610","20091006",20140310,0,0,0,1,0,0,0,0,0,0,0,0
NA,NA,"545",NA,NA,NA,"カラマツ",100.5,103.7,104.5,NA,NA,NA,NA,"枯れ","19990402","20040610","20091006",20140310,0,0,0,1,0,0,0,0,0,0,0,0
NA,NA,"546",NA,NA,NA,"ミツバウツギ",23.6,25.8,25.6,NA,NA,NA,NA,"枯れ","19990402","20040610","20091006",20140310,0,0,0,1,0,0,0,0,0,0,0,0
NA,NA,"548",NA,NA,NA,"ニワトコ",NA,NA,NA,NA,"gbh99=7.6.枯","枯れ","枯れ","枯れ","19990402","20040610","20091006",20140310,1,2,2,2,-1,-1,-1,-1,0,0,0,0
NA,NA,"549",NA,NA,NA,"クロツバラ",15.7,16.3,NA,NA,NA,"倒れ","枯れ","倒れ、枯れ","19990402","20040610","20091006",20140310,0,0,1,2,0,0,0,0,0,0,0,0
NA,NA,"550",NA,NA,NA,"カラマツ",93.6,NA,NA,NA,NA,"枯れ","枯れ","枯れ","19990402","20040610","20091006",20140310,0,1,2,2,0,0,0,0,0,0,0,0
NA,NA,"551",NA,NA,NA,"クマヤナギ",11.9,13.8,NA,NA,NA,"倒れ","枯れ","倒れ、枯れ","19990402","20040610","20091006",20140310,0,0,1,2,-1,1,0,0,0,0,0,0
NA,NA,"552",NA,NA,NA,"クマヤナギ",10.7,13.2,NA,NA,NA,"倒れ","枯れ","倒れ、枯れ","19990402","20040610","20091006",20140310,0,0,1,2,-1,1,0,0,0,0,0,0
NA,NA,"553",NA,NA,NA,"クロツバラ",14.5,15.7,17.8,18.5,NA,NA,NA,NA,"19990402","20040610","20091006",20140310,0,0,0,0,-1,1,0,0,0,0,0,0
NA,NA,"554",NA,NA,NA,"オニグルミ",14.5,NA,NA,NA,NA,"枯れ","枯れ","枯れ","19990402","20040610","20091006",20140310,0,1,2,2,-1,-1,-1,-1,0,0,0,0
NA,NA,"555",NA,NA,NA,"ウツギ",10.4,11.6,12,12.3,NA,NA,NA,NA,"19990402","20040610","20091006",20140310,0,0,0,0,-1,1,0,0,0,0,0,0
NA,NA,"556",NA,NA,NA,"オクイボタ",11.3,13.5,17,17,NA,NA,NA,NA,"19990402","20040610","20091006",20140310,0,0,0,0,-1,1,0,0,0,0,0,0
NA,NA,"557",NA,NA,NA,"カラマツ",93.9,98.3,105.3,109,NA,NA,NA,NA,"19990402","20040610","20091006",20140310,0,0,0,0,0,0,0,0,0,0,0,0
NA,NA,"558",NA,NA,NA,"カラマツ",99,102.4,107.9,109.1,NA,NA,NA,NA,"19990402","20040610","20091006",20140310,0,0,0,0,0,0,0,0,0,0,0,0
NA,NA,"559",NA,NA,NA,"クロツバラ",10.1,11.9,12.6,13.5,NA,NA,NA,NA,"19990402","20040610","20091006",20140310,0,0,0,0,-1,1,0,0,0,0,0,0
NA,NA,"560",NA,NA,NA,"ウツギ",8.8,10.1,10.7,11.7,NA,NA,NA,NA,"19990402","20040610","20091006",20140310,0,0,0,0,-1,1,0,0,0,0,0,0
NA,NA,"561",NA,NA,NA,"クロツバラ",12.3,12.6,12.1,NA,NA,NA,NA,"枯れ","19990402","20040610","20091006",20140310,0,0,0,1,-1,1,0,0,0,0,0,0
NA,NA,"562",NA,NA,NA,"ウツギ",9.4,11.9,10.2,10,NA,NA,NA,NA,"19990402","20040610","20091006",20140310,0,0,0,0,-1,1,0,0,0,0,0,0
NA,NA,"563",NA,NA,NA,"クロツバラ",10.4,12.9,15.1,17.7,NA,NA,NA,NA,"19990402","20040610","20091006",20140310,0,0,0,0,-1,1,0,0,0,0,0,0
NA,NA,"564",NA,NA,NA,"カラマツ",108.4,110.3,112.5,112.4,NA,NA,NA,NA,"19990402","20040610","20091006",20140310,0,0,0,0,0,0,0,0,0,0,0,0
NA,NA,"565",NA,NA,NA,"ツリバナ",9.1,11.3,13.5,NA,NA,NA,NA,"枯れ","19990402","20040610","20091006",20140310,0,0,0,1,-1,1,0,0,0,0,0,0
NA,NA,"566",NA,NA,NA,"イロハモミジ",11,NA,NA,NA,NA,"枯れ","枯れ","枯れ","19990402","20040610","20091006",20140310,0,1,2,2,-1,-1,-1,-1,0,0,0,0
NA,NA,"567",NA,NA,NA,"ミツバウツギ",15.7,13.8,17,20.5,NA,NA,NA,"","19990402","20040610","20091006",20140310,0,0,0,0,0,0,0,0,0,0,0,0
NA,NA,"568",NA,NA,NA,"カラマツ",106.8,111.8,117.2,119,NA,NA,NA,"","19990402","20040610","20091006",20140310,0,0,0,0,0,0,0,0,0,0,0,0
NA,NA,"569",NA,NA,NA,"ヤマグワ",15.7,20.4,26.6,32.6,NA,NA,NA,"","19990402","20040610","20091006",20140310,0,0,0,0,0,0,0,0,0,0,0,0
NA,NA,"570",NA,NA,NA,"カラマツ",97.4,100.5,104.1,106.6,NA,NA,NA,"","19990402","20040610","20091006",20140310,0,0,0,0,0,0,0,0,0,0,0,0
NA,NA,"571",NA,NA,NA,"ウツギ",12.6,13.2,12.7,NA,NA,NA,NA,"枯れ","19990402","20040610","20091006",20140310,0,0,0,1,-1,1,0,0,0,0,0,0
NA,NA,"572",NA,NA,NA,"ウツギ",11.3,12.9,12.1,13.2,NA,NA,NA,"","19990402","20040610","20091006",20140310,0,0,0,0,-1,1,0,0,0,0,0,0
NA,NA,"573",NA,NA,NA,"ウツギ",10.1,11,11.1,12.8,NA,NA,NA,"","19990402","20040610","20091006",20140310,0,0,0,0,-1,1,0,0,0,0,0,0
NA,NA,"574",NA,NA,NA,"カラマツ",114.7,119.1,122.1,125.4,NA,NA,NA,"","19990402","20040610","20091006",20140310,0,0,0,0,0,0,0,0,0,0,0,0
NA,NA,"575",NA,NA,NA,"ヤブウツギ",15.7,16.7,15.5,NA,NA,NA,NA,"枯れ","19990402","20040610","20091006",20140310,0,0,0,1,0,0,0,0,0,0,0,0
NA,NA,"576",NA,NA,NA,"カラマツ",128.8,129.4,130,130.2,NA,NA,NA,"","19990402","20040610","20091006",20140310,0,0,0,0,0,0,0,0,0,0,0,0
NA,NA,"577",NA,NA,NA,"クマヤナギ",10.7,14.1,18.3,22,NA,NA,NA,"","19990402","20040610","20091006",20140310,0,0,0,0,-1,1,0,0,0,0,0,0
NA,NA,"579",NA,NA,NA,"フジザクラ",11.6,14.1,16,16.8,NA,NA,NA,"","19990402","20040610","20091006",20140310,0,0,0,0,-1,1,0,0,0,0,0,0
NA,NA,"580",NA,NA,NA,"ミツバウツギ",24.5,28,29.5,30.5,NA,NA,NA,"","19990402","20040610","20091006",20140310,0,0,0,0,0,0,0,0,0,0,0,0
NA,NA,"581",NA,NA,NA,"ミツバウツギ",16.7,18.2,18.3,18.4,NA,NA,NA,"","19990402","20040610","20091006",20140310,0,0,0,0,0,0,0,0,0,0,0,0
NA,NA,"583",NA,NA,NA,"カラマツ",80.7,83.6,87,90.4,NA,NA,NA,"","19990402","20040610","20091006",20140310,0,0,0,0,0,0,0,0,0,0,0,0
NA,NA,"584",NA,NA,NA,"カラマツ",126.3,132.6,140.9,146,NA,NA,NA,"蔓込み","19990402","20040610","20091006",20140310,0,0,0,0,0,0,0,0,0,0,0,0
NA,NA,"585",NA,NA,NA,"オクイボタ",18.8,19.5,19.2,NA,NA,NA,NA,"枯れ","19990402","20040610","20091006",20140310,0,0,0,1,0,0,0,0,0,0,0,0
NA,NA,"586",NA,NA,NA,"ミツバウツギ",20.4,22.3,NA,NA,NA,NA,"枯れ","枯れ","19990402","20040610","20091006",20140310,0,0,1,2,0,0,0,0,0,0,0,0
NA,NA,"587",NA,NA,NA,"ミツバウツギ",15.7,NA,NA,NA,NA,"枯れ","枯れ","枯れ","19990402","20040610","20091006",20140310,0,1,2,2,0,0,0,0,0,0,0,0
NA,NA,"588",NA,NA,NA,"ミズキ",20.4,24.2,27.6,31.9,NA,NA,NA,NA,"19990402","20040610","20091006",20140310,0,0,0,0,0,0,0,0,0,0,0,0
NA,NA,"589",NA,NA,NA,"カラマツ",98,104.6,112,115.7,NA,NA,"ツル込み","ツル込み","19990402","20040610","20091006",20140310,0,0,0,0,0,0,0,0,0,0,0,0
NA,NA,"590",NA,NA,NA,"ミツバウツギ",15.7,17.9,18.1,18.9,NA,NA,NA,"591と同株","19990402","20040610","20091006",20140310,0,0,0,0,0,0,0,0,0,0,0,0
NA,NA,"591",NA,NA,NA,"ミツバウツギ",22.3,25.4,27.8,30.2,NA,NA,NA,NA,"19990402","20040610","20091006",20140310,0,0,0,0,0,0,0,0,0,0,0,0
NA,NA,"592",NA,NA,NA,"ミツバウツギ",17,20.4,22.2,23.4,NA,NA,NA,NA,"19990402","20040610","20091006",20140310,0,0,0,0,0,0,0,0,0,0,0,0
NA,NA,"593",NA,NA,NA,"ミツバウツギ",11.6,12.9,12.9,14.1,NA,NA,NA,"592と同株","19990402","20040610","20091006",20140310,0,0,0,0,-1,1,0,0,0,0,0,0
NA,NA,"594",NA,NA,NA,"ミツバウツギ",14.5,16,15.9,NA,NA,NA,NA,"枯れ","19990402","20040610","20091006",20140310,0,0,0,1,-1,1,0,0,0,0,0,0
NA,NA,"595",NA,NA,NA,"フジザクラ",NA,NA,NA,NA,"gbh99=5.枯","枯れ",NA,"枯れ","19990402","20040610","20091006",20140310,1,2,2,2,-1,-1,-1,-1,0,0,0,0
NA,NA,"596",NA,NA,NA,"カラマツ",104.9,106.2,103.5,NA,NA,NA,NA,"枯れ","19990402","20040610","20091006",20140310,0,0,0,1,0,0,0,0,0,0,0,0
NA,NA,"598",NA,NA,NA,"クマヤナギ",18.8,21.7,26.3,27.2,NA,NA,NA,NA,"19990402","20040610","20091006",20140310,0,0,0,0,0,0,0,0,0,0,0,0
NA,NA,"599",NA,NA,NA,"ミツバウツギ",15.1,17.9,18.7,21,NA,NA,NA,NA,"19990402","20040610","20091006",20140310,0,0,0,0,-1,1,0,0,0,0,0,0
NA,NA,"600",NA,NA,NA,"ミツバウツギ",12.9,14.5,14.1,14.9,NA,NA,NA,NA,"19990402","20040610","20091006",20140310,0,0,0,0,-1,1,0,0,0,0,0,0
NA,NA,"601",NA,NA,NA,"ミツバウツギ",9.7,10.1,9.9,NA,NA,NA,NA,"枯れ","19990402","20040610","20091006",20140310,0,0,0,1,-1,1,0,0,0,0,0,0
NA,NA,"602",NA,NA,NA,"ガマズミ",10.1,12.3,13.2,15.2,NA,NA,NA,NA,"19990402","20040610","20091006",20140310,0,0,0,0,-1,1,0,0,0,0,0,0
NA,NA,"603",NA,NA,NA,"ミツバウツギ",9.4,10.7,10.6,11,NA,NA,"クロツバラ","クロツバラ","19990402","20040610","20091006",20140310,0,0,0,0,-1,1,0,0,0,0,0,0
NA,NA,"604",NA,NA,NA,"ミズキ",26.1,32,39.5,46.5,NA,NA,NA,NA,"19990402","20040610","20091006",20140310,0,0,0,0,0,0,0,0,0,0,0,0
NA,NA,"605",NA,NA,NA,"クロツバラ",15.4,15.1,16.1,17.2,NA,NA,NA,NA,"19990402","20040610","20091006",20140310,0,0,0,0,-1,1,0,0,0,0,0,0
NA,NA,"606",NA,NA,NA,"クロツバラ",20.1,22,23.5,23.3,NA,NA,NA,NA,"19990402","20040610","20091006",20140310,0,0,0,0,0,0,0,0,0,0,0,0
NA,NA,"607",NA,NA,NA,"マユミ",11.6,13.8,14.6,17,NA,NA,NA,NA,"19990402","20040610","20091006",20140310,0,0,0,0,-1,1,0,0,0,0,0,0
NA,NA,"608",NA,NA,NA,"ミツバウツギ",10.7,11.6,12,11.9,NA,NA,NA,"609（969）と同株","19990402","20040610","20091006",20140310,0,0,0,0,-1,1,0,0,0,0,0,0
NA,NA,"611",NA,NA,NA,"ミツバウツギ",15.4,16.3,16.2,16.1,NA,NA,NA,"612と同株","19990402","20040610","20091006",20140310,0,0,0,0,-1,1,0,0,0,0,0,0
NA,NA,"612",NA,NA,NA,"ミツバウツギ",12.6,17.6,21.2,22.2,NA,NA,NA,NA,"19990402","20040610","20091006",20140310,0,0,0,0,-1,1,0,0,0,0,0,0
NA,NA,"613",NA,NA,NA,"ミツバウツギ",15.7,17.3,18,18.3,NA,NA,NA,"612と同株","19990402","20040610","20091006",20140310,0,0,0,0,0,0,0,0,0,0,0,0
NA,NA,"614",NA,NA,NA,"ミツバウツギ",12.6,14.5,15.6,16,NA,NA,NA,NA,"19990402","20040610","20091006",20140310,0,0,0,0,-1,1,0,0,0,0,0,0
NA,NA,"615",NA,NA,NA,"カラマツ",101.5,105.2,110.1,113.5,NA,NA,NA,NA,"19990402","20040610","20091006",20140310,0,0,0,0,0,0,0,0,0,0,0,0
NA,NA,"616",NA,NA,NA,"ミズナラ",80.1,83.3,89.1,91.6,NA,NA,NA,NA,"19990402","20040610","20091006",20140310,0,0,0,0,0,0,0,0,0,0,0,0
NA,NA,"617",NA,NA,NA,"ミツバウツギ",12.9,13.8,NA,NA,NA,NA,"枯れ","枯れ","19990402","20040610","20091006",20140310,0,0,1,2,-1,1,0,0,0,0,0,0
NA,NA,"618",NA,NA,NA,"ヤマグワ",18.2,19.5,20.6,22.8,NA,NA,NA,NA,"19990402","20040610","20091006",20140310,0,0,0,0,0,0,0,0,0,0,0,0
NA,NA,"619",NA,NA,NA,"ヤマグワ",15.7,17.6,19.4,21.1,NA,NA,NA,NA,"19990402","20040610","20091006",20140310,0,0,0,0,0,0,0,0,0,0,0,0
NA,NA,"620",NA,NA,NA,"カラマツ",97.4,100.8,104,106.7,NA,NA,NA,NA,"19990402","20040610","20091006",20140310,0,0,0,0,0,0,0,0,0,0,0,0
NA,NA,"621",NA,NA,NA,"オオモミジ",14.5,17.3,19,23.9,NA,NA,NA,NA,"19990402","20040610","20091006",20140310,0,0,0,0,-1,1,0,0,0,0,0,0
NA,NA,"622",NA,NA,NA,"ミツバウツギ",20.4,21.7,22.4,22.9,NA,NA,NA,NA,"19990402","20040610","20091006",20140310,0,0,0,0,0,0,0,0,0,0,0,0
NA,NA,"623",NA,NA,NA,"ミツバウツギ",14.8,15.7,15.3,16.6,NA,NA,NA,"622と同株","19990402","20040610","20091006",20140310,0,0,0,0,-1,1,0,0,0,0,0,0
NA,NA,"624",NA,NA,NA,"カラマツ",109.3,113.7,98.4,121.4,NA,NA,NA,NA,"19990402","20040610","20091006",20140310,0,0,0,0,0,0,0,0,0,0,0,0
NA,NA,"625",NA,NA,NA,"ミツバウツギ",12.6,14.1,15.5,17.4,NA,NA,NA,NA,"19990402","20040610","20091006",20140310,0,0,0,0,-1,1,0,0,0,0,0,0
NA,NA,"626",NA,NA,NA,"ミツバウツギ",13.2,13.8,14.2,14,NA,NA,NA,NA,"19990402","20040610","20091006",20140310,0,0,0,0,-1,1,0,0,0,0,0,0
NA,NA,"627",NA,NA,NA,"ミツバウツギ",15.7,17.3,18.2,17.9,NA,NA,NA,NA,"19990402","20040610","20091006",20140310,0,0,0,0,0,0,0,0,0,0,0,0
NA,NA,"628",NA,NA,NA,"ミツバウツギ",13.2,14.1,13.5,NA,NA,NA,NA,NA,"19990402","20040610","20091006",20140310,0,0,0,1,-1,1,0,0,0,0,0,0
NA,NA,"629",NA,NA,NA,"ミツバウツギ",13.5,14.5,14.5,16.1,NA,NA,NA,NA,"19990402","20040610","20091006",20140310,0,0,0,0,-1,1,0,0,0,0,0,0
NA,NA,"630",NA,NA,NA,"ミツバウツギ",22,23.6,24.6,26.3,NA,NA,NA,NA,"19990402","20040610","20091006",20140310,0,0,0,0,0,0,0,0,0,0,0,0
NA,NA,"631",NA,NA,NA,"ミツバウツギ",15.1,17,18.7,21.1,NA,NA,NA,NA,"19990402","20040610","20091006",20140310,0,0,0,0,-1,1,0,0,0,0,0,0
NA,NA,"632",NA,NA,NA,"ズミ",78.5,77.9,79.3,79.2,NA,NA,NA,NA,"19990402","20040610","20091006",20140310,0,0,0,0,0,0,0,0,0,0,0,0
NA,NA,"633",NA,NA,NA,"ミツバウツギ",12.6,15.1,17.2,20.2,NA,NA,NA,"692と同株","19990402","20040610","20091006",20140310,0,0,0,0,-1,1,0,0,0,0,0,0
NA,NA,"634",NA,NA,NA,"オニグルミ",63.8,72.9,83.4,89.2,NA,NA,NA,NA,"19990402","20040610","20091006",20140310,0,0,0,0,0,0,0,0,0,0,0,0
NA,NA,"635",NA,NA,NA,"ミツバウツギ",16.7,18.2,18.9,20.1,NA,NA,NA,NA,"19990402","20040610","20091006",20140310,0,0,0,0,0,0,0,0,0,0,0,0
NA,NA,"636",NA,NA,NA,"ミツバウツギ",NA,NA,NA,NA,"gbh99=4.3.枯","枯れ","枯れ","枯れ","19990402","20040610","20091006",20140310,1,2,2,2,-1,-1,-1,-1,0,0,0,0
NA,NA,"637",NA,NA,NA,"ミツバウツギ",17.9,19.5,20.5,20.9,NA,NA,NA,NA,"19990402","20040610","20091006",20140310,0,0,0,0,0,0,0,0,0,0,0,0
NA,NA,"638",NA,NA,NA,"ミツバウツギ",17.9,18.5,NA,NA,NA,NA,"枯れ","枯れ","19990402","20040610","20091006",20140310,0,0,1,2,0,0,0,0,0,0,0,0
NA,NA,"639",NA,NA,NA,"ミツバウツギ",15.1,17.3,20,21.9,NA,NA,NA,NA,"19990402","20040610","20091006",20140310,0,0,0,0,-1,1,0,0,0,0,0,0
NA,NA,"640",NA,NA,NA,"ミツバウツギ",17.6,18.2,18.5,19.3,NA,NA,NA,NA,"19990402","20040610","20091006",20140310,0,0,0,0,0,0,0,0,0,0,0,0
NA,NA,"641",NA,NA,NA,"ミツバウツギ",13.5,NA,NA,NA,NA,"枯れ","枯れ","枯れ","19990402","20040610","20091006",20140310,0,1,2,2,-1,-1,-1,-1,0,0,0,0
NA,NA,"642",NA,NA,NA,"カラマツ",76.3,80.1,84,87.1,NA,NA,NA,NA,"19990402","20040610","20091006",20140310,0,0,0,0,0,0,0,0,0,0,0,0
NA,NA,"644",NA,NA,NA,"ミツバウツギ",11,13.8,13.9,NA,NA,NA,NA,"枯れ","19990402","20040610","20091006",20140310,0,0,0,1,-1,1,0,0,0,0,0,0
NA,NA,"645",NA,NA,NA,"イヌシデ",101.5,104.9,109,112.1,NA,NA,NA,NA,"19990402","20040610","20091006",20140310,0,0,0,0,0,0,0,0,0,0,0,0
NA,NA,"646",NA,NA,NA,"ミツバウツギ",15.7,17.6,18.4,19.4,NA,NA,NA,NA,"19990402","20040610","20091006",20140310,0,0,0,0,0,0,0,0,0,0,0,0
NA,NA,"647",NA,NA,NA,"カラマツ",91.1,94.2,98.1,100.6,NA,NA,NA,NA,"19990402","20040610","20091006",20140310,0,0,0,0,0,0,0,0,0,0,0,0
NA,NA,"648",NA,NA,NA,"カマツカ",18.8,19.5,NA,NA,NA,NA,"枯れ","枯れ、649と同株","19990402","20040610","20091006",20140310,0,0,1,2,0,0,0,0,0,0,0,0
NA,NA,"649",NA,NA,NA,"カマツカ",19.2,19.8,19.3,19,NA,NA,NA,NA,"19990402","20040610","20091006",20140310,0,0,0,0,0,0,0,0,0,0,0,0
NA,NA,"650",NA,NA,NA,"カマツカ",15.4,15.1,14.2,14.5,NA,NA,NA,"649と同株","19990402","20040610","20091006",20140310,0,0,0,0,-1,1,0,0,0,0,0,0
NA,NA,"651",NA,NA,NA,"カラマツ",138.2,144.8,152.5,158.4,NA,NA,NA,NA,"19990402","20040610","20091006",20140310,0,0,0,0,0,0,0,0,0,0,0,0
NA,NA,"652",NA,NA,NA,"ミツバウツギ",15.7,16.3,NA,NA,NA,NA,"枯れ","枯れ","19990402","20040610","20091006",20140310,0,0,1,2,0,0,0,0,0,0,0,0
NA,NA,"653",NA,NA,NA,"ミツバウツギ",16,17,NA,NA,NA,NA,"枯れ","枯れ","19990402","20040610","20091006",20140310,0,0,1,2,0,0,0,0,0,0,0,0
NA,NA,"654",NA,NA,NA,"ミツバウツギ",16.3,17.3,17.8,19.2,NA,NA,NA,NA,"19990402","20040610","20091006",20140310,0,0,0,0,0,0,0,0,0,0,0,0
NA,NA,"655",NA,NA,NA,"ミツバウツギ",24.2,27.3,29.4,31.6,NA,NA,NA,NA,"19990402","20040610","20091006",20140310,0,0,0,0,0,0,0,0,0,0,0,0
NA,NA,"656",NA,NA,NA,"ミツバウツギ",15.4,16.3,16.2,16.8,NA,NA,NA,NA,"19990402","20040610","20091006",20140310,0,0,0,0,-1,1,0,0,0,0,0,0
NA,NA,"657",NA,NA,NA,"カラマツ",NA,NA,NA,NA,"gbh99=19.1.枯","枯れ","枯れ","枯れ","19990402","20040610","20091006",20140310,1,2,2,2,-1,-1,-1,-1,0,0,0,0
NA,NA,"658",NA,NA,NA,"ミツバウツギ",17.6,19.8,NA,NA,NA,NA,"枯れ","枯れ","19990402","20040610","20091006",20140310,0,0,1,2,0,0,0,0,0,0,0,0
NA,NA,"659",NA,NA,NA,"ミツバウツギ",19.2,21.4,NA,NA,NA,NA,"枯れ","枯れ","19990402","20040610","20091006",20140310,0,0,1,2,0,0,0,0,0,0,0,0
NA,NA,"660",NA,NA,NA,"ミツバウツギ",22.6,27.6,NA,NA,NA,NA,"枯れ","枯れ","19990402","20040610","20091006",20140310,0,0,1,2,0,0,0,0,0,0,0,0
NA,NA,"661",NA,NA,NA,"ミズキ",118.4,120.6,123.3,125,NA,NA,"ツル込み","ツル込み","19990402","20040610","20091006",20140310,0,0,0,0,0,0,0,0,0,0,0,0
NA,NA,"662",NA,NA,NA,"ミツバウツギ",18.2,18.2,18.2,18.3,NA,NA,NA,NA,"19990402","20040610","20091006",20140310,0,0,0,0,0,0,0,0,0,0,0,0
NA,NA,"663",NA,NA,NA,"ミツバウツギ",13.5,13.5,NA,NA,NA,NA,"枯れ","枯れ、662と同株","19990402","20040610","20091006",20140310,0,0,1,2,-1,1,0,0,0,0,0,0
NA,NA,"664",NA,NA,NA,"ミツバウツギ",22,24.5,26.7,27.6,NA,NA,NA,NA,"19990402","20040610","20091006",20140310,0,0,0,0,0,0,0,0,0,0,0,0
NA,NA,"665",NA,NA,NA,"ミツバウツギ",11,NA,NA,NA,NA,"枯れ","枯れ","枯れ","19990402","20040610","20091006",20140310,0,1,2,2,-1,-1,-1,-1,0,0,0,0
NA,NA,"666",NA,NA,NA,"カラマツ",91.1,92.4,93.3,94.6,NA,NA,NA,NA,"19990402","20040610","20091006",20140310,0,0,0,0,0,0,0,0,0,0,0,0
NA,NA,"667",NA,NA,NA,"ミツバウツギ",12.3,12.3,13,NA,NA,NA,"半枯れ","半枯れ","19990402","20040610","20091006",20140310,0,0,0,1,-1,1,0,0,0,0,0,0
NA,NA,"668",NA,NA,NA,"ミツバウツギ",12.6,12.6,12.4,12.6,NA,NA,NA,NA,"19990402","20040610","20091006",20140310,0,0,0,0,-1,1,0,0,0,0,0,0
NA,NA,"669",NA,NA,NA,"フジザクラ",34.6,35.2,NA,NA,NA,NA,"枯れ","枯れ","19990402","20040610","20091006",20140310,0,0,1,2,0,0,0,0,0,0,0,0
NA,NA,"670",NA,NA,NA,"フジザクラ",28.6,29.5,NA,NA,NA,NA,"枯れ","枯れ","19990402","20040610","20091006",20140310,0,0,1,2,0,0,0,0,0,0,0,0
NA,NA,"671",NA,NA,NA,"ミツバウツギ",17.6,18.8,18.5,NA,NA,NA,NA,"枯れ","19990402","20040610","20091006",20140310,0,0,0,1,0,0,0,0,0,0,0,0
NA,NA,"672",NA,NA,NA,"カラマツ",107.4,110.3,113.9,117.5,NA,NA,NA,NA,"19990402","20040610","20091006",20140310,0,0,0,0,0,0,0,0,0,0,0,0
NA,NA,"673",NA,NA,NA,"ミツバウツギ",10.7,11.6,12,13,NA,NA,NA,NA,"19990402","20040610","20091006",20140310,0,0,0,0,-1,1,0,0,0,0,0,0
NA,NA,"674",NA,NA,NA,"ミツバウツギ",15.1,15.7,15.8,NA,NA,NA,NA,"枯れ","19990402","20040610","20091006",20140310,0,0,0,1,-1,1,0,0,0,0,0,0
NA,NA,"675",NA,NA,NA,"ミツバウツギ",13.2,NA,NA,NA,NA,"枯れ","枯れ","枯れ","19990402","20040610","20091006",20140310,0,1,2,2,-1,-1,-1,-1,0,0,0,0
NA,NA,"676",NA,NA,NA,"ミツバウツギ",12.9,13.8,13.5,14.3,NA,NA,NA,NA,"19990402","20040610","20091006",20140310,0,0,0,0,-1,1,0,0,0,0,0,0
NA,NA,"677",NA,NA,NA,"ヤマグワ",35.5,38,41.3,45.6,NA,NA,NA,NA,"19990402","20040610","20091006",20140310,0,0,0,0,0,0,0,0,0,0,0,0
NA,NA,"678",NA,NA,NA,"カラマツ",130.4,137,146.2,150.4,NA,NA,NA,NA,"19990402","20040610","20091006",20140310,0,0,0,0,0,0,0,0,0,0,0,0
NA,NA,"679",NA,NA,NA,"ミツバウツギ",11.9,NA,NA,NA,NA,"枯れ","枯れ","枯れ","19990402","20040610","20091006",20140310,0,1,2,2,-1,-1,-1,-1,0,0,0,0
NA,NA,"680",NA,NA,NA,"ミツバウツギ",29.2,32,33,33.2,NA,NA,NA,NA,"19990402","20040610","20091006",20140310,0,0,0,0,0,0,0,0,0,0,0,0
NA,NA,"681",NA,NA,NA,"ミツバウツギ",22.9,25.8,27.8,30.1,NA,NA,NA,NA,"19990402","20040610","20091006",20140310,0,0,0,0,0,0,0,0,0,0,0,0
NA,NA,"682",NA,NA,NA,"ミツバウツギ",19.5,20.4,20.2,NA,NA,NA,NA,"枯れ","19990402","20040610","20091006",20140310,0,0,0,1,0,0,0,0,0,0,0,0
NA,NA,"683",NA,NA,NA,"カラマツ",80.1,84.2,87.7,91.5,NA,NA,NA,NA,"19990402","20040610","20091006",20140310,0,0,0,0,0,0,0,0,0,0,0,0
NA,NA,"684",NA,NA,NA,"ミツバウツギ",11.6,12.6,12.2,NA,NA,NA,NA,"枯れ","19990402","20040610","20091006",20140310,0,0,0,1,-1,1,0,0,0,0,0,0
NA,NA,"685",NA,NA,NA,"ミツバウツギ",12.3,12.9,NA,NA,NA,NA,"枯れ","枯れ","19990402","20040610","20091006",20140310,0,0,1,2,-1,1,0,0,0,0,0,0
NA,NA,"686",NA,NA,NA,"ミツバウツギ",16.3,17.3,17.7,19.2,NA,NA,NA,NA,"19990402","20040610","20091006",20140310,0,0,0,0,0,0,0,0,0,0,0,0
NA,NA,"687",NA,NA,NA,"カラマツ",89.5,93.6,97.8,102.6,NA,NA,NA,NA,"19990402","20040610","20091006",20140310,0,0,0,0,0,0,0,0,0,0,0,0
NA,NA,"688",NA,NA,NA,"フジザクラ",NA,NA,NA,NA,"gbh99=12.2.枯","枯れ","枯れ","枯れ","19990402","20040610","20091006",20140310,1,2,2,2,-1,-1,-1,-1,0,0,0,0
NA,NA,"689",NA,NA,NA,"ミツバウツギ",13.8,15.4,NA,NA,NA,"倒れ","枯れ","枯れ","19990402","20040610","20091006",20140310,0,0,1,2,-1,1,0,0,0,0,0,0
NA,NA,"690",NA,NA,NA,"ミツバウツギ",12.6,13.8,14,NA,NA,NA,NA,NA,"19990402","20040610","20091006",20140310,0,0,0,1,-1,1,0,0,0,0,0,0
NA,NA,"691",NA,NA,NA,"ニワトコ",11.9,NA,NA,NA,NA,"枯れ","枯れ","枯れ","19990402","20040610","20091006",20140310,0,1,2,2,-1,-1,-1,-1,0,0,0,0
NA,NA,"692",NA,NA,NA,"ミツバウツギ",16.3,18.5,20.5,22.1,NA,NA,NA,NA,"19990402","20040610","20091006",20140310,0,0,0,0,0,0,0,0,0,0,0,0
NA,NA,"693",NA,NA,NA,"ミツバウツギ",22.3,23.6,24.3,NA,NA,NA,NA,"枯れ","19990402","20040610","20091006",20140310,0,0,0,1,0,0,0,0,0,0,0,0
NA,NA,"694",NA,NA,NA,"ミツバウツギ",14.8,15.7,NA,NA,NA,NA,"枯れ","枯れ","19990402","20040610","20091006",20140310,0,0,1,2,-1,1,0,0,0,0,0,0
NA,NA,"696",NA,NA,NA,"マユミ",12.6,14.1,25.2,18.3,NA,NA,"ミツバウツギ",NA,"19990402","20040610","20091006",20140310,0,0,0,0,-1,1,0,0,0,0,0,0
NA,NA,"697",NA,NA,NA,"アケビ",6.9,NA,NA,NA,NA,"測定不能",NA,"測定不能","19990402","20040610","20091006",20140310,0,1,2,2,-1,-1,-1,-1,0,0,0,0
NA,NA,"701",NA,NA,NA,"ミツバウツギ",15.1,17.6,19.1,20.2,NA,NA,NA,NA,"19991111","20040610","20091007",20140310,0,0,0,0,-1,1,0,0,0,0,0,0
NA,NA,"702",NA,NA,NA,"イタヤカエデ",15.4,18.5,21.8,25.5,NA,NA,NA,NA,"19991111","20040610","20091007",20140310,0,0,0,0,-1,1,0,0,0,0,0,0
NA,NA,"703",NA,NA,NA,"オオモミジ",14.1,16.7,20.2,24.7,NA,NA,NA,NA,"19991111","20040610","20091007",20140310,0,0,0,0,-1,1,0,0,0,0,0,0
NA,NA,"704",NA,NA,NA,"ミツバウツギ",12.9,13.5,13.6,NA,NA,NA,NA,"枯れ","19991111","20040610","20091007",20140310,0,0,0,1,-1,1,0,0,0,0,0,0
NA,NA,"705",NA,NA,NA,"ミツバウツギ",16.3,20.4,22.6,NA,NA,NA,NA,"枯れ","19991111","20040610","20091007",20140310,0,0,0,1,0,0,0,0,0,0,0,0
NA,NA,"706",NA,NA,NA,"カラマツ",103.7,105.2,106.4,107.1,NA,NA,NA,NA,"19991111","20040610","20091007",20140310,0,0,0,0,0,0,0,0,0,0,0,0
NA,NA,"707",NA,NA,NA,"ヤマブドウ",22.3,25.8,29.4,NA,NA,NA,NA,NA,"19991111","20040610","20091007",20140310,0,0,0,1,0,0,0,0,0,0,0,0
NA,NA,"708",NA,NA,NA,"カラマツ",98,98.3,NA,NA,NA,NA,"枯れ","枯れ","19991111","20040610","20091007",20140310,0,0,1,2,0,0,0,0,0,0,0,0
NA,NA,"709",NA,NA,NA,"オクイボタ",42.7,NA,NA,NA,NA,"枯れ","枯れ","枯れ","19991111","20040610","20091007",20140310,0,1,2,2,0,0,0,0,0,0,0,0
NA,NA,"710",NA,NA,NA,"ミツバウツギ",19.8,21.4,22,21.6,NA,NA,"半枯れ","半枯れ","19991111","20040610","20091007",20140310,0,0,0,0,0,0,0,0,0,0,0,0
NA,NA,"711",NA,NA,NA,"ミツバウツギ",13.5,17.3,18.6,19.8,NA,NA,NA,NA,"19991111","20040610","20091007",20140310,0,0,0,0,-1,1,0,0,0,0,0,0
NA,NA,"712",NA,NA,NA,"カラマツ",91.1,93.6,96.1,99.5,NA,NA,NA,NA,"19991111","20040610","20091007",20140310,0,0,0,0,0,0,0,0,0,0,0,0
NA,NA,"713",NA,NA,NA,"ミズキ",21.7,NA,NA,NA,NA,"gbh04=7.1.枯れ","枯れ","枯れ","19991111","20040610","20091007",20140310,0,1,2,2,0,0,0,0,0,0,0,0
NA,NA,"714",NA,NA,NA,"ミツバウツギ",15.1,16.3,NA,NA,NA,NA,"枯れ","枯れ","19991111","20040610","20091007",20140310,0,0,1,2,-1,1,0,0,0,0,0,0
NA,NA,"715",NA,NA,NA,"ミツバウツギ",13.8,14.8,15.4,NA,NA,NA,"半枯れ","枯れ","19991111","20040610","20091007",20140310,0,0,0,1,-1,1,0,0,0,0,0,0
NA,NA,"716",NA,NA,NA,"ヤマグワ",15.4,19.5,22.7,24.8,NA,NA,NA,NA,"19991111","20040610","20091007",20140310,0,0,0,0,-1,1,0,0,0,0,0,0
NA,NA,"717",NA,NA,NA,"ヤマグワ",50.9,51.5,51.8,NA,NA,NA,"半枯れ","枯れ","19991111","20040610","20091007",20140310,0,0,0,1,0,0,0,0,0,0,0,0
NA,NA,"718",NA,NA,NA,"イヌザクラ",20.4,22.9,27.8,30.5,NA,NA,NA,NA,"19991111","20040610","20091007",20140310,0,0,0,0,0,0,0,0,0,0,0,0
NA,NA,"719",NA,NA,NA,"カラマツ",91.4,94.2,96.8,98.4,NA,NA,NA,NA,"19991111","20040610","20091007",20140310,0,0,0,0,0,0,0,0,0,0,0,0
NA,NA,"720",NA,NA,NA,"オクイボタ",24.8,25.8,NA,NA,NA,NA,"枯れ","枯れ","19991111","20040610","20091007",20140310,0,0,1,2,0,0,0,0,0,0,0,0
NA,NA,"721",NA,NA,NA,"カラマツ",78.9,79.5,NA,NA,NA,NA,"枯れ","枯れ","19991111","20040610","20091007",20140310,0,0,1,2,0,0,0,0,0,0,0,0
NA,NA,"722",NA,NA,NA,"ズミ",NA,NA,NA,NA,"gbh99=7.8.枯れ木","枯れ","枯れ","枯れ","19991111","20040610","20091007",20140310,1,2,2,2,-1,-1,-1,-1,0,0,0,0
NA,NA,"723",NA,NA,NA,"ミツバウツギ",18.2,19.2,20.1,NA,NA,"前回測定部位が割れで測定不能→30cm上を測定","測定幹が枯れ別幹測定","枯れ","19991111","20040610","20091007",20140310,0,0,0,1,0,0,0,0,0,0,0,0
NA,NA,"724",NA,NA,NA,"ミツバウツギ",21.7,24.5,24.3,24.5,NA,NA,NA,NA,"19991111","20040610","20091007",20140310,0,0,0,0,0,0,0,0,0,0,0,0
NA,NA,"725",NA,NA,NA,"ミツバウツギ",14.1,15.4,18.7,20.4,NA,NA,NA,NA,"19991111","20040610","20091007",20140310,0,0,0,0,-1,1,0,0,0,0,0,0
NA,NA,"726",NA,NA,NA,"ミツバウツギ",13.5,14.5,12.8,NA,NA,NA,"半枯れ","枯れ","19991111","20040610","20091007",20140310,0,0,0,1,-1,1,0,0,0,0,0,0
NA,NA,"727",NA,NA,NA,"ウリハダカエデ",11.6,18.8,25.7,32.1,NA,NA,NA,NA,"19991111","20040610","20091007",20140310,0,0,0,0,-1,1,0,0,0,0,0,0
NA,NA,"728",NA,NA,NA,"カラマツ",100.5,105.9,113.3,120.3,NA,NA,"ツタ込み","ツタ込み","19991111","20040610","20091007",20140310,0,0,0,0,0,0,0,0,0,0,0,0
NA,NA,"729",NA,NA,NA,"フジザクラ",NA,NA,NA,NA,"gbh99=8.8.朽木","枯れ","枯れ","枯れ","19991111","20040610","20091007",20140310,1,2,2,2,-1,-1,-1,-1,0,0,0,0
NA,NA,"730",NA,NA,NA,"ミツバウツギ",15.7,17.3,17.7,18,NA,NA,NA,NA,"19991111","20040610","20091007",20140310,0,0,0,0,0,0,0,0,0,0,0,0
NA,NA,"731",NA,NA,NA,"カラマツ",105.6,109.3,112.4,116.1,NA,NA,NA,NA,"19991111","20040610","20091007",20140310,0,0,0,0,0,0,0,0,0,0,0,0
NA,NA,"732",NA,NA,NA,"ミツバウツギ",17.6,22,25.3,27.6,NA,NA,NA,NA,"19991111","20040610","20091007",20140310,0,0,0,0,0,0,0,0,0,0,0,0
NA,NA,"733",NA,NA,NA,"カラマツ",NA,NA,NA,NA,"gbh99=22.5.倒木","枯れ、倒れ","枯れ","枯れ","19991111","20040610","20091007",20140310,1,2,2,2,-1,-1,-1,-1,0,0,0,0
NA,NA,"734",NA,NA,NA,"ミツバウツギ",15.7,18.2,20.4,21.5,NA,NA,NA,NA,"19991111","20040610","20091007",20140310,0,0,0,0,0,0,0,0,0,0,0,0
NA,NA,"735",NA,NA,NA,"カラマツ",119.7,122.2,126.8,131.3,NA,NA,NA,NA,"19991111","20040610","20091007",20140310,0,0,0,0,0,0,0,0,0,0,0,0
NA,NA,"736",NA,NA,NA,"ミツバウツギ",15.4,17,NA,NA,NA,NA,"枯れ","枯れ","19991111","20040610","20091007",20140310,0,0,1,2,-1,1,0,0,0,0,0,0
NA,NA,"737",NA,NA,NA,"マユミ",NA,NA,NA,NA,"gbh99=22.4.枯","枯れ","枯れ","枯れ","19991111","20040610","20091007",20140310,1,2,2,2,-1,-1,-1,-1,0,0,0,0
NA,NA,"738",NA,NA,NA,"ミズキ",56.2,61.3,66.7,71.4,NA,NA,NA,NA,"19991111","20040610","20091007",20140310,0,0,0,0,0,0,0,0,0,0,0,0
NA,NA,"739",NA,NA,NA,"ミツバウツギ",17.3,15.4,NA,NA,NA,NA,"枯れ","枯れ","19991111","20040610","20091007",20140310,0,0,1,2,0,0,0,0,0,0,0,0
NA,NA,"740",NA,NA,NA,"ミツバウツギ",22.3,28,32.3,34.2,NA,NA,NA,NA,"19991111","20040610","20091007",20140310,0,0,0,0,0,0,0,0,0,0,0,0
NA,NA,"741",NA,NA,NA,"ミツバウツギ",19.5,22.6,24.3,25.4,NA,NA,NA,NA,"19991111","20040610","20091007",20140310,0,0,0,0,0,0,0,0,0,0,0,0
NA,NA,"742",NA,NA,NA,"ミツバウツギ",12.9,13.8,18.2,19.7,NA,NA,NA,NA,"19991111","20040610","20091007",20140310,0,0,0,0,-1,1,0,0,0,0,0,0
NA,NA,"743",NA,NA,NA,"ミツバウツギ",13.2,14.1,NA,NA,NA,NA,"枯れ","枯れ","19991111","20040610","20091007",20140310,0,0,1,2,-1,1,0,0,0,0,0,0
NA,NA,"744",NA,NA,NA,"ミツバウツギ",19.5,22,23.6,23.9,NA,NA,NA,NA,"19991111","20040610","20091007",20140310,0,0,0,0,0,0,0,0,0,0,0,0
NA,NA,"745",NA,NA,NA,"カラマツ",101.8,106.2,110,115.7,NA,NA,NA,NA,"19991111","20040610","20091007",20140310,0,0,0,0,0,0,0,0,0,0,0,0
NA,NA,"746",NA,NA,NA,"ミツバウツギ",12.9,14.5,15.9,16.2,NA,NA,NA,NA,"19991111","20040610","20091007",20140310,0,0,0,0,-1,1,0,0,0,0,0,0
NA,NA,"747",NA,NA,NA,"ミツバウツギ",12.3,15.4,15.6,13.9,NA,NA,NA,NA,"19991111","20040610","20091007",20140310,0,0,0,0,-1,1,0,0,0,0,0,0
NA,NA,"748",NA,NA,NA,"クマヤナギ",14.1,17,16.7,21,NA,NA,"ツルウメ？",NA,"19991111","20040610","20091007",20140310,0,0,0,0,-1,1,0,0,0,0,0,0
NA,NA,"749",NA,NA,NA,"カラマツ",110.9,109.3,NA,NA,NA,"半枯れ","枯れ","枯れ","19991111","20040610","20091007",20140310,0,0,1,2,0,0,0,0,0,0,0,0
NA,NA,"750",NA,NA,NA,"ミツバウツギ",17.6,21.4,23.7,26,NA,NA,NA,NA,"19991111","20040610","20091007",20140310,0,0,0,0,0,0,0,0,0,0,0,0
NA,NA,"751",NA,NA,NA,"ヤマグワ",75.4,80.4,85,90.1,NA,NA,NA,NA,"19991111","20040610","20091007",20140310,0,0,0,0,0,0,0,0,0,0,0,0
NA,NA,"752",NA,NA,NA,"ミツバウツギ",13.5,15.7,16.2,17,NA,NA,NA,NA,"19991111","20040610","20091007",20140310,0,0,0,0,-1,1,0,0,0,0,0,0
NA,NA,"753",NA,NA,NA,"カラマツ",129.4,136,138.7,142.2,NA,NA,NA,NA,"19991111","20040610","20091007",20140310,0,0,0,0,0,0,0,0,0,0,0,0
NA,NA,"754",NA,NA,NA,"カラマツ",NA,NA,NA,NA,"gbh99=15.1.朽ち木","枯れ","枯れ","枯れ","19991111","20040610","20091007",20140310,1,2,2,2,-1,-1,-1,-1,0,0,0,0
NA,NA,"755",NA,NA,NA,"ミツバウツギ",12.9,14.5,14.7,NA,NA,NA,NA,"枯れ","19991111","20040610","20091007",20140310,0,0,0,1,-1,1,0,0,0,0,0,0
NA,NA,"756",NA,NA,NA,"ミツバウツギ",15.1,18.2,18.9,19.5,NA,NA,NA,NA,"19991111","20040610","20091007",20140310,0,0,0,0,-1,1,0,0,0,0,0,0
NA,NA,"757",NA,NA,NA,"カラマツ",79.5,NA,NA,NA,NA,"枯れ、倒れ","枯れ","枯れ","19991111","20040610","20091007",20140310,0,1,2,2,0,0,0,0,0,0,0,0
NA,NA,"758",NA,NA,NA,"ミツバウツギ",20.1,22.9,23.2,24.2,NA,NA,NA,NA,"19991111","20040610","20091007",20140310,0,0,0,0,0,0,0,0,0,0,0,0
NA,NA,"759",NA,NA,NA,"カラマツ",112.8,115.9,119.5,124.5,NA,NA,NA,NA,"19991111","20040610","20091007",20140310,0,0,0,0,0,0,0,0,0,0,0,0
NA,NA,"760",NA,NA,NA,"ミツバウツギ",23.9,26.7,27.6,28.9,NA,NA,NA,NA,"19991111","20040610","20091007",20140310,0,0,0,0,0,0,0,0,0,0,0,0
NA,NA,"761",NA,NA,NA,"ミツバウツギ",16.7,18.8,18.9,19.8,NA,NA,NA,NA,"19991111","20040610","20091007",20140310,0,0,0,0,0,0,0,0,0,0,0,0
NA,NA,"762",NA,NA,NA,"ミツバウツギ",16.7,20.1,23,26.1,NA,NA,NA,NA,"19991111","20040610","20091007",20140310,0,0,0,0,0,0,0,0,0,0,0,0
NA,NA,"763",NA,NA,NA,"ミツバウツギ",19.8,23.6,24.7,25.8,NA,NA,NA,NA,"19991111","20040610","20091007",20140310,0,0,0,0,0,0,0,0,0,0,0,0
NA,NA,"764",NA,NA,NA,"カラマツ",131.6,136,142,145.9,NA,NA,NA,NA,"19991111","20040610","20091007",20140310,0,0,0,0,0,0,0,0,0,0,0,0
NA,NA,"765",NA,NA,NA,"ガマズミ",32.7,33.6,NA,NA,NA,NA,"枯れ","枯れ","19991111","20040610","20091007",20140310,0,0,1,2,0,0,0,0,0,0,0,0
NA,NA,"766",NA,NA,NA,"フジザクラ",NA,NA,NA,NA,"gbh99=13.3.朽ち木","枯れ","枯れ","枯れ","19991111","20040610","20091007",20140310,1,2,2,2,-1,-1,-1,-1,0,0,0,0
NA,NA,"767",NA,NA,NA,"クマシデ",58.4,60,61.3,61.8,NA,NA,NA,NA,"19991111","20040610","20091007",20140310,0,0,0,0,0,0,0,0,0,0,0,0
NA,NA,"768",NA,NA,NA,"カラマツ",95.5,98,100.7,103.6,NA,NA,NA,NA,"19991111","20040610","20091007",20140310,0,0,0,0,0,0,0,0,0,0,0,0
NA,NA,"769",NA,NA,NA,"ミツバウツギ",11.9,14.5,15.8,15.6,NA,NA,NA,NA,"19991111","20040610","20091007",20140310,0,0,0,0,-1,1,0,0,0,0,0,0
NA,NA,"770",NA,NA,NA,"ミツバウツギ",19.8,21.4,NA,NA,NA,NA,"枯れ","枯れ","19991111","20040610","20091007",20140310,0,0,1,2,0,0,0,0,0,0,0,0
NA,NA,"771",NA,NA,NA,"ミツバウツギ",21.7,22.6,NA,NA,NA,NA,"枯れ","枯れ","19991111","20040610","20091007",20140310,0,0,1,2,0,0,0,0,0,0,0,0
NA,NA,"772",NA,NA,NA,"ミツバウツギ",20.4,20.7,NA,NA,NA,NA,"枯れ","枯れ","19991111","20040610","20091007",20140310,0,0,1,2,0,0,0,0,0,0,0,0
NA,NA,"773",NA,NA,NA,"ミツバウツギ",15.1,16.7,17,18.1,NA,NA,NA,NA,"19991111","20040610","20091007",20140310,0,0,0,0,-1,1,0,0,0,0,0,0
NA,NA,"774",NA,NA,NA,"カラマツ",74.1,73.8,74.3,NA,NA,NA,NA,"枯れ","19991111","20040610","20091007",20140310,0,0,0,1,0,0,0,0,0,0,0,0
NA,NA,"775",NA,NA,NA,"カラマツ",82.3,86.1,87.3,90.5,NA,NA,NA,NA,"19991111","20040610","20091007",20140310,0,0,0,0,0,0,0,0,0,0,0,0
NA,NA,"776",NA,NA,NA,"ミツバウツギ",17.9,18.5,18.2,19,NA,NA,NA,NA,"19991111","20040610","20091007",20140310,0,0,0,0,0,0,0,0,0,0,0,0
NA,NA,"777",NA,NA,NA,"ミツバウツギ",20.4,23.6,25.1,27.2,NA,NA,NA,NA,"19991111","20040610","20091007",20140310,0,0,0,0,0,0,0,0,0,0,0,0
NA,NA,"778",NA,NA,NA,"ミツバウツギ",16.7,17.9,17,NA,NA,NA,NA,"枯れ","19991111","20040610","20091007",20140310,0,0,0,1,0,0,0,0,0,0,0,0
NA,NA,"779",NA,NA,NA,"ミツバウツギ",19.8,22,24.1,25,NA,NA,NA,NA,"19991111","20040610","20091007",20140310,0,0,0,0,0,0,0,0,0,0,0,0
NA,NA,"780",NA,NA,NA,"ミツバウツギ",17,18.2,20.2,20.3,NA,NA,NA,NA,"19991111","20040610","20091007",20140310,0,0,0,0,0,0,0,0,0,0,0,0
NA,NA,"781",NA,NA,NA,"カラマツ",115.9,119.1,123.9,126.9,NA,"ツル付き","ツルなし","蔓込み","19991111","20040610","20091007",20140310,0,0,0,0,0,0,0,0,0,0,2,0
NA,NA,"782",NA,NA,NA,"フジザクラ",26.1,NA,NA,NA,NA,"枯れ","枯れ","枯れ","19991111","20040610","20091007",20140310,0,1,2,2,0,0,0,0,0,0,0,0
NA,NA,"783",NA,NA,NA,"ミツバウツギ",17.3,20.4,NA,NA,NA,NA,"枯れ","枯れ","19991111","20040610","20091007",20140310,0,0,1,2,0,0,0,0,0,0,0,0
NA,NA,"784",NA,NA,NA,"ツタウルシ",14.1,NA,NA,NA,NA,"枯れ","枯れ","枯れ","19991111","20040610","20091007",20140310,0,1,2,2,-1,-1,-1,-1,0,0,0,0
NA,NA,"785",NA,NA,NA,"ツタウルシ",11,NA,NA,NA,NA,"枯れ","枯れ","枯れ","19991111","20040610","20091007",20140310,0,1,2,2,-1,-1,-1,-1,0,0,0,0
NA,NA,"786",NA,NA,NA,"カラマツ",141.4,130.7,120.7,122.8,"ツル込み",NA,NA,NA,"19991111","20040610","20091007",20140310,0,0,0,0,0,0,0,0,0,0,0,0
NA,NA,"787",NA,NA,NA,"ツタウルシ",20.4,NA,NA,NA,NA,"枯れ","枯れ","枯れ","19991111","20040610","20091007",20140310,0,1,2,2,0,0,0,0,0,0,0,0
NA,NA,"788",NA,NA,NA,"オオモミジ",74.5,79.8,84,87.4,NA,NA,NA,NA,"19991111","20040610","20091007",20140310,0,0,0,0,0,0,0,0,0,0,0,0
NA,NA,"789",NA,NA,NA,"ミツバウツギ",13.5,15.4,16.6,16.8,NA,NA,NA,NA,"19991111","20040610","20091007",20140310,0,0,0,0,-1,1,0,0,0,0,0,0
NA,NA,"790",NA,NA,NA,"カラマツ",115.9,121,124.5,130.1,NA,NA,NA,NA,"19991111","20040610","20091007",20140310,0,0,0,0,0,0,0,0,0,0,0,0
NA,NA,"791",NA,NA,NA,"ウラゲエンコウカエデ",42.1,51.8,64.3,72.5,NA,NA,NA,NA,"19991111","20040610","20091007",20140310,0,0,0,0,0,0,0,0,0,0,0,0
NA,NA,"792",NA,NA,NA,"ミツバウツギ",15.1,20.4,19.5,20.8,NA,NA,NA,NA,"19991111","20040610","20091007",20140310,0,0,0,0,-1,1,0,0,0,0,0,0
NA,NA,"793",NA,NA,NA,"カラマツ",104.6,110,114.4,118.8,NA,NA,NA,NA,"19991111","20040610","20091007",20140310,0,0,0,0,0,0,0,0,0,0,0,0
NA,NA,"794",NA,NA,NA,"ミツバウツギ",13.8,16.7,NA,NA,NA,"倒れ","枯れ","枯れ","19991111","20040610","20091007",20140310,0,0,1,2,-1,1,0,0,0,0,0,0
NA,NA,"795",NA,NA,NA,"ズミ",69.4,72.3,71.7,69.8,NA,NA,"半枯れ","ほぼ枯れ","19991111","20040610","20091007",20140310,0,0,0,0,0,0,0,0,0,0,0,0
NA,NA,"796",NA,NA,NA,"ズミ",78.5,NA,NA,NA,NA,"枯れ","枯れ","枯れ","19991111","20040610","20091007",20140310,0,1,2,2,0,0,0,0,0,0,0,0
NA,NA,"797",NA,NA,NA,"ミツバウツギ",12.3,15.4,17.3,18.9,NA,NA,NA,NA,"19991111","20040610","20091007",20140310,0,0,0,0,-1,1,0,0,0,0,0,0
NA,NA,"798",NA,NA,NA,"アオダモ",35.2,37.4,38.3,40.5,NA,NA,NA,NA,"19991111","20040610","20091007",20140310,0,0,0,0,0,0,0,0,0,0,0,0
NA,NA,"799",NA,NA,NA,"アオダモ",14.5,NA,NA,NA,NA,"枯れ","枯れ","枯れ","19991111","20040610","20091007",20140310,0,1,2,2,-1,-1,-1,-1,0,0,0,0
NA,NA,"800",NA,NA,NA,"ミツバウツギ",16.3,18.8,19.9,NA,NA,NA,"半枯れ","枯れ","19991111","20040610","20091007",20140310,0,0,0,1,0,0,0,0,0,0,0,0
NA,NA,"801",NA,NA,NA,"ミツバウツギ",17,19.5,21.5,21,NA,NA,NA,NA,"19991111","20040610","20091007",20140310,0,0,0,0,0,0,0,0,0,0,0,0
NA,NA,"802",NA,NA,NA,"ミツバウツギ",14.8,17,18,19.4,NA,NA,NA,NA,"19991111","20040610","20091007",20140310,0,0,0,0,-1,1,0,0,0,0,0,0
NA,NA,"803",NA,NA,NA,"ミツバウツギ",12.6,15.4,15,16.1,NA,NA,NA,NA,"19991111","20040610","20091007",20140310,0,0,0,0,-1,1,0,0,0,0,0,0
NA,NA,"804",NA,NA,NA,"ミツバウツギ",15.7,17.9,19.7,21.2,NA,NA,NA,NA,"19991111","20040610","20091007",20140310,0,0,0,0,0,0,0,0,0,0,0,0
NA,NA,"805",NA,NA,NA,"カラマツ",87,90.2,101.2,93.2,NA,NA,NA,NA,"19991111","20040610","20091007",20140310,0,0,0,0,0,0,0,0,0,0,0,0
NA,NA,"806",NA,NA,NA,"ミツバウツギ",15.7,16.3,15.8,NA,NA,NA,NA,"枯れ","19991111","20040610","20091007",20140310,0,0,0,1,0,0,0,0,0,0,0,0
NA,NA,"807",NA,NA,NA,"ミツバウツギ",13.5,15.7,16.5,17,NA,NA,NA,NA,"19991111","20040610","20091007",20140310,0,0,0,0,-1,1,0,0,0,0,0,0
NA,NA,"808",NA,NA,NA,"ハリギリ",138.5,145.8,154.7,161.8,NA,NA,NA,NA,"19991111","20040610","20091007",20140310,0,0,0,0,0,0,0,0,0,0,0,0
NA,NA,"809",NA,NA,NA,"ミツバウツギ",13.5,14.1,14,NA,NA,NA,NA,"枯れ","19991111","20040610","20091007",20140310,0,0,0,1,-1,1,0,0,0,0,0,0
NA,NA,"810",NA,NA,NA,"ミツバウツギ",15.1,18.5,20.5,21.1,NA,NA,NA,NA,"19991111","20040610","20091007",20140310,0,0,0,0,-1,1,0,0,0,0,0,0
NA,NA,"811",NA,NA,NA,"カラマツ",127.9,133.2,138.5,144.9,NA,NA,NA,NA,"19991111","20040610","20091007",20140310,0,0,0,0,0,0,0,0,0,0,0,0
NA,NA,"812",NA,NA,NA,"ミズキ",26.4,31.7,38,42.9,NA,NA,NA,NA,"19991111","20040610","20091007",20140310,0,0,0,0,0,0,0,0,0,0,0,0
NA,NA,"813",NA,NA,NA,"ミツバウツギ",17.9,19.2,20.4,21.9,NA,NA,NA,NA,"19991111","20040610","20091007",20140310,0,0,0,0,0,0,0,0,0,0,0,0
NA,NA,"814",NA,NA,NA,"ミツバウツギ",14.1,14.1,15.6,15.9,NA,NA,NA,"814と同株","19991111","20040610","20091007",20140310,0,0,0,0,-1,1,0,0,0,0,0,0
NA,NA,"815",NA,NA,NA,"ミツバウツギ",11.9,12.6,13.4,13.5,NA,NA,NA,NA,"19991111","20040610","20091007",20140310,0,0,0,0,-1,1,0,0,0,0,0,0
NA,NA,"816",NA,NA,NA,"ミズキ",69.7,74.5,80.7,88.9,NA,NA,NA,NA,"19991111","20040610","20091007",20140310,0,0,0,0,0,0,0,0,0,0,0,0
NA,NA,"817",NA,NA,NA,"ミツバウツギ",13.2,16,16.2,15.2,NA,NA,NA,NA,"19991111","20040610","20091007",20140310,0,0,0,0,-1,1,0,0,0,0,0,0
NA,NA,"818",NA,NA,NA,"ミツバウツギ",13.5,16,17.1,17.4,NA,NA,NA,NA,"19991111","20040610","20091007",20140310,0,0,0,0,-1,1,0,0,0,0,0,0
NA,NA,"819",NA,NA,NA,"イヌザクラ",22,26.7,29.4,32,NA,NA,NA,NA,"19991111","20040610","20091007",20140310,0,0,0,0,0,0,0,0,0,0,0,0
NA,NA,"820",NA,NA,NA,"ミツバウツギ",14.1,16,19.1,22,NA,NA,NA,NA,"19991111","20040610","20091007",20140310,0,0,0,0,-1,1,0,0,0,0,0,0
NA,NA,"821",NA,NA,NA,"ミツバウツギ",19.5,21,NA,NA,NA,NA,"枯れ","枯れ","19991111","20040610","20091007",20140310,0,0,1,2,0,0,0,0,0,0,0,0
NA,NA,"822",NA,NA,NA,"ミツバウツギ",19.5,23.6,25.8,26.6,NA,NA,NA,NA,"19991111","20040610","20091007",20140310,0,0,0,0,0,0,0,0,0,0,0,0
NA,NA,"823",NA,NA,NA,"カラマツ",90.8,91.4,91.6,91.7,NA,NA,NA,NA,"19991111","20040610","20091007",20140310,0,0,0,0,0,0,0,0,0,0,0,0
NA,NA,"824",NA,NA,NA,"ミツバウツギ",19.5,20.4,NA,NA,NA,NA,"枯れ","枯れ","19991111","20040610","20091007",20140310,0,0,1,2,0,0,0,0,0,0,0,0
NA,NA,"825",NA,NA,NA,"アカマツ",NA,NA,NA,NA,"gbh99=14.2.枯","枯れ","枯れ","枯れ","19991111","20040610","20091007",20140310,1,2,2,2,-1,-1,-1,-1,0,0,0,0
NA,NA,"826",NA,NA,NA,"カラマツ",91.4,NA,NA,NA,NA,"枯れ","枯れ","枯れ","19991111","20040610","20091007",20140310,0,1,2,2,0,0,0,0,0,0,0,0
NA,NA,"827",NA,NA,NA,"カラマツ",NA,NA,NA,NA,"gbh99=23.9.枯","枯れ、倒れ","枯れ","枯れ","19991111","20040610","20091007",20140310,1,2,2,2,-1,-1,-1,-1,0,0,0,0
NA,NA,"828",NA,NA,NA,"ウリハダカエデ",101.2,109.6,111.5,NA,NA,NA,NA,"枯れ","19991111","20040610","20091007",20140310,0,0,0,1,0,0,0,0,0,0,0,0
NA,NA,"829",NA,NA,NA,"カラマツ",96.8,98,99.8,103.2,NA,NA,NA,NA,"19991111","20040610","20091007",20140310,0,0,0,0,0,0,0,0,0,0,0,0
NA,NA,"830",NA,NA,NA,"ミツバウツギ",13.5,16,17.5,20.4,NA,NA,NA,NA,"19991111","20040610","20091007",20140310,0,0,0,0,-1,1,0,0,0,0,0,0
NA,NA,"831",NA,NA,NA,"ミツバウツギ",14.1,14.1,NA,NA,NA,NA,"枯れ","枯れ","19991111","20040610","20091007",20140310,0,0,1,2,-1,1,0,0,0,0,0,0
NA,NA,"832",NA,NA,NA,"カラマツ",85.1,88,90,92.6,NA,NA,NA,NA,"19991111","20040610","20091007",20140310,0,0,0,0,0,0,0,0,0,0,0,0
NA,NA,"833",NA,NA,NA,"ヤマグワ",26.7,29.2,30.2,31.5,NA,NA,NA,NA,"19991111","20040610","20091007",20140310,0,0,0,0,0,0,0,0,0,0,0,0
NA,NA,"834",NA,NA,NA,"ヤマグワ",26.7,33,39.3,42.7,NA,NA,NA,NA,"19991111","20040610","20091007",20140310,0,0,0,0,0,0,0,0,0,0,0,0
NA,NA,"835",NA,NA,NA,"ミツバウツギ",14.5,17.9,18.2,18.8,NA,NA,NA,NA,"19991111","20040610","20091007",20140310,0,0,0,0,-1,1,0,0,0,0,0,0
NA,NA,"836",NA,NA,NA,"カラマツ",87,88.6,90.5,92.6,NA,NA,NA,NA,"19991111","20040610","20091007",20140310,0,0,0,0,0,0,0,0,0,0,0,0
NA,NA,"837",NA,NA,NA,"ミツバウツギ",15.4,18.2,NA,NA,NA,NA,"枯れ","枯れ","19991111","20040610","20091007",20140310,0,0,1,2,-1,1,0,0,0,0,0,0
NA,NA,"838",NA,NA,NA,"ミツバウツギ",13.8,14.5,NA,NA,NA,NA,"枯れ","枯れ","19991111","20040610","20091007",20140310,0,0,1,2,-1,1,0,0,0,0,0,0
NA,NA,"839",NA,NA,NA,"ミツバウツギ",16.7,18.2,19,19.3,NA,NA,NA,NA,"19991111","20040610","20091007",20140310,0,0,0,0,0,0,0,0,0,0,0,0
NA,NA,"840",NA,NA,NA,"コブシ",81.4,86.7,91,92.2,NA,NA,NA,NA,"19991111","20040610","20091007",20140310,0,0,0,0,0,0,0,0,0,0,0,0
NA,NA,"841",NA,NA,NA,"ミツバウツギ",12.9,13.8,NA,NA,NA,NA,"枯れ","枯れ","19991111","20040610","20091007",20140310,0,0,1,2,-1,1,0,0,0,0,0,0
NA,NA,"842",NA,NA,NA,"ヤマグワ",32,39.3,46.3,52,NA,NA,NA,NA,"19991111","20040610","20091007",20140310,0,0,0,0,0,0,0,0,0,0,0,0
NA,NA,"843",NA,NA,NA,"ミツバウツギ",14.8,17.9,20.3,20.8,NA,NA,NA,NA,"19991111","20040610","20091007",20140310,0,0,0,0,-1,1,0,0,0,0,0,0
NA,NA,"844",NA,NA,NA,"カラマツ",111.2,116.2,120.3,123.9,NA,NA,NA,NA,"19991111","20040610","20091007",20140310,0,0,0,0,0,0,0,0,0,0,0,0
NA,NA,"845",NA,NA,NA,"ミツバウツギ",14.8,18.5,18,19,NA,NA,"札落ち",NA,"19991111","20040610","20091007",20140310,0,0,0,0,-1,1,0,0,0,0,0,0
NA,NA,"846",NA,NA,NA,"ミツバウツギ",13.8,17,NA,NA,NA,NA,"枯れ","枯れ","19991111","20040610","20091007",20140310,0,0,1,2,-1,1,0,0,0,0,0,0
NA,NA,"847",NA,NA,NA,"ミツバウツギ",15.4,16.7,16.3,17,NA,NA,NA,NA,"19991111","20040610","20091007",20140310,0,0,0,0,-1,1,0,0,0,0,0,0
NA,NA,"848",NA,NA,NA,"ミツバウツギ",21.4,23.6,25,26.5,NA,NA,NA,NA,"19991111","20040610","20091007",20140310,0,0,0,0,0,0,0,0,0,0,0,0
NA,NA,"849",NA,NA,NA,"カラマツ",97.4,98.6,99.9,100.4,NA,NA,NA,NA,"19991111","20040610","20091007",20140310,0,0,0,0,0,0,0,0,0,0,0,0
NA,NA,"850",NA,NA,NA,"ミツバウツギ",18.8,21.7,NA,NA,NA,"中折れ","枯れ","枯れ","19991111","20040610","20091007",20140310,0,0,1,2,0,0,0,0,0,0,0,0
NA,NA,"851",NA,NA,NA,"ミツバウツギ",20.4,23.6,24.4,24.9,NA,NA,NA,NA,"19991111","20040610","20091007",20140310,0,0,0,0,0,0,0,0,0,0,0,0
NA,NA,"852",NA,NA,NA,"ミツバウツギ",15.1,NA,NA,NA,NA,"枯れ","枯れ","枯れ","19991111","20040610","20091007",20140310,0,1,2,2,-1,-1,-1,-1,0,0,0,0
NA,NA,"853",NA,NA,NA,"ミツバウツギ",17.3,19.5,20,NA,NA,NA,NA,"枯れ","19991111","20040610","20091007",20140310,0,0,0,1,0,0,0,0,0,0,0,0
NA,NA,"854",NA,NA,NA,"ミツバウツギ",14.5,17.9,NA,NA,NA,NA,"枯れ","枯れ","19991111","20040610","20091007",20140310,0,0,1,2,-1,1,0,0,0,0,0,0
NA,NA,"855",NA,NA,NA,"ミツバウツギ",25.4,27.3,27.9,28.5,NA,NA,NA,NA,"19991111","20040610","20091007",20140310,0,0,0,0,0,0,0,0,0,0,0,0
NA,NA,"856",NA,NA,NA,"ミツバウツギ",17.9,20.4,22.2,23.2,NA,NA,NA,NA,"19991111","20040610","20091007",20140310,0,0,0,0,0,0,0,0,0,0,0,0
NA,NA,"857",NA,NA,NA,"ミツバウツギ",13.2,NA,15.3,NA,NA,"枯れ",NA,"枯れ","19991111","20040610","20091007",20140310,0,0,0,1,-1,-1,-1,-1,0,1,0,0
NA,NA,"858",NA,NA,NA,"ミツバウツギ",17.9,21.4,23.9,25.1,NA,NA,NA,NA,"19991111","20040610","20091007",20140310,0,0,0,0,0,0,0,0,0,0,0,0
NA,NA,"859",NA,NA,NA,"ミツバウツギ",15.4,18.2,18.3,20.1,NA,NA,NA,NA,"19991111","20040610","20091007",20140310,0,0,0,0,-1,1,0,0,0,0,0,0
NA,NA,"860",NA,NA,NA,"ミツバウツギ",13.5,15.4,NA,NA,NA,NA,"枯れ","枯れ","19991111","20040610","20091007",20140310,0,0,1,2,-1,1,0,0,0,0,0,0
NA,NA,"861",NA,NA,NA,"ミツバウツギ",14.8,16,16.4,17.7,NA,NA,NA,NA,"19991111","20040610","20091007",20140310,0,0,0,0,-1,1,0,0,0,0,0,0
NA,NA,"862",NA,NA,NA,"ミツバウツギ",15.1,17.3,16.9,17.4,NA,NA,NA,NA,"19991111","20040610","20091007",20140310,0,0,0,0,-1,1,0,0,0,0,0,0
NA,NA,"863",NA,NA,NA,"ガマズミ",18.8,19.5,NA,NA,NA,NA,"枯れ","枯れ","19991111","20040610","20091007",20140310,0,0,1,2,0,0,0,0,0,0,0,0
NA,NA,"864",NA,NA,NA,"ガマズミ",20.1,20.1,NA,NA,NA,NA,"枯れ","枯れ","19991111","20040610","20091007",20140310,0,0,1,2,0,0,0,0,0,0,0,0
NA,NA,"865",NA,NA,NA,"カラマツ",121.9,125.7,125.6,125.6,NA,NA,NA,NA,"19991111","20040610","20091007",20140310,0,0,0,0,0,0,0,0,0,0,0,0
NA,NA,"866",NA,NA,NA,"カラマツ",101.5,NA,NA,NA,NA,"gbh04=32.1.枯れ","枯れ","枯れ","19991111","20040610","20091007",20140310,0,1,2,2,0,0,0,0,0,0,0,0
NA,NA,"867",NA,NA,NA,"ミツバウツギ",17.3,19.5,20.9,NA,NA,NA,NA,"枯れ","19991111","20040610","20091007",20140310,0,0,0,1,0,0,0,0,0,0,0,0
NA,NA,"868",NA,NA,NA,"マユミ",33.3,35.2,35.4,35,NA,NA,NA,NA,"19991111","20040610","20091007",20140310,0,0,0,0,0,0,0,0,0,0,0,0
NA,NA,"869",NA,NA,NA,"カラマツ",88.9,88,87.3,86.5,NA,NA,NA,NA,"19991111","20040610","20091007",20140310,0,0,0,0,0,0,0,0,0,0,0,0
NA,NA,"870",NA,NA,NA,"カラマツ",132.9,138.2,146,151,NA,NA,NA,NA,"19991111","20040610","20091007",20140310,0,0,0,0,0,0,0,0,0,0,0,0
NA,NA,"871",NA,NA,NA,"ヤブウツギ",19.2,19.8,19.5,NA,NA,NA,"半枯れ","枯れ","19991111","20040610","20091007",20140310,0,0,0,1,0,0,0,0,0,0,0,0
NA,NA,"872",NA,NA,NA,"イヌシデ",84.8,89.2,95.2,98.7,NA,NA,NA,NA,"19991111","20040610","20091007",20140310,0,0,0,0,0,0,0,0,0,0,0,0
NA,NA,"873",NA,NA,NA,"アカマツ",132.6,136,138.4,144.1,NA,NA,NA,NA,"19991111","20040610","20091007",20140310,0,0,0,0,0,0,0,0,0,0,0,0
NA,NA,"874",NA,NA,NA,"ウラゲエンコウカエデ",19.5,23.6,29.2,34.1,NA,NA,NA,NA,"19991111","20040610","20091007",20140310,0,0,0,0,0,0,0,0,0,0,0,0
NA,NA,"875",NA,NA,NA,"カラマツ",104.3,114.4,112,116.2,NA,NA,NA,NA,"19991111","20040610","20091007",20140310,0,0,0,0,0,0,0,0,0,0,0,0
NA,NA,"876",NA,NA,NA,"ミツバウツギ",19.8,21.4,22.4,21.6,NA,NA,NA,NA,"19991111","20040610","20091007",20140310,0,0,0,0,0,0,0,0,0,0,0,0
NA,NA,"877",NA,NA,NA,"ミツバウツギ",19.5,22.3,24.8,37.4,NA,NA,NA,NA,"19991111","20040610","20091007",20140310,0,0,0,0,0,0,0,0,0,0,0,0
NA,NA,"878",NA,NA,NA,"カラマツ",74.5,75.7,76.9,77.9,NA,NA,NA,NA,"19991111","20040610","20091007",20140310,0,0,0,0,0,0,0,0,0,0,0,0
NA,NA,"879",NA,NA,NA,"ミツバウツギ",24.5,28.3,31.1,31.3,NA,NA,NA,NA,"19991111","20040610","20091007",20140310,0,0,0,0,0,0,0,0,0,0,0,0
NA,NA,"880",NA,NA,NA,"ミツバウツギ",15.1,17,NA,NA,NA,NA,"枯れ","枯れ","19991111","20040610","20091007",20140310,0,0,1,2,-1,1,0,0,0,0,0,0
NA,NA,"881",NA,NA,NA,"カラマツ",82.9,87,89.1,91.6,NA,NA,NA,NA,"19991111","20040610","20091007",20140310,0,0,0,0,0,0,0,0,0,0,0,0
NA,NA,"882",NA,NA,NA,"ガマズミ",18.2,17.3,NA,NA,"枯れ","枯れ","枯れ","枯れ","19991111","20040610","20091007",20140310,0,0,1,2,0,0,0,0,0,0,0,0
NA,NA,"883",NA,NA,NA,"ガマズミ",18.2,19.2,NA,NA,NA,NA,"枯れ","枯れ","19991111","20040610","20091007",20140310,0,0,1,2,0,0,0,0,0,0,0,0
NA,NA,"884",NA,NA,NA,"ガマズミ",15.4,17.6,NA,NA,NA,NA,"枯れ","枯れ","19991111","20040610","20091007",20140310,0,0,1,2,-1,1,0,0,0,0,0,0
NA,NA,"885",NA,NA,NA,"ガマズミ",21,NA,NA,NA,NA,"枯れ","枯れ","枯れ","19991111","20040610","20091007",20140310,0,1,2,2,0,0,0,0,0,0,0,0
NA,NA,"886",NA,NA,NA,"ガマズミ",13.8,18.5,NA,NA,NA,NA,"枯れ","枯れ","19991111","20040610","20091007",20140310,0,0,1,2,-1,1,0,0,0,0,0,0
NA,NA,"887",NA,NA,NA,"クロツバラ",16.3,18.8,NA,NA,NA,NA,"枯れ","枯れ","19991111","20040610","20091007",20140310,0,0,1,2,0,0,0,0,0,0,0,0
NA,NA,"888",NA,NA,NA,"イヌザクラ",13.5,16.3,17.3,NA,NA,NA,NA,"枯れ","19991111","20040610","20091007",20140310,0,0,0,1,-1,1,0,0,0,0,0,0
NA,NA,"889",NA,NA,NA,"イヌザクラ",12.6,15.4,NA,NA,NA,NA,"枯れ","枯れ","19991111","20040610","20091007",20140310,0,0,1,2,-1,1,0,0,0,0,0,0
NA,NA,"890",NA,NA,NA,"ヤマグワ",61.3,63.8,68.8,64.6,NA,NA,"（ツタウルシ込み）再測","蔓なし","19991111","20040610","20091007",20140310,0,0,0,0,0,0,0,0,0,0,0,0
NA,NA,"891",NA,NA,NA,"クロツバラ",7.9,9.4,9.5,10.4,NA,NA,NA,NA,"19991111","20040610","20091007",20140310,0,0,0,0,-1,1,0,0,0,0,0,0
NA,NA,"892",NA,NA,NA,"ミツバウツギ",10.7,12.9,16.4,19,NA,NA,NA,NA,"19991111","20040610","20091007",20140310,0,0,0,0,-1,1,0,0,0,0,0,0
NA,NA,"893",NA,NA,NA,"ミツバウツギ",8.8,10.7,11.6,12.9,NA,NA,"倒れ",NA,"19991111","20040610","20091007",20140310,0,0,0,0,-1,1,0,0,0,0,0,0
NA,NA,"894",NA,NA,NA,"シラベ",105.9,110.9,NA,NA,NA,NA,"枯れ折れ","枯れ","19991111","20040610","20091007",20140310,0,0,1,2,0,0,0,0,0,0,0,0
NA,NA,"895",NA,NA,NA,"ミツバウツギ",9.7,12.9,17.2,19,NA,NA,NA,NA,"19991111","20040610","20091007",20140310,0,0,0,0,-1,1,0,0,0,0,0,0
NA,NA,"896",NA,NA,NA,"ミツバウツギ",12.9,15.4,14.5,14.4,NA,NA,NA,NA,"19991111","20040610","20091007",20140310,0,0,0,0,-1,1,0,0,0,0,0,0
NA,NA,"897",NA,NA,NA,"ホオノキ",61.9,70.1,81.5,92.3,NA,NA,NA,NA,"19991111","20040610","20091007",20140310,0,0,0,0,0,0,0,0,0,0,0,0
NA,NA,"898",NA,NA,NA,"カマツカ",22.6,NA,NA,NA,NA,"枯れ","枯れ","枯れ","19991111","20040610","20091007",20140310,0,1,2,2,0,0,0,0,0,0,0,0
NA,NA,"899",NA,NA,NA,"ヤマグワ",23.6,29.8,35.8,40.2,NA,NA,NA,NA,"19991111","20040610","20091007",20140310,0,0,0,0,0,0,0,0,0,0,0,0
NA,NA,"900",NA,NA,NA,"ヤマグワ",17,22.6,26.4,30,NA,NA,NA,"899と同株","19991111","20040610","20091007",20140310,0,0,0,0,0,0,0,0,0,0,0,0
NA,NA,"901",NA,NA,NA,"ミツバウツギ",10.4,11.9,NA,NA,NA,NA,"枯れ","枯れ","19991111","20040610","20091007",20140310,0,0,1,2,-1,1,0,0,0,0,0,0
NA,NA,"902",NA,NA,NA,"ミツバウツギ",14.8,16.7,16.1,15.3,NA,NA,NA,NA,"19991111","20040610","20091007",20140310,0,0,0,0,-1,1,0,0,0,0,0,0
NA,NA,"903",NA,NA,NA,"ミツバウツギ",10.7,NA,NA,NA,NA,"枯れ","枯れ","枯れ","19991111","20040610","20091007",20140310,0,1,2,2,-1,-1,-1,-1,0,0,0,0
NA,NA,"904",NA,NA,NA,"ミツバウツギ",11,11.9,12.4,NA,NA,NA,NA,"枯れ","19991111","20040610","20091007",20140310,0,0,0,1,-1,1,0,0,0,0,0,0
NA,NA,"905",NA,NA,NA,"ミツバウツギ",10.1,11,10.8,NA,NA,NA,NA,"枯れ","19991111","20040610","20091007",20140310,0,0,0,1,-1,1,0,0,0,0,0,0
NA,NA,"906",NA,NA,NA,"ヤマグワ",21.4,26.4,31.2,35.5,NA,NA,NA,NA,"19991111","20040610","20091007",20140310,0,0,0,0,0,0,0,0,0,0,0,0
NA,NA,"907",NA,NA,NA,"カラマツ",93,95.2,99.1,101.8,NA,NA,NA,NA,"19991111","20040610","20091007",20140310,0,0,0,0,0,0,0,0,0,0,0,0
NA,NA,"908",NA,NA,NA,"ミツバウツギ",18.8,21,22,22.3,NA,NA,NA,"蔓込み","19991111","20040610","20091007",20140310,0,0,0,0,0,0,0,0,0,0,0,0
NA,NA,"909",NA,NA,NA,"フジザクラ",NA,NA,NA,NA,"gbh99=15.枯れ","枯れ","枯れ","枯れ","19991111","20040610","20091007",20140310,1,2,2,2,-1,-1,-1,-1,0,0,0,0
NA,NA,"910",NA,NA,NA,"ミツバウツギ",10.7,12.9,12.7,14.7,NA,NA,NA,NA,"19991111","20040610","20091007",20140310,0,0,0,0,-1,1,0,0,0,0,0,0
NA,NA,"911",NA,NA,NA,"ミツバウツギ",7.2,10.1,10.5,12.5,NA,NA,NA,NA,"19991111","20040610","20091007",20140310,0,0,0,0,-1,1,0,0,0,0,0,0
NA,NA,"912",NA,NA,NA,"カラマツ",104.9,110,NA,NA,"ツル込み",NA,"輪尺で再測","枯れ","19991111","20040610","20091007",20140310,0,0,0,0,0,0,0,0,0,0,1,0
NA,NA,"913",NA,NA,NA,"ツタウルシ",22,25.8,NA,NA,NA,"912と合体",NA,"枯れ","19991111","20040610","20091007",20140310,0,0,1,2,0,0,0,0,0,0,0,0
NA,NA,"914",NA,NA,NA,"ヤマグワ",9.1,11.3,12.2,14.5,NA,NA,NA,NA,"19991111","20040610","20091007",20140310,0,0,0,0,-1,1,0,0,0,0,0,0
NA,NA,"915",NA,NA,NA,"ヤマグワ",38.6,53.4,60,68.1,NA,NA,NA,"幹割れ","19991111","20040610","20091007",20140310,0,0,0,0,0,0,0,0,0,0,0,0
NA,NA,"916",NA,NA,NA,"ムラサキシキブ",9.7,10.1,12.9,15.7,NA,NA,NA,NA,"19991111","20040610","20091007",20140310,0,0,0,0,-1,1,0,0,0,0,0,0
NA,NA,"917",NA,NA,NA,"ミツバウツギ",13.2,14.5,15,15,NA,NA,NA,NA,"19991111","20040610","20091007",20140310,0,0,0,0,-1,1,0,0,0,0,0,0
NA,NA,"918",NA,NA,NA,"カラマツ",113.1,119.1,124.9,130.3,NA,NA,NA,"蔓込み","19991111","20040610","20091007",20140310,0,0,0,0,0,0,0,0,0,0,0,0
NA,NA,"919",NA,NA,NA,"ミツバウツギ",10.7,13.5,16.4,18.4,NA,NA,NA,NA,"19991111","20040610","20091007",20140310,0,0,0,0,-1,1,0,0,0,0,0,0
NA,NA,"920",NA,NA,NA,"カマツカ",16,17.3,16,17,NA,NA,NA,"923と同株","19991111","20040610","20091007",20140310,0,0,0,0,0,0,0,0,0,0,0,0
NA,NA,"921",NA,NA,NA,"カマツカ",16,16.7,16.3,16.4,NA,NA,NA,"923と同株","19991111","20040610","20091007",20140310,0,0,0,0,0,0,0,0,0,0,0,0
NA,NA,"922",NA,NA,NA,"カマツカ",17,17.9,14.5,14.3,NA,NA,NA,"923と同株","19991111","20040610","20091007",20140310,0,0,0,0,0,0,0,0,0,0,0,0
NA,NA,"923",NA,NA,NA,"カマツカ",14.1,15.4,17.7,17.8,NA,NA,NA,NA,"19991111","20040610","20091007",20140310,0,0,0,0,-1,1,0,0,0,0,0,0
NA,NA,"924",NA,NA,NA,"ミズキ",111.5,115.3,117.9,121.3,NA,NA,NA,NA,"19991111","20040610","20091007",20140310,0,0,0,0,0,0,0,0,0,0,0,0
NA,NA,"925",NA,NA,NA,"カマツカ",14.1,15.4,15.6,NA,NA,NA,NA,"枯れ","19991111","20040610","20091007",20140310,0,0,0,1,-1,1,0,0,0,0,0,0
NA,NA,"926",NA,NA,NA,"カマツカ",14.1,15.1,15.1,NA,NA,NA,NA,"枯れ","19991111","20040610","20091007",20140310,0,0,0,1,-1,1,0,0,0,0,0,0
NA,NA,"927",NA,NA,NA,"カラマツ",125.3,132.3,138.2,145.6,NA,NA,NA,NA,"19991111","20040610","20091007",20140310,0,0,0,0,0,0,0,0,0,0,0,0
NA,NA,"928",NA,NA,NA,"ミツバウツギ",12.9,15.1,14.5,13.6,NA,NA,NA,NA,"19991111","20040610","20091007",20140310,0,0,0,0,-1,1,0,0,0,0,0,0
NA,NA,"929",NA,NA,NA,"イヌザクラ",25.8,30.2,32,34.1,NA,NA,NA,NA,"19991111","20040610","20091007",20140310,0,0,0,0,0,0,0,0,0,0,0,0
NA,NA,"930",NA,NA,NA,"ミツバウツギ",30.8,33.9,33.8,30,NA,NA,NA,NA,"19991111","20040610","20091007",20140310,0,0,0,0,0,0,0,0,0,0,0,0
NA,NA,"931",NA,NA,NA,"カラマツ",113.1,121,128.2,134.7,NA,NA,NA,NA,"19991111","20040610","20091007",20140310,0,0,0,0,0,0,0,0,0,0,0,0
NA,NA,"932",NA,NA,NA,"ミツバウツギ",18.8,24.8,22.9,25.6,NA,NA,NA,NA,"19991111","20040610","20091007",20140310,0,0,0,0,0,0,0,0,0,0,0,0
NA,NA,"933",NA,NA,NA,"ミツバウツギ",15.4,NA,18.3,22.2,NA,"不明","750・753近く",NA,"19991111","20040610","20091007",20140310,0,0,0,0,-1,-1,1,0,0,1,0,0
NA,NA,"934",NA,NA,NA,"ミツバウツギ",20.1,NA,NA,NA,NA,"不明",NA,"なし","19991111","20040610","20091007",20140310,0,0,0,0,0,0,0,0,0,1,1,0
NA,NA,"935",NA,NA,NA,"ミツバウツギ",14.1,17,NA,NA,NA,NA,"枯れ","枯れ","19991111","20040610","20091007",20140310,0,0,1,2,-1,1,0,0,0,0,0,0
NA,NA,"936",NA,NA,NA,"ミツバウツギ",NA,12.9,68.8,14.1,NA,NA,"ツル込","蔓なし","19991111","20040610","20091007",20140310,0,0,0,0,0,0,0,0,1,0,2,0
NA,NA,"937",NA,NA,NA,"ミツバウツギ",NA,14.5,NA,NA,NA,NA,"枯れ","枯れ","19991111","20040610","20091007",20140310,0,0,1,2,0,0,0,0,1,0,0,0
NA,NA,"938",NA,NA,NA,"ヤマボウシ",NA,12.6,14.1,16.5,NA,NA,NA,NA,"19991111","20040610","20091007",20140310,0,0,0,0,0,0,0,0,1,0,0,0
NA,NA,"939",NA,NA,NA,"ミツバウツギ",NA,14.1,14.6,15.2,NA,NA,NA,NA,"19991111","20040610","20091007",20140310,0,0,0,0,0,0,0,0,1,0,0,0
NA,NA,"940",NA,NA,NA,"ヤマブドウ",NA,14.1,17.8,27.6,NA,NA,NA,NA,"19991111","20040610","20091007",20140310,0,0,0,0,0,0,0,0,1,0,0,0
NA,NA,"941",NA,NA,NA,"ガマズミ",NA,14.8,16.1,NA,NA,NA,NA,"枯れ","19991111","20040610","20091007",20140310,0,0,0,1,0,0,0,0,1,0,0,0
NA,NA,"942",NA,NA,NA,"ヤマグワ",NA,14.1,14.3,16.7,NA,NA,NA,NA,"19991111","20040610","20091007",20140310,0,0,0,0,0,0,0,0,1,0,0,0
NA,NA,"943",NA,NA,NA,"ミツバウツギ",NA,12.6,12.4,13.2,NA,NA,NA,NA,"19991111","20040610","20091007",20140310,0,0,0,0,0,0,0,0,1,0,0,0
NA,NA,"945",NA,NA,NA,"ミツバウツギ",NA,13.5,14.5,16.8,NA,NA,NA,NA,"19991111","20040610","20091007",20140310,0,0,0,0,0,0,0,0,1,0,0,0
NA,NA,"946",NA,NA,NA,"ガマズミ",NA,13.5,14,14.5,NA,NA,NA,NA,"19991111","20040610","20091007",20140310,0,0,0,0,0,0,0,0,1,0,0,0
NA,NA,"947",NA,NA,NA,"ミツバウツギ",NA,14.1,18.7,17.4,NA,NA,NA,NA,"19991111","20040610","20091007",20140310,0,0,0,0,0,0,0,0,1,0,0,0
NA,NA,"948",NA,NA,NA,"クロツバラ",NA,14.1,14,NA,NA,NA,NA,"枯れ","19991111","20040610","20091007",20140310,0,0,0,1,0,0,0,0,1,0,0,0
NA,NA,"949",NA,NA,NA,"ミツバウツギ",NA,13.2,16,18.1,NA,NA,NA,NA,"19991111","20040610","20091007",20140310,0,0,0,0,0,0,0,0,1,0,0,0
NA,NA,"950",NA,NA,NA,"クロツバラ",NA,13.5,13.8,15,NA,NA,NA,NA,"19991111","20040610","20091007",20140310,0,0,0,0,0,0,0,0,1,0,0,0
NA,NA,"951",NA,NA,NA,"ミツバウツギ",NA,12.9,13.7,14.1,NA,NA,NA,NA,"19991111","20040610","20091007",20140310,0,0,0,0,0,0,0,0,1,0,0,0
NA,NA,"952",NA,NA,NA,"ミツバウツギ",NA,14.5,NA,NA,NA,NA,"枯れ","枯れ","19991111","20040610","20091007",20140310,0,0,1,2,0,0,0,0,1,0,0,0
NA,NA,"953",NA,NA,NA,"ミツバウツギ",NA,13.5,15.5,NA,NA,NA,NA,"枯れ","19991111","20040610","20091007",20140310,0,0,0,1,0,0,0,0,1,0,0,0
NA,NA,"954",NA,NA,NA,"ヤマブドウ",NA,13.5,15.2,NA,NA,NA,NA,"枯れ","19991111","20040610","20091007",20140310,0,0,0,1,0,0,0,0,1,0,0,0
NA,NA,"955",NA,NA,NA,"ミツバウツギ",NA,13.8,12.5,NA,NA,NA,NA,"枯れ","19991111","20040610","20091007",20140310,0,0,0,1,0,0,0,0,1,0,0,0
NA,NA,"956",NA,NA,NA,"ヤマグワ",NA,14.1,18.4,25.1,NA,NA,NA,NA,"19991111","20040610","20091007",20140310,0,0,0,0,0,0,0,0,1,0,0,0
NA,NA,"957",NA,NA,NA,"ミツバウツギ",NA,12.9,12.9,NA,NA,NA,NA,"枯れ","19991111","20040610","20091007",20140310,0,0,0,1,0,0,0,0,1,0,0,0
NA,NA,"958",NA,NA,NA,"ミツバウツギ",NA,12.6,12.9,NA,NA,NA,NA,"枯れ","19991111","20040610","20091007",20140310,0,0,0,1,0,0,0,0,1,0,0,0
NA,NA,"959",NA,NA,NA,"ミツバウツギ",NA,16,NA,20.2,NA,NA,"枯れ","枯れ","19991111","20040610","20091007",20140310,0,0,1,2,0,0,0,0,1,0,0,0
NA,NA,"960",NA,NA,NA,"ミツバウツギ",NA,13.2,NA,NA,NA,NA,"枯れ","枯れ","19991111","20040610","20091007",20140310,0,0,1,2,0,0,0,0,1,0,0,0
NA,NA,"961",NA,NA,NA,"ミツバウツギ",NA,13.2,13.1,17,NA,NA,NA,NA,"19991111","20040610","20091007",20140310,0,0,0,0,0,0,0,0,1,0,0,0
NA,NA,"962",NA,NA,NA,"ミツバウツギ",NA,12.6,13.7,NA,NA,NA,"半枯れ","枯れ","19991111","20040610","20091007",20140310,0,0,0,1,0,0,0,0,1,0,0,0
NA,NA,"963",NA,NA,NA,"ミツバウツギ",NA,12.7,13.4,15.5,NA,NA,"枯れ","","19991111","20040610","20091007",20140310,0,0,0,0,0,0,0,0,1,0,0,0
NA,NA,"964",NA,NA,NA,"ミズキ",NA,15.1,NA,NA,NA,NA,"枯れ","枯れ","19991111","20040610","20091007",20140310,0,0,1,2,0,0,0,0,1,0,0,0
NA,NA,"965",NA,NA,NA,"ミツバウツギ",NA,12.9,14.5,15.7,NA,NA,NA,NA,"19991111","20040610","20091007",20140310,0,0,0,0,0,0,0,0,1,0,0,0
NA,NA,"966_547",NA,NA,NA,"シラクチヅル",9.4,11.9,NA,NA,NA,"札落ち→966に変更","枯れ","枯れ","19990402","20040610","20091007",20140310,0,0,1,2,-1,1,0,0,0,0,0,0
NA,NA,"967",NA,NA,NA,"ミツバウツギ",9.7,11,29.5,44.2,NA,"札落ち→969に変更",NA,NA,"19990402","20040610","20091007",20140310,0,0,0,0,-1,1,0,0,0,0,0,0
NA,NA,"968",NA,NA,NA,"ヤマブドウ",16.3,18.2,14.3,NA,NA,"札落ち→970に変更","507・508近く","発見できず、おそらく枯れ","19990402","20040610","20091007",20140310,0,0,0,1,0,0,0,0,0,0,0,0
NA,NA,"969_609",NA,NA,NA,"フジザクラ",17.3,20.4,13.3,15.4,NA,"札落ち→971に変更","969札落ち→609有り","ミツバウツギ","19990402","20040610","20091007",20140310,0,0,0,0,0,0,0,0,0,0,0,0
NA,NA,"970_578",NA,NA,NA,"クマヤナギ",14.8,16.7,NA,NA,NA,"札落ち→972に変更","枯れ","枯れ","19990402","20040610","20091007",20140310,0,0,1,2,-1,1,0,0,0,0,0,0
NA,NA,"971_582",NA,NA,NA,"ミツバウツギ",10.1,10.7,25.6,27.9,NA,"札落ち→973に変更",NA,NA,"19990402","20040610","20091007",20140310,0,0,0,0,-1,1,0,0,0,0,0,0
NA,NA,"972_597",NA,NA,NA,"カラマツ",133.5,138.9,18.3,18.3,NA,"札落ち→974に変更",NA,NA,"19990402","20040610","20091007",20140310,0,0,0,0,0,0,0,0,0,0,1,0
NA,NA,"973_643",NA,NA,NA,"ニワトコ",NA,NA,NA,NA,"gbh99=4.1.朽木","枯れ","枯れ","枯れ","19991111","20040610","20091007",20140310,1,2,2,2,-1,-1,-1,-1,0,0,0,0
NA,NA,"974_610",NA,NA,NA,"ミツバウツギ",NA,NA,144.5,146.5,"gbh99=6.4.倒木",NA,"札落ち",NA,"19990402","20040610","20091007",20140310,1,2,2,2,0,0,0,0,1,1,1,0
NA,NA,"974_新1",NA,NA,NA,"ヤマグワ",NA,NA,18.5,NA,NA,NA,"706の下","枯れ",NA,NA,"20091007",20140310,0,0,0,1,-1,-1,1,0,0,0,0,0
NA,NA,"975_新2",NA,NA,NA,"ヤマブドウ",NA,NA,18,NA,NA,NA,"516脇","枯れ",NA,NA,"20091007",20140310,0,0,0,1,-1,-1,1,0,0,0,0,0
NA,NA,"977_新3",NA,NA,NA,"ミツバウツギ",NA,NA,15.9,NA,NA,NA,"546・971近く","枯れ",NA,NA,"20091007",20140310,0,0,0,1,-1,-1,1,0,0,0,0,0
NA,NA,"2014の進界１",NA,NA,NA,"ミツバウツギ",NA,NA,NA,16.6,NA,NA,NA,"735の横1.0m",NA,NA,NA,20140310,0,0,0,0,-1,-1,-1,1,0,0,0,0
