#/log,DATA CREATED,データ作成日,20180320,,,,,,,,,,
#/doc,DATA CREATER,データ作成者,西村尚之,,,,,,,,,,
#,DATA TITLE,データ名,Temporal Change in Tree Girth at Breast Height at Kiso-akasawa (KI-EC1).,,,,,,,,,,
#,SITE NAME,サイト名,木曽,,,,,,,,,,
#,PLOT NAME,調査区名,-,,,,,,,,,,
#,PLOT CODE,調査区コード,KI-EC1,,,,,,,,,,
#,PLOT SIZE,面積,1ha,,,,,,,,,,
#,PRAMETER DEFINITIONS,mesh_xcord,10ｍ方形区ｘ座標,,,,,,,,,,
#,,mesh_ｙcord,10ｍ方形区ｙ座標,,,,,,,,,,
#,,tag_no,幹タグ番号,,,,,,,,,,
#,,indv_no,個体タグ番号,,,,,,,,,,
#,,stem_xcord,幹のx座標（10m方形区内での座標）,,,,,,,,,,
#,,stem_ycord,幹のｙ座標（10m方形区内での座標）,,,,,,,,,,
#,,spc_japan,種名,,,,,,,,,,
#,,gbh,胸高周囲長〔cm〕,,,,,,,,,,
#,,note,備考,,,,,,,,,,
#,,s_data,調査日,,,,,,,,,,
#/note,,gbh（t+1）-gbh(t)>6　もしくは<−3は測定間違いとする,,,,,,,,,,,
#/note,20090421,データ成形（石原）,,,,,,,,,,,
#,,タグNoの重複多数だったので、セルx座標_セルy座標_タグ番号に書き換えた。,,,,,,,,,,,
#,,異なるセルで同株の幹はなかったので、セルx座標_セルy座標_個体番号に書き換えた。,,,,,,,,,,,
#,,100_30_593が２個体あったので、ホオノキを100_30_592に変更,,,,,,,,,,,
#,20091020,"mesh_xcord(Moni1000)=mesh_xcord(origina)-10, mesh_ycord(Moni1000)=mesh_ycord(original)-10",,,,,,,,,,,
#,20171006,公開データのためのエラーチェック（日野）,,,,,,,,,,,
#,,note_13に「G08測定ミス」「G08過大」と書かれている幹個体のgbh08の計測値の前にndを入力,,,,,,,,,,,
#,,,,,,,,,,,,,
#,,,,,,,,,,,,,
#,,,,,,,,,,,,,
#/data,,,,,,,,,,,,,
"mesh_xcord","mesh_ycord","tag_no","indv_no","stem_xcord","stem_ycord","spc_japan","gbh08","gbh13","note08","note13","s_date08","s_date13","新ID","dl08","dl13","rec08","rec13","error08","error13"
0,0,"145","145",4.6,0.7,"ホオノキ",21.5,21.7,NA,NA,39685,41508,"nWA5",0,0,0,0,0,0
0,0,"146","146",5.5,2,"サワラ",145.4,147.4,NA,NA,39685,41508,"nWA6",0,0,0,0,0,0
0,0,"147","147",5.4,2.5,"アスナロ",20.3,21.1,NA,"傾く",39685,41508,"nWA7",0,0,0,0,0,0
0,0,"1","1",1.6,3.5,"アスナロ",20.6,21.1,NA,NA,39685,41508,"nWA1",0,0,0,0,0,0
0,0,"3","3",4.6,4,"アスナロ",22.4,22.1,NA,"G08測定ミス",39685,41508,"nWA3",0,0,0,0,1,0
0,0,"2","2",1.1,4.2,"アスナロ",31,32.3,NA,NA,39685,41508,"nWA2",0,0,0,0,0,0
0,0,"4","4",1.5,5.4,"ヒノキ",241.2,244.1,NA,NA,39685,41508,"nWA4",0,0,0,0,0,0
0,0,"149","149",6,6.2,"アスナロ",27.4,28.9,NA,NA,39685,41508,"nWA8",0,0,0,0,0,0
0,0,"6","6",2.5,7.6,"シロモジ",20,20,NA,NA,39685,41508,"nWA9",0,0,0,0,0,0
0,0,"7","7",3.3,8.2,"アスナロ",41.6,42.5,NA,NA,39685,41508,"nWA10",0,0,0,0,0,0
0,10,"10","10",3.2,1.8,"アスナロ",23.2,23.7,NA,NA,39685,41508,"nWA12",0,0,0,0,0,0
0,10,"150","150",7.8,1.9,"アスナロ",77.6,79,NA,NA,39685,41508,"nWA14",0,0,0,0,0,0
0,10,"J276","YJ276",4.7,2.9,"アスナロ",17.5,17.6,NA,NA,39685,41508,"nWA13",0,0,0,0,0,0
0,10,"154","154",5.5,4.5,"ヒノキ",231.1,232,NA,NA,39685,41508,"nWA15",0,0,0,0,0,0
0,10,"14","14",4.5,7.3,"シロモジ",21,21,NA,NA,39685,41508,"nWA16",0,0,0,0,0,0
0,10,"15","15",2.3,9.9,"アスナロ",29.6,30,NA,NA,39685,41508,"nWA17",0,0,0,0,0,0
0,20,"J289","YJ289",5.4,0,"アスナロ",21.5,21.7,NA,NA,39685,41508,"nWA18",0,0,0,0,0,0
0,20,"162","162",7.9,1.7,"アスナロ",24,23.4,NA,"縮む",39685,41508,"nWA23",0,0,0,0,0,0
0,20,"18","18",3.5,2.6,"コミネカエデ",22.5,22.5,NA,NA,39685,41508,"nWA19",0,0,0,0,0,0
0,20,"163","163",8.6,3.5,"アスナロ",71,72.4,NA,NA,39685,41508,"nWA21",0,0,0,0,0,0
0,20,"17","17",2.1,3.9,"アスナロ",39.6,40.9,NA,NA,39685,41508,"nWA20",0,0,0,0,0,0
0,20,"wG54","WG54",9.6,9.4,"アスナロ",41,43,NA,NA,39685,41508,"nWA22",0,0,0,0,0,0
0,20,"23","23",1.2,9.6,"ヒノキ",202.5,204.9,NA,NA,39685,41508,"nWA24",0,0,0,0,0,0
0,20,"J290","YJ290",6.3,9.6,"シロモジ",18,NA,NA,"立枯",39685,41508,"",0,1,0,0,0,0
0,30,"168","168",8.1,0.9,"アスナロ",23.6,23.6,NA,NA,39685,41508,"nWA31",0,0,0,0,0,0
0,30,"24","24",0.4,2.1,"アスナロ",19.5,19.5,NA,NA,39685,41508,"nWA25",0,0,0,0,0,0
0,30,"174","174",8.7,2.8,"アスナロ",39.7,40.3,NA,NA,39685,41508,"nWA32",0,0,0,0,0,0
0,30,"170","170",6.9,2.9,"アスナロ",16.9,NA,NA,"立枯",39685,41508,"",0,1,0,0,0,0
0,30,"171","171",6.5,3.3,"アスナロ",19.8,20.1,NA,NA,39685,41508,"nWA26",0,0,0,0,0,0
0,30,"172","172",7.1,3.3,"アスナロ",18.7,18.7,NA,NA,39685,41508,"nWA27",0,0,0,0,0,0
0,30,"173","173",7.5,3.6,"ヒノキ",209.8,211.4,NA,NA,39685,41508,"nWA28",0,0,0,0,0,0
0,30,"25","25",3.1,5.1,"アスナロ",34.4,35,NA,NA,39685,41508,"nWA30",0,0,0,0,0,0
0,30,"176","176",5.7,5.4,"アスナロ",35,35.5,NA,NA,39685,41508,"nWA29",0,0,0,0,0,0
0,30,"177","177",9.4,6.2,"アスナロ",29.7,30.4,NA,NA,39685,41508,"nWA33",0,0,0,0,0,0
0,30,"178","178",8.3,6.4,"アスナロ",28.6,28.6,NA,NA,39685,41508,"nWA34",0,0,0,0,0,0
0,30,"J277","YJ277",4,7.1,"アスナロ",19.6,20.1,NA,NA,39685,41508,"nWA37",0,0,0,0,0,0
0,30,"26","26",0.3,7.1,"アスナロ",26.6,27.2,NA,NA,39685,41508,"nWA38",0,0,0,0,0,0
0,30,"179","179",9.3,7.4,"アスナロ",39.5,40.4,NA,NA,39685,41508,"nWA35",0,0,0,0,0,0
0,30,"180","180",8.6,7.5,"アスナロ",19.1,18.6,NA,"縮む",39685,41508,"nWA36",0,0,0,0,0,0
0,30,"29","29",2.4,8.7,"アスナロ",22.7,23.5,NA,NA,39685,41508,"nWA40",0,0,0,0,0,0
0,30,"28","28",3.3,8.9,"アスナロ",20.7,20.6,NA,NA,39685,41508,"nWA41",0,0,0,0,0,0
0,30,"27","27",0.7,9.2,"アスナロ",17.2,17.2,NA,NA,39685,41508,"nWA39",0,0,0,0,0,0
0,40,"32","32",0.2,1.5,"アスナロ",22.5,22.5,NA,NA,39685,41508,"nWA42",0,0,0,0,0,0
0,40,"35","35",1.9,1.6,"ヒノキ",278,283.8,NA,NA,39685,41508,"nWA44",0,0,0,0,0,0
0,40,"194","194",9.4,1.8,"ホオノキ",32.7,33.1,NA,NA,39685,41508,"nWA48",0,0,0,0,0,0
0,40,"34","34",0,2.6,"アスナロ",19.2,19.4,NA,NA,39685,41508,"nWA43",0,0,0,0,0,0
0,40,"36","36",1.1,3.4,"アスナロ",28.5,29.4,NA,NA,39685,41508,"nWA45",0,0,0,0,0,0
0,40,"37","37",3.5,4,"アスナロ",18.5,NA,NA,"立枯",39685,41508,"",0,1,0,0,0,0
0,40,"38","38",3.5,4.5,"アスナロ",30,30.3,NA,NA,39685,41508,"nWA46",0,0,0,0,0,0
0,40,"wG55","WG55",7.8,5,"ホオノキ",28.5,28.8,NA,NA,39685,41508,"nWA49",0,0,0,0,0,0
0,40,"198","198",5.9,5.2,"ホオノキ",32.3,33.1,NA,NA,39685,41508,"nWA50",0,0,0,0,0,0
0,40,"wG1","WG1",2.3,5.8,"アスナロ",15.6,NA,"傾く","幹折",39685,41508,"",0,1,-1,-1,0,0
0,40,"41","41",1.4,7.6,"アスナロ",21.7,21.3,"ネル","縮む",39685,41508,"nWA52",0,0,0,0,0,0
0,40,"200","200",6.7,8.3,"アスナロ",31.1,NA,NA,"幹折",39685,41508,"",0,1,0,0,0,0
0,40,"43","43",2.4,8.7,"アスナロ",17.6,16.8,"傾く","倒れて縮む",39685,41508,"nWA53",0,0,0,0,0,0
0,40,"42","42",0,8.8,"ヒノキ",29,28.5,NA,"G08測定ミス",39685,41508,"nWA51",0,0,0,0,1,0
0,40,"201","201",6.4,8.8,"ホオノキ",25.4,25.5,NA,NA,39685,41508,"nWA55",0,0,0,0,0,0
0,40,"45","45",3.7,8.9,"アスナロ",89,89.4,NA,NA,39685,41508,"nWA54",0,0,0,0,0,0
0,40,"203","203",5.2,9.2,"アスナロ",18.2,NA,NA,"立枯",39685,41508,"",0,1,0,0,0,0
0,40,"202","202",5.7,9.4,"コミネカエデ",23.4,NA,NA,"立枯",39685,41508,"",0,1,0,0,0,0
0,50,"204","204",5.8,0.5,"アオダモ",19.2,20.3,NA,NA,39685,41508,"nWA60",0,0,0,0,0,0
0,50,"46","46",2.4,3,"ヒノキ",205.5,204.5,NA,"G08測定ミス",39685,41508,"nWA56",0,0,0,0,1,0
0,50,"208","208",7.5,4,"ヒノキ",170.3,174.3,NA,"根上りで測定",39685,41508,"nWA61",0,0,0,0,0,0
0,50,"210","210",8.5,4.2,"アスナロ",21.7,21.9,NA,NA,39685,41508,"nWA62",0,0,0,0,0,0
0,50,"209","209",6.8,4.3,"アスナロ",22.8,22.4,NA,"縮む",39685,41508,"nWA63",0,0,0,0,0,0
0,50,"wG59","WG59",5.7,5.7,"シロモジ",19.7,NA,NA,"立枯",39685,41508,"",0,1,0,0,0,0
0,50,"wG59","WG60",5.7,5.7,"シロモジ",19,18.5,NA,"縮む",39685,41508,"nWA59",0,0,0,0,0,0
0,50,"48","48",1.7,6.2,"アスナロ",18.5,18.9,NA,NA,39685,41508,"nWA58",0,0,0,0,0,0
0,50,"47","47",0,6.3,"ホオノキ",40,40.4,NA,NA,39685,41508,"nWA57",0,0,0,0,0,0
0,50,"215","215",8.4,6.4,"ホオノキ",21.5,21.1,NA,"G08測定ミス",39685,41508,"nWA64",0,0,0,0,1,0
0,50,"216","216",8.8,6.5,"アスナロ",21.1,21.1,NA,NA,39685,41508,"nWA65",0,0,0,0,0,0
0,50,"217","217",6.1,7.3,"アスナロ",29.5,30,NA,NA,39685,41508,"nWA66",0,0,0,0,0,0
0,50,"49","49",1.6,8.5,"ホオノキ",34.5,34.7,NA,NA,39685,41508,"nWA67",0,0,0,0,0,0
0,50,"218","218",8.2,8.7,"アスナロ",26.4,26.2,NA,"縮む",39685,41508,"nWA68",0,0,0,0,0,0
0,50,"219","219",9.5,9,"アスナロ",31.1,31.1,NA,NA,39685,41508,"nWA69",0,0,0,0,0,0
0,50,"220","220",7.3,9.6,"アスナロ",19,19.3,NA,NA,39685,41508,"nWA70",0,0,0,0,0,0
0,60,"242","242",6.5,0.8,"ヒノキ",181,188,NA,"G08測定ミス",39685,41508,"nWA71",0,0,0,0,1,0
0,60,"246","246",8.3,1.9,"アスナロ",19.1,NA,NA,"立枯",39685,41508,"",0,1,0,0,0,0
0,60,"247","247",9.8,1.9,"アスナロ",71.9,73.6,NA,NA,39685,41508,"nWA74",0,0,0,0,0,0
0,60,"243","243",5.9,2.1,"ヒノキ",164.9,180.5,NA,"G08測定ミス",39685,41508,"nWA72",0,0,0,0,1,0
0,60,"wG61","WG61",8,2.6,"アスナロ",16,16.3,"傾く",NA,39685,41508,"nWA77",0,0,0,0,0,0
0,60,"245","245",7,2.6,"アスナロ",55.2,55.5,NA,NA,39685,41508,"nWA73",0,0,0,0,0,0
0,60,"51","51",1.8,3.5,"アスナロ",30.1,30.7,NA,NA,39685,41508,"nWA78",0,0,0,0,0,0
0,60,"249","249",7.2,4.5,"アスナロ",17.8,17.9,NA,NA,39685,41508,"nWA75",0,0,0,0,0,0
0,60,"250","250",6.5,5.1,"アスナロ",16.5,16.5,NA,NA,39685,41508,"nWA76",0,0,0,0,0,0
0,60,"wG2","WG2",4.1,9.2,"ホオノキ",26.5,27.6,NA,NA,39685,41508,"nWA79",0,0,0,0,0,0
0,70,"252","252",6.9,1.3,"タムシバ",34,36,NA,NA,39685,41508,"nWA81",0,0,0,0,0,0
0,70,"54","54",4.4,1.6,"ホオノキ",21.4,20.7,NA,"G08測定ミス",39685,41508,"nWA80",0,0,0,0,1,0
0,70,"253","253",9.7,2.8,"アスナロ",20.1,19.9,NA,"G08測定ミス",39685,41508,"nWA82",0,0,0,0,1,0
0,70,"255","255",6.9,4,"ヒノキ",253.4,270,NA,"G08測定ミス",39685,41508,"nWA84",0,0,0,0,1,0
0,70,"55","55",3.4,4.1,"アスナロ",37.4,37.7,NA,NA,39685,41508,"nWA86",0,0,0,0,0,0
0,70,"259","259",8.9,4.3,"アスナロ",20.6,20.4,NA,NA,39685,41508,"nWA83",0,0,0,0,0,0
0,70,"256","256",6.2,4.4,"アスナロ",17.3,18,NA,NA,39685,41508,"nWA85",0,0,0,0,0,0
0,70,"J291","YJ291",7.8,5.2,"アスナロ",16,16.4,NA,NA,39685,41508,"nWA88",0,0,0,0,0,0
0,70,"60","60",3.3,5.9,"ヒノキ",262.3,266.3,NA,NA,39685,41508,"nWA87",0,0,0,0,0,0
0,70,"258","258",6.3,6.2,"アスナロ",23.4,23.3,NA,NA,39685,41508,"nWA89",0,0,0,0,0,0
0,70,"59","59",1.6,6.8,"ヒノキ",211.6,216.5,NA,NA,39685,41508,"nWA90",0,0,0,0,0,0
0,70,"61","61",3.1,7.5,"アスナロ",62.2,62.6,NA,NA,39685,41508,"nWA91",0,0,0,0,0,0
0,70,"260","260",9.1,7.8,"アスナロ",31.2,31.5,NA,NA,39685,41508,"nWA93",0,0,0,0,0,0
0,70,"62","62",5.1,8.4,"アスナロ",59.1,59.8,NA,NA,39685,41508,"nWA92",0,0,0,0,0,0
0,70,"64","64",2.2,9.7,"アスナロ",20,20.2,NA,NA,39685,41508,"nWA95",0,0,0,0,0,0
0,80,"wG64","WG64",7.1,0.1,"ヒノキ",187.1,190.5,NA,NA,39685,41508,"nWA94",0,0,0,0,0,0
0,80,"65","65",4.5,0.2,"アスナロ",25.2,25.2,"傾く",NA,39685,41508,"nWA96",0,0,0,0,0,0
0,80,"279","279",9.2,0.8,"アスナロ",24.2,24.5,NA,NA,39685,41508,"nWA99",0,0,0,0,0,0
0,80,"66","66",4.6,1.3,"アスナロ",19.3,19.1,NA,NA,39685,41508,"nWA97",0,0,0,0,0,0
0,80,"67","67",4.1,1.8,"アスナロ",21.2,21.3,NA,NA,39685,41508,"nWA98",0,0,0,0,0,0
0,80,"280","280",8.6,2.9,"アスナロ",23.5,23.2,NA,"G08過大",39685,41508,"nWA100",0,0,0,0,1,0
0,80,"J451","YJ451",5.2,3,"シロモジ",20.3,20.2,NA,NA,39685,41508,"nWA101",0,0,0,0,0,0
0,80,"J451","YJ452",5.2,3,"シロモジ",18.3,NA,NA,"立枯",39685,41508,"",0,1,0,0,0,0
0,80,"J451","YJ453",5.2,3,"シロモジ",18.7,NA,NA,"立枯",39685,41508,"",0,1,0,0,0,0
0,80,"J280","YJ280",3.7,3.1,"シロモジ",17.8,NA,"傾く","立枯",39685,41508,"",0,1,0,0,0,0
0,80,"284","284",9.4,5.6,"アスナロ",51.5,53.1,NA,NA,39685,41508,"nWA102",0,0,0,0,0,0
0,80,"71","71",3.9,8.1,"サワラ",18.5,NA,NA,"立枯",39685,41508,"",0,1,0,0,0,0
0,80,"72","72",1.7,8.7,"シロモジ",22.8,NA,"傾く","立枯",39685,41508,"",0,1,0,0,0,0
0,80,"74","74",3.1,9.3,"ヒノキ",216.5,222.8,NA,NA,39685,41508,"nWA103",0,0,0,0,0,0
0,90,"75","75",3.7,0.2,"アスナロ",53.2,56.6,NA,NA,39685,41508,"nWA105",0,0,0,0,0,0
0,90,"73","73",1.8,0.4,"アスナロ",42,44.2,NA,NA,39685,41508,"nWA104",0,0,0,0,0,0
0,90,"J282","YJ282",5.5,2.7,"シロモジ",17,NA,"傾く","幹折",39685,41508,"",0,1,0,0,0,0
0,90,"wG66","WG66",8.5,6.4,"シロモジ",22.5,NA,NA,"立枯，x座標修正済",39685,41508,"",0,1,0,0,0,0
0,90,"wG65","WG65",8.9,6.4,"シロモジ",25.4,NA,NA,"立枯，y座標修正済",39685,41508,"",0,1,0,0,0,0
0,90,"wG65","WG67",8.9,6.9,"シロモジ",25.4,NA,NA,"立枯",39685,41508,"",0,1,0,0,0,0
0,90,"J283","YJ283",3.7,7.7,"シロモジ",17.7,NA,"傾く","幹折",39685,41508,"",0,1,0,0,0,0
10,0,"wG101","WG101",5.6,0.5,"サワラ",170.3,170.3,NA,NA,39685,41508,"nWA108",0,0,0,0,0,0
10,0,"wG51","WG51",0.7,0.9,"ヒノキ",216.1,221.9,NA,NA,39685,41508,"nWA107",0,0,0,0,0,0
10,0,"158","158",0.1,3.7,"シロモジ",22.1,22.8,NA,NA,39685,41508,"nWA106",0,0,0,0,0,0
10,0,"155","156",0.1,5.2,"ヒノキ",224.6,224.5,NA,NA,39685,41508,"nWA110",0,0,0,0,0,0
10,0,"155","155",0.1,5.2,"ヒノキ",261,263,NA,NA,39685,41508,"nWA111",0,0,0,0,0,0
10,0,"159","159",0.5,9.9,"アスナロ",23,25.1,NA,NA,39685,41508,"nWA112",0,0,0,0,0,0
10,10,"418","418",9.4,1.3,"ホオノキ",23.3,23.8,NA,NA,39685,41508,"nWA114",0,0,0,0,0,0
10,10,"183","183",5.8,9.9,"サワラ",197.2,200,NA,NA,39685,41508,"nWA113",0,0,0,0,0,0
10,20,"184","184",0.1,1.7,"アスナロ",33.1,33.8,NA,NA,39685,41508,"nWA115",0,0,0,0,0,0
10,20,"185","185",1.3,3.2,"ヒノキ",180.6,181.2,NA,NA,39685,41508,"nWA116",0,0,0,0,0,0
10,20,"wG52","WG52",4.8,3.3,"ミズナラ",248.1,248.5,NA,NA,39685,41508,"nWA117",0,0,0,0,0,0
10,20,"188","188",0.6,4.6,"アスナロ",24.5,25.4,NA,NA,39685,41508,"nWA119",0,0,0,0,0,0
10,20,"187","187",5.3,5.3,"サワラ",118.9,118.6,NA,"G08測定ミス",39685,41508,"nWA118",0,0,0,0,1,0
10,20,"wG102","WG102",8.9,6.8,"シウリザクラ",15,NA,"樹種確認必要","立枯",39685,41508,"",0,1,-1,-1,0,0
10,20,"J350","YJ350",8.5,6.9,"オオウラジロノキ",22.4,23.5,NA,NA,39685,41508,"nWA120",0,0,0,0,0,0
10,20,"wG103","WG103",9.5,7.2,"ホオノキ",15.5,15.3,NA,NA,39685,41508,"nWA121",0,0,-1,-1,0,0
10,30,"442","442",8.2,2.3,"アスナロ",43.4,45,NA,NA,39685,41508,"nWA122",0,0,0,0,0,0
10,30,"190","190",0.6,3.3,"ヒノキ",249.6,250.5,NA,NA,39685,41508,"nWA123",0,0,0,0,0,0
10,30,"wG105","WG105",9.2,4.2,"ヒノキ",219.2,222.9,NA,NA,39685,41508,"nWA124",0,0,0,0,0,0
10,30,"446","446",6.8,5.5,"アスナロ",23.3,24.5,NA,NA,39685,41508,"nWA129",0,0,0,0,0,0
10,30,"444","444",8.7,5.6,"ヒノキ",227.9,228.4,NA,NA,39685,41508,"nWA126",0,0,0,0,0,0
10,30,"445","445",8.5,5.8,"ヒノキ",21.7,21,NA,"G08測定ミス",39685,41508,"nWA125",0,0,0,0,1,0
10,30,"192","192",0.4,6.3,"アスナロ",35,37.3,NA,NA,39685,41508,"nWA128",0,0,0,0,0,0
10,30,"193","193",5,6.9,"ヒノキ",207.6,208.5,NA,NA,39685,41508,"nWA127",0,0,0,0,0,0
10,40,"221","221",0.2,0.3,"ホオノキ",25.9,26.1,NA,NA,39685,41508,"nWA130",0,0,0,0,0,0
10,40,"222","222",2.9,0.6,"ヒノキ",122.9,125,NA,NA,39685,41508,"nWA131",0,0,0,0,0,0
10,40,"223","223",0.9,3.7,"ホオノキ",40.3,42,"ギャップ下",NA,39685,41508,"nWA132",0,0,0,0,0,0
10,40,"462","462",8.9,3.8,"アスナロ",45.3,46.8,NA,NA,39685,41508,"nWA136",0,0,0,0,0,0
10,40,"224","224",1.4,5.4,"ホオノキ",61.4,65.4,"ギャップ下",NA,39685,41508,"nWA133",0,0,0,0,0,0
10,40,"wG56","WG56",0.8,7.1,"ホオノキ",44.7,47.2,NA,NA,39685,41508,"nWA134",0,0,0,0,0,0
10,40,"226","226",1.4,7.5,"アスナロ",27.9,27.6,"傾く","G08過大",39685,41508,"nWA135",0,0,0,0,1,0
10,40,"227","227",1.4,8.1,"アスナロ",17.7,17.8,NA,NA,39685,41508,"nWA137",0,0,0,0,0,0
10,40,"464","464",8.9,9.1,"アスナロ",20.6,21.4,NA,NA,39685,41508,"nWA139",0,0,0,0,0,0
10,40,"465","465",9.2,9.3,"ヒノキ",39.7,39.6,NA,NA,39685,41508,"nWA140",0,0,0,0,0,0
10,40,"466","466",9.7,9.4,"アスナロ",15.6,15.5,NA,NA,39685,41508,"nWA141",0,0,-1,-1,0,0
10,40,"J345","YJ345",1.4,9.5,"アスナロ",17.2,17,"ネル、接地",NA,39685,41508,"nWA138",0,0,0,0,0,0
10,50,"wG57","WG57",2.3,0.3,"ホオノキ",28.7,28.8,NA,NA,39685,41508,"nWA142",0,0,0,0,0,0
10,50,"467","467",8.4,0.3,"ホオノキ",23.4,24.1,NA,NA,39685,41508,"nWA143",0,0,0,0,0,0
10,50,"468","468",8.9,0.4,"アスナロ",19.1,19.9,NA,NA,39685,41508,"nWA144",0,0,0,0,0,0
10,50,"234","234",2.3,2.3,"ホオノキ",24.8,24.8,NA,NA,39685,41508,"nWA147",0,0,0,0,0,0
10,50,"470","470",8.6,3.9,"アスナロ",30.3,31.5,NA,NA,39685,41508,"nWA145",0,0,0,0,0,0
10,50,"235","235",0.3,4.9,"アスナロ",39.2,39.6,NA,NA,39685,41508,"nWA148",0,0,0,0,0,0
10,50,"wG58","WG58",1.3,5.5,"ヒノキ",137.8,139.4,NA,NA,39685,41508,"nWA149",0,0,0,0,0,0
10,50,"471","471",9.9,7.1,"アスナロ",19.5,19.4,NA,NA,39685,41508,"nWA146",0,0,0,0,0,0
10,50,"238","238",1.1,7.7,"アスナロ",37.7,38.2,NA,NA,39685,41508,"nWA150",0,0,0,0,0,0
10,50,"240","240",2.1,7.9,"アスナロ",20.6,20.9,NA,NA,39685,41508,"nWA152",0,0,0,0,0,0
10,50,"239","239",1.5,8.1,"アスナロ",33.4,34.4,NA,NA,39685,41508,"nWA151",0,0,0,0,0,0
10,50,"472","472",9.8,8.5,"アスナロ",25.3,26.1,NA,NA,39685,41508,"nWA154",0,0,0,0,0,0
10,50,"241","241",1.4,9.4,"アスナロ",38.1,39.3,NA,NA,39685,41508,"nWA153",0,0,0,0,0,0
10,60,"500","500",8.5,1.1,"アスナロ",19,19.6,NA,NA,39685,41508,"nWA155",0,0,0,0,0,0
10,60,"501","501",8.3,1.2,"サワラ",29,29.6,NA,NA,39685,41508,"nWA156",0,0,0,0,0,0
10,60,"262","262",1.3,1.8,"ヒノキ",278.1,279.1,NA,NA,39685,41508,"nWA161",0,0,0,0,0,0
10,60,"502","502",8.4,2.6,"アスナロ",44.9,46.2,NA,NA,39685,41508,"nWA157",0,0,0,0,0,0
10,60,"263","263",1.7,2.7,"コシアブラ",35.8,35.8,NA,NA,39685,41508,"nWA160",0,0,0,0,0,0
10,60,"504","504",9.6,3.7,"ヒノキ",278.1,280.5,NA,NA,39685,41508,"nWA159",0,0,0,0,0,0
10,60,"503","503",8.3,4.8,"アスナロ",29.7,30.2,NA,NA,39685,41508,"nWA158",0,0,0,0,0,0
10,60,"264","264",0.7,5.5,"ホオノキ",23,23.1,NA,NA,39685,41508,"nWA162",0,0,0,0,0,0
10,60,"wG63","WG63",1.7,6.2,"ホオノキ",21.8,23.1,NA,NA,39685,41508,"nWA163",0,0,0,0,0,0
10,60,"J333","WG62",2.2,8.5,"シロモジ",17.5,17.7,"J333と同株、シロモジNo黄E726",NA,39685,41508,"nWA164",0,0,0,0,0,0
10,60,"J333","YJ333",2.2,8.5,"シロモジ",19.2,19.8,NA,NA,39685,41508,"nWA165",0,0,0,0,0,0
10,70,"266","266",1.4,0.8,"アスナロ",34.2,34.5,NA,NA,39685,41508,"nWA166",0,0,0,0,0,0
10,70,"272","272",2.8,0.8,"ホオノキ",22,23.2,NA,NA,39685,41508,"nWA169",0,0,0,0,0,0
10,70,"269","269",2.9,1.1,"ヒノキ",221.9,225.2,NA,"根上りで測定",39685,41508,"nWA168",0,0,0,0,0,0
10,70,"267","267",0.1,1.7,"ヒノキ",184.8,186,NA,NA,39685,41508,"nWA167",0,0,0,0,0,0
10,70,"268","268",0.1,3,"アスナロ",23.1,NA,NA,"立枯",39685,41508,"",0,1,0,0,0,0
10,70,"271","271",1,4.3,"アスナロ",16.2,16.3,NA,NA,39685,41508,"nWA170",0,0,0,0,0,0
10,70,"J332","YJ332",3.7,4.9,"シロモジ",15.8,NA,NA,"立枯",39685,41508,"",0,1,0,0,0,0
10,70,"273","273",3.5,6.3,"ヒノキ",124.1,124.8,NA,NA,39685,41508,"nWA171",0,0,0,0,0,0
10,70,"274","274",2.1,7.1,"アスナロ",35.3,36.4,NA,NA,39685,41508,"nWA172",0,0,0,0,0,0
10,70,"275","275",0.4,7.3,"ヒノキ",177.4,180.5,NA,NA,39685,41508,"nWA173",0,0,0,0,0,0
10,70,"276","276",0.1,7.3,"アスナロ",26.2,26.2,NA,NA,39685,41508,"nWA174",0,0,0,0,0,0
10,70,"277","277",1.2,8.5,"アスナロ",26.5,26.5,NA,NA,39685,41508,"nWA175",0,0,0,0,0,0
10,80,"B334","YB334",3.5,0.9,"シロモジ",17,17.3,NA,NA,39685,41508,"nWA176",0,0,0,0,0,0
10,80,"B334","YB335",3.5,0.9,"シロモジ",16.6,17.3,NA,NA,39685,41508,"nWA177",0,0,0,0,0,0
10,80,"297","297",3.3,2.4,"ホオノキ",21.3,21.6,NA,NA,39685,41508,"nWA178",0,0,0,0,0,0
10,80,"299","299",1.4,7.5,"アスナロ",59.5,59.9,NA,NA,39685,41508,"nWA179",0,0,0,0,0,0
10,90,"301","301",2,0.5,"ヒノキ",278.8,279,NA,"根上りで測定",39685,41508,"nWA180",0,0,0,0,0,0
10,90,"wG114","WG114",7.1,1.2,"ホオノキ",16.8,17.1,NA,NA,39685,41508,"nWA181",0,0,0,0,0,0
10,90,"523","523",8.4,1.5,"ヒノキ",193.7,197.6,NA,NA,39685,41508,"nWA182",0,0,0,0,0,0
10,90,"J322","YJ322",6.3,3.6,"シロモジ",18.7,18.9,NA,NA,39685,41508,"nWA183",0,0,0,0,0,0
10,90,"J321","YJ321",2.7,5,"ホオノキ",21.3,22.7,NA,NA,39685,41508,"nWA184",0,0,0,0,0,0
10,90,"303","303",3.7,6.9,"ヒノキ",164.7,168.6,NA,NA,39685,41508,"nWA185",0,0,0,0,0,0
20,0,"651","651",8.9,3.4,"コミネカエデ",22,22.2,NA,NA,39685,41508,"nWA186",0,0,0,0,0,0
20,0,"652","652",9,4.7,"ホオノキ",167.7,170.2,NA,NA,39685,41508,"nWA187",0,0,0,0,0,0
20,0,"wG151","WG151",8,4.8,"ホオノキ",45.8,46.2,NA,NA,39685,41508,"nWA188",0,0,0,0,0,0
20,0,"654","WG152",8,5.1,"ホオノキ",18.3,NA,"先枯","立枯",39685,41508,"",0,1,0,0,0,0
20,0,"655","655",9.4,5.4,"アスナロ",42.3,43.3,NA,NA,39685,41508,"nWA189",0,0,0,0,0,0
20,0,"656","656",9.1,7.2,"アスナロ",19.8,19.7,NA,NA,39685,41508,"nWA190",0,0,0,0,0,0
20,0,"J354","YJ354",3.8,7.5,"アスナロ",18.1,NA,NA,"立枯",39685,41508,"",0,1,0,0,0,0
20,0,"J353","YJ353",4.2,8.7,"アスナロ",16.4,17.2,NA,"縮む",39685,41508,"nWA191",0,0,0,0,0,0
20,0,"424","424",1.4,9.1,"アスナロ",40.6,41.8,NA,NA,39685,41508,"nWA192",0,0,0,0,0,0
20,0,"425","425",1.9,9.9,"ヒノキ",181.4,182.8,"測位170cm",NA,39685,41508,"nWA193",0,0,0,0,0,0
20,10,"657","657",7.4,0,"アスナロ",21.6,21.6,NA,NA,39685,41508,"nWA196",0,0,0,0,0,0
20,10,"658","658",8.4,0.2,"アスナロ",50.9,52.4,NA,NA,39685,41508,"nWA197",0,0,0,0,0,0
20,10,"426","426",3.1,0.4,"アスナロ",26.2,27,NA,NA,39685,41508,"nWA194",0,0,0,0,0,0
20,10,"J355","YJ355",0.3,0.7,"シロモジ",17,NA,NA,"立枯",39685,41508,"",0,1,0,0,0,0
20,10,"428","428",2.9,2.1,"ヒノキ",153.5,155.9,"測位265cm",NA,39685,41508,"nWA195",0,0,0,0,0,0
20,10,"wG154","WG154",7.9,3.3,"サワラ",28.4,28.5,NA,NA,39685,41508,"nWA198",0,0,0,0,0,0
20,10,"434","434",0.4,6.2,"シロモジ",16.3,NA,NA,"幹折",39685,41508,"",0,1,0,0,0,0
20,10,"437","437",0.7,7.7,"ウワミズザクラ",22.4,23.1,NA,"樹種修正済",39685,41508,"nWA199",0,0,0,0,0,0
20,20,"450","449",4.6,2.9,"チョウジザクラ",20,20.5,NA,NA,39685,41508,"nWA200",0,0,0,0,0,0
20,20,"450","450",4.6,2.9,"チョウジザクラ",27,28,NA,NA,39685,41508,"nWA201",0,0,0,0,0,0
20,20,"448","448",0.6,3.6,"シロモジ",17.4,NA,NA,"幹折",39685,41508,"",0,1,0,0,0,0
20,20,"451","451",4.8,4.9,"ヒノキ",262.8,266,NA,NA,39685,41508,"nWA202",0,0,0,0,0,0
20,20,"668","668",5.7,4.9,"ホオノキ",19.7,NA,NA,"立枯",39685,41508,"",0,1,0,0,0,0
20,20,"670","670",7.9,8.4,"ヒノキ",135.8,137.5,NA,NA,39685,41508,"nWA203",0,0,0,0,0,0
20,20,"wG104","WG104",0.7,9,"ホオノキ",15.7,16.1,NA,NA,39685,41508,"nWA205",0,0,0,0,0,0
20,20,"J349","YJ349",2.8,9.1,"アスナロ",19.4,20,"1.3mより低い",NA,39685,41508,"nWA204",0,0,0,0,0,0
20,30,"wG157","WG157",6.8,0.1,"コミネカエデ",15.7,15.9,NA,NA,39685,41508,"nWA206",0,0,0,0,0,0
20,30,"672","672",8.3,2.2,"ヒノキ",137.8,142,NA,NA,39685,41508,"nWA207",0,0,0,0,0,0
20,30,"454","454",0.5,3.3,"シロモジ",22.5,NA,NA,"立枯",39685,41508,"",0,1,0,0,0,0
20,30,"454","455",0.5,3.3,"シロモジ",21.8,NA,NA,"立枯",39685,41508,"",0,1,0,0,0,0
20,30,"456","456",0.7,5.2,"アスナロ",30.7,31.1,NA,NA,39685,41508,"nWA208",0,0,0,0,0,0
20,30,"457","457",0.3,6.2,"アスナロ",31.8,32.2,NA,NA,39685,41508,"nWA209",0,0,0,0,0,0
20,30,"676","676",6.6,7.7,"ヒノキ",183.7,186,NA,NA,39685,41508,"nWA210",0,0,0,0,0,0
20,30,"675","675",9,8.1,"アスナロ",43.8,44.8,NA,NA,39685,41508,"nWA211",0,0,0,0,0,0
20,30,"J346","YJ346",2.7,8.2,"コミネカエデ",19.4,20,NA,NA,39685,41508,"nWA212",0,0,0,0,0,0
20,30,"wG158","WG158",9.8,8.3,"アスナロ",29,29.7,NA,NA,39685,41508,"nWA216",0,0,0,0,0,0
20,30,"459","459",2.4,8.9,"ホオノキ",18.9,19.4,NA,NA,39685,41508,"nWA213",0,0,0,0,0,0
20,30,"384","384",1.9,9.4,"アスナロ",15.8,17,NA,NA,39685,41508,"nWA214",0,0,0,0,0,0
20,30,"460","460",5.1,9.5,"アスナロ",19.4,19.5,NA,NA,39685,41508,"nWA215",0,0,0,0,0,0
20,40,"wG106","WG106",1.5,0.3,"ホオノキ",25.7,26.4,NA,NA,39685,41508,"nWA217",0,0,0,0,0,0
20,40,"703","703",6.4,0.5,"アスナロ",28.2,28.4,NA,NA,39685,41508,"nWA222",0,0,0,0,0,0
20,40,"wG107","WG107",1.6,1,"アオハダ",21.5,21.8,"樹種確認必要アオハダ？","樹種修正済",39685,41508,"nWA218",0,0,0,0,0,0
20,40,"476","476",3.1,1.5,"アスナロ",41.7,42.5,NA,NA,39685,41508,"nWA219",0,0,0,0,0,0
20,40,"J344","YJ344",4.3,1.6,"ホオノキ",21.3,21.4,NA,NA,39685,41508,"nWA221",0,0,0,0,0,0
20,40,"475","475",2.5,1.7,"ヒノキ",169.8,173.5,NA,NA,39685,41508,"nWA220",0,0,0,0,0,0
20,40,"478","478",5.5,2.2,"アスナロ",28.5,28.7,NA,NA,39685,41508,"nWA223",0,0,0,0,0,0
20,40,"704","704",6.6,2.7,"アスナロ",18.9,NA,NA,"立枯",39685,41508,"",0,1,0,0,0,0
20,40,"wG161","WG161",8.2,2.7,"ホオノキ",23.3,23.8,NA,NA,39685,41508,"nWA224",0,0,0,0,0,0
20,40,"479","479",4.5,4.6,"アスナロ",17.4,17.7,NA,NA,39685,41508,"nWA225",0,0,0,0,0,0
20,40,"480","480",3.1,5.6,"ホオノキ",21.1,21.4,NA,NA,39685,41508,"nWA226",0,0,0,0,0,0
20,40,"481","481",1.7,6.3,"アスナロ",226.8,229.6,NA,NA,39685,41508,"nWA228",0,0,0,0,0,0
20,40,"wG108","WG108",0.9,6.4,"コシアブラ",34.1,34.4,NA,NA,39685,41508,"nWA229",0,0,0,0,0,0
20,40,"706","706",6.6,6.4,"アスナロ",56.8,57.1,NA,NA,39685,41508,"nWA227",0,0,0,0,0,0
20,40,"483","483",4.7,8.3,"ホオノキ",29.1,29.4,NA,NA,39685,41508,"nWA230",0,0,0,0,0,0
20,40,"wG162","WG162",5.8,8.3,"アスナロ",65.7,66.4,NA,NA,39685,41508,"nWA231",0,0,0,0,0,0
20,50,"711","711",5.5,1.2,"コミネカエデ",18.1,18.3,"曲がる",NA,39685,41508,"nWA232",0,0,0,0,0,0
20,50,"J341","YJ341",4,1.5,"アスナロ",18.5,20.8,NA,NA,39685,41508,"nWA233",0,0,0,0,0,0
20,50,"714","714",6.4,2.2,"アスナロ",194.7,197.5,NA,NA,39685,41508,"nWA235",0,0,0,0,0,0
20,50,"713","713",9.8,2.5,"アスナロ",57.1,57.1,NA,NA,39685,41508,"nWA234",0,0,0,0,0,0
20,50,"486","486",4.6,2.8,"ホオノキ",29.8,NA,"倒木かかる","倒木落枝下",39685,41508,"",0,1,0,0,0,0
20,50,"383","383",0,3.9,"アスナロ",16.5,18,NA,NA,39685,41508,"nWA236",0,0,0,0,0,0
20,50,"wG109","WG109",0.3,5.3,"コシアブラ",26.6,26.5,NA,NA,39685,41508,"nWA237",0,0,0,0,0,0
20,50,"718","718",5.6,5.8,"ホオノキ",38.8,41.4,NA,NA,39685,41508,"nWA239",0,0,0,0,0,0
20,50,"494","494",1.2,6.9,"アスナロ",17.6,17.5,NA,NA,39685,41508,"nWA241",0,0,0,0,0,0
20,50,"496","496",0.7,7.4,"ホオノキ",38.3,39.5,NA,NA,39685,41508,"nWA238",0,0,0,0,0,0
20,60,"720","720",7,0.6,"ホオノキ",44.2,46.8,NA,NA,39685,41508,"nWA242",0,0,0,0,0,0
20,60,"722","722",6,1.3,"アスナロ",23.3,23.9,NA,NA,39685,41508,"nWA244",0,0,0,0,0,0
20,60,"721","721",7.9,1.6,"アスナロ",48.8,50,NA,NA,39685,41508,"nWA243",0,0,0,0,0,0
20,60,"506","506",4.4,2.3,"アスナロ",33,34.4,NA,NA,39685,41508,"nWA245",0,0,0,0,0,0
20,60,"509","509",1.5,2.5,"アスナロ",30.3,30.5,NA,NA,39685,41508,"nWA247",0,0,0,0,0,0
20,60,"wG164","WG164",7.5,2.6,"コシアブラ",40.4,NA,NA,"立枯",39685,41508,"",0,1,0,0,0,0
20,60,"J336","YJ336",0.2,3,"コミネカエデ",18,18.5,NA,NA,39685,41508,"nWA248",0,0,0,0,0,0
20,60,"508","508",2.7,3.3,"アスナロ",33.6,34.4,NA,NA,39685,41508,"nWA246",0,0,0,0,0,0
20,60,"724","724",5.9,4.2,"ホオノキ",22.5,22.7,NA,NA,39685,41508,"nWA251",0,0,0,0,0,0
20,60,"725","725",9,5.4,"サワラ",148.9,151,NA,NA,39685,41508,"nWA259",0,0,0,0,0,0
20,60,"727","727",8.2,5.6,"シロモジ",23,NA,NA,"立枯",39685,41508,"",0,1,0,0,0,0
20,60,"510","510",1.6,6.1,"ホオノキ",22.3,23,NA,NA,39685,41508,"nWA250",0,0,0,0,0,0
20,60,"516","516",5.9,6.1,"アスナロ",25.6,26,NA,NA,39685,41508,"nWA252",0,0,0,0,0,0
20,60,"513","513",4,6.5,"アスナロ",38,38.3,NA,NA,39685,41508,"nWA253",0,0,0,0,0,0
20,60,"514","514",4.8,6.7,"アスナロ",32.4,33.3,NA,NA,39685,41508,"nWA254",0,0,0,0,0,0
20,60,"731","731",6.4,7,"アスナロ",27.3,27.8,NA,NA,39685,41508,"nWA257",0,0,0,0,0,0
20,60,"511","511",1.5,7.1,"アスナロ",28.8,29.4,NA,NA,39685,41508,"nWA255",0,0,0,0,0,0
20,60,"515","515",6.1,7.6,"ヒノキ",158.6,162.6,NA,NA,39685,41508,"nWA258",0,0,0,0,0,0
20,60,"512","512",1.6,8.2,"コシアブラ",26.8,26.9,NA,NA,39685,41508,"nWA256",0,0,0,0,0,0
20,70,"518","518",1.8,0.6,"ホオノキ",35.3,36,NA,NA,39685,41509,"nWA260",0,0,0,0,0,0
20,70,"517","517",5.5,0.7,"ヒノキ",246.1,248.5,"測位170cm",NA,39685,41509,"nWA262",0,0,0,0,0,0
20,70,"382","382",0.7,0.8,"コミネカエデ",18.6,19.1,NA,NA,39685,41509,"nWA261",0,0,0,0,0,0
20,70,"519","519",1.4,2,"アスナロ",18.3,18.6,NA,NA,39685,41509,"nWA266",0,0,0,0,0,0
20,70,"wG166","WG166",7,0.2,"コミネカエデ",16.2,17,NA,"xy座標修正済",39685,41509,"nWA270",0,0,0,0,0,0
20,70,"wG167","WG167",7.3,2.6,"ウワミズザクラ",30.6,31.3,NA,NA,39685,41509,"nWA263",0,0,0,0,0,0
20,70,"J331","YJ331",2.7,4,"ホオノキ",20.7,21.7,NA,NA,39685,41509,"nWA267",0,0,0,0,0,0
20,70,"734","734",8.9,4,"コミネカエデ",19.2,19,NA,NA,39685,41509,"nWA264",0,0,0,0,0,0
20,70,"wG110","WG110",3.5,5.1,"シロモジ",15.8,NA,NA,"立枯",39685,41509,"",0,1,0,0,0,0
20,70,"735","735",7.4,5.1,"ヒノキ",180.7,183.1,NA,NA,39685,41509,"nWA265",0,0,0,0,0,0
20,70,"521","521",5,6.2,"アスナロ",32.7,34.5,NA,NA,39685,41509,"nWA268",0,0,0,0,0,0
20,70,"736","736",8.6,6.8,"アオハダ",20.7,22.4,NA,NA,39685,41509,"nWA269",0,0,0,0,0,0
20,70,"737","737",7.5,8,"アスナロ",48.1,49,NA,NA,39685,41509,"nWA271",0,0,0,0,0,0
20,70,"522","522",3.5,8.1,"ヒノキ",250,254.5,NA,NA,39685,41509,"nWA273",0,0,0,0,0,0
20,70,"381","381",0.6,8.2,"ホオノキ",18.1,19.6,NA,NA,39685,41509,"nWA272",0,0,0,0,0,0
20,80,"wG111","WG111",2.5,0.8,"シロモジ",15.4,15.5,NA,NA,39685,41509,"nWA276",0,0,-1,-1,0,0
20,80,"759","759",6.6,1.7,"アスナロ",46.5,47.3,NA,NA,39685,41509,"nWA274",0,0,0,0,0,0
20,80,"378","YJ329",0.9,2.4,"シロモジ",16.6,NA,NA,"立枯",39685,41509,"",0,1,0,0,0,0
20,80,"378","YJ330",0.9,2.4,"シロモジ",17.7,NA,NA,"立枯",39685,41509,"",0,1,0,0,0,0
20,80,"378","378",0.9,2.4,"シロモジ",18.8,19.1,NA,NA,39685,41509,"nWA279",0,0,0,0,0,0
20,80,"758","758",5.5,2.5,"ヒノキ",131.7,135,NA,NA,39685,41509,"nWA275",0,0,0,0,0,0
20,80,"wG173","WG173",8.7,3,"シロモジ",15.7,NA,NA,"立枯",39685,41509,"",0,1,0,0,0,0
20,80,"760","760",9.1,3.4,"ヒノキ",148.4,150.5,NA,NA,39685,41509,"nWA277",0,0,0,0,0,0
20,80,"J328","YJ328",1.9,5.5,"アスナロ",17.5,17.6,NA,NA,39685,41509,"nWA278",0,0,0,0,0,0
20,80,"wG113","WG112",5.8,7.3,"シロモジ",15.6,18,NA,NA,39685,41509,"nWA280",0,0,-1,1,0,0
20,80,"wG113","WG113",5.8,7.3,"シロモジ",16.4,16.4,NA,NA,39685,41509,"nWA281",0,0,0,0,0,0
20,80,"380","379",5.8,7.6,"シロモジ",16.5,17.5,"ラベルの上端で測る",NA,39685,41509,"nWA282",0,0,0,0,0,0
20,80,"380","380",5.8,7.6,"シロモジ",16.9,17.1,NA,NA,39685,41509,"nWA283",0,0,0,0,0,0
20,90,"J318","YJ318",6.4,4.9,"シロモジ",17.7,18.5,"一部枯れ",NA,39685,41509,"nWA284",0,0,0,0,0,0
20,90,"762","762",6.6,6.8,"ヒノキ",290.1,292.5,"測位130cm",NA,39685,41509,"nWA285",0,0,0,0,0,0
30,0,"886","886",9.6,1,"アスナロ",20,NA,NA,"立枯",39685,41509,"",0,1,0,0,0,0
30,0,"888","888",6.7,1.2,"アスナロ",33.4,32.9,NA,"G08測定ミス",39685,41509,"nWA292",0,0,0,0,1,0
30,0,"890","890",8.8,6.3,"アスナロ",34.2,34.7,NA,NA,39685,41509,"nWA293",0,0,0,0,0,0
30,0,"686","686",1.1,7.2,"アスナロ",84.5,86.5,NA,NA,39685,41509,"nWA291",0,0,0,0,0,0
30,0,"891","891",9.2,7.4,"アスナロ",21.9,20.7,NA,"G08測定ミス",39685,41509,"nWA294",0,0,0,0,1,0
30,0,"894","894",7.7,9.6,"アスナロ",49.7,51,NA,NA,39685,41509,"nWA295",0,0,0,0,0,0
30,10,"893","893",9.6,0.1,"アスナロ",28.8,28.8,NA,"2003年測定ミス",39685,41509,"nWA296",0,0,0,0,1,0
30,10,"896","896",9.2,1.1,"アスナロ",39.6,39.6,NA,NA,39685,41509,"nWA297",0,0,0,0,0,0
30,10,"wG155","WG155",0.5,6.1,"ホオノキ",141,142.8,NA,NA,39685,41509,"nWA298",0,0,0,0,0,0
30,10,"689","689",0.7,7.2,"アスナロ",52.2,54.7,NA,NA,39685,41509,"nWA299",0,0,0,0,0,0
30,10,"wG156","WG156",3,7.5,"シロモジ",15.3,NA,NA,"不明消失",39685,41509,"",0,1,-1,-1,0,0
30,20,"J352","YJ352",3.2,0.4,"アスナロ",20.9,21.9,NA,NA,39685,41509,"nWA300",0,0,0,0,0,0
30,20,"wG160","WG160",4.5,2.3,"コミネカエデ",15.9,15.6,NA,"G08過大",39685,41509,"nWA301",0,0,0,0,1,0
30,20,"wG159","WG159",2.3,3.5,"ホオノキ",15.2,NA,NA,"立枯",39685,41509,"",0,1,-1,-1,0,0
30,20,"G776","YG776",9.2,9,"アスナロ",16.1,15.7,"傾く","幹折れ生存",39685,41509,"nWA302",0,0,0,0,0,0
30,20,"695","695",0.8,9.6,"ヒノキ",267.7,268,NA,NA,39685,41509,"nWA304",0,0,0,0,0,0
30,30,"697","697",4.1,0.7,"アスナロ",158.1,160.1,NA,NA,39685,41509,"nWA303",0,0,0,0,0,0
30,30,"902","902",8.9,0.7,"アスナロ",19.7,19.5,NA,NA,39685,41509,"nWA308",0,0,0,0,0,0
30,30,"699","699",0.6,5.9,"アスナロ",16.3,16.2,NA,NA,39685,41509,"nWA305",0,0,0,0,0,0
30,30,"700","700",0.6,6.7,"アスナロ",35.7,36.7,NA,NA,39685,41509,"nWA306",0,0,0,0,0,0
30,30,"701","701",1.5,7.6,"アスナロ",21.6,22.7,NA,NA,39685,41509,"nWA307",0,0,0,0,0,0
30,40,"944","944",7.7,3.1,"サワラ",316.3,315.9,NA,"G08過大",39685,41509,"nWA309",0,0,0,0,1,0
30,40,"945","945",9.6,5,"ヒノキ",21.7,21.5,NA,NA,39685,41509,"nWA310",0,0,0,0,0,0
30,40,"wG163","WG163",0.8,6.2,"サワラ",16.1,16.2,NA,NA,39685,41509,"nWA311",0,0,0,0,0,0
30,50,"946","946",7,0.5,"アスナロ",286,285.8,NA,NA,39685,41509,"nWA316",0,0,0,0,0,0
30,50,"741","741",0.1,1.3,"アスナロ",29.1,29.5,NA,NA,39685,41509,"nWA312",0,0,0,0,0,0
30,50,"G775","YG775",0.4,3.7,"アスナロ",16.3,16.2,NA,"先枯れ",39685,41509,"nWA314",0,0,0,0,0,0
30,50,"743","743",3,4.2,"アスナロ",32.6,33,NA,NA,39685,41509,"nWA313",0,0,0,0,0,0
30,50,"744","744",1.6,5,"ヒノキ",226.7,229.7,NA,NA,39685,41509,"nWA315",0,0,0,0,0,0
30,50,"948","948",9.6,5.5,"アスナロ",28.1,27.5,NA,"G08測定ミス",39685,41509,"nWA319",0,0,0,0,1,0
30,50,"950","950",8.6,8,"アスナロ",32.4,33.5,NA,NA,39685,41509,"nWA318",0,0,0,0,0,0
30,50,"wG168","WG168",5,8.2,"ホオノキ",31.3,31.6,NA,NA,39685,41509,"nWA317",0,0,0,0,0,0
30,50,"wG168","746",5,8.2,"ホオノキ",16.7,16.8,NA,NA,39685,41509,"nWA324",0,0,0,0,0,0
30,50,"wG170","WG170",1.8,9.1,"ホオノキ",38.7,41,NA,NA,39685,41509,"nWA320",0,0,0,0,0,0
30,50,"G773","YG773",1.1,9.1,"アスナロ",16.7,17.6,NA,NA,39685,41509,"nWA321",0,0,0,0,0,0
30,50,"748","748",0.8,9.3,"アスナロ",20,20.1,"傾く",NA,39685,41509,"nWA322",0,0,0,0,0,0
30,50,"G774","YG774",2.6,9.5,"アスナロ",16.9,18.4,NA,NA,39685,41509,"nWA323",0,0,0,0,0,0
30,60,"wG169","WG169",4.3,0.2,"アスナロ",16.1,17.2,"ネの上",NA,39685,41509,"nWA333",0,0,0,0,0,0
30,60,"750","750",3.4,2.1,"ヒノキ",235.7,235,NA,"2003年測定ミス",39685,41509,"nWA325",0,0,0,0,1,0
30,60,"wG171","WG171",3.8,4.3,"アスナロ",15.2,16.6,"岩の上",NA,39685,41509,"nWA326",0,0,-1,1,0,0
30,60,"G772","YG772",6.6,4.5,"アスナロ",16.6,16.8,"岩の上",NA,39685,41509,"nWA330",0,0,0,0,0,0
30,60,"951","951",9,4.9,"アスナロ",24.2,24.4,NA,NA,39685,41509,"nWA332",0,0,0,0,0,0
30,60,"wG172","WG172",3.9,5,"コミネカエデ",17,17.1,"岩の上",NA,39685,41509,"nWA329",0,0,0,0,0,0
30,60,"752","752",3.8,5.9,"アスナロ",23.1,23.5,NA,"根元曲がり",39685,41509,"nWA328",0,0,0,0,0,0
30,60,"952","952",8.3,6,"アスナロ",46.8,48.4,NA,NA,39685,41509,"nWA331",0,0,0,0,0,0
30,60,"J339","YJ339",3.5,7.8,"アスナロ",16.4,16,"瀕死",NA,39685,41509,"nWA327",0,0,0,0,0,0
30,60,"953","953",8.3,8.3,"アスナロ",18.8,NA,NA,"立枯",39685,41509,"",0,1,0,0,0,0
30,60,"954","954",8,8.5,"アスナロ",31,31,NA,NA,39685,41509,"nWA334",0,0,0,0,0,0
30,60,"955","955",8.4,9.2,"アスナロ",32,32,NA,NA,39685,41509,"nWA335",0,0,0,0,0,0
30,70,"755","755",3,0.8,"コミネカエデ",27.7,28.6,NA,NA,39685,41509,"nWA336",0,0,0,0,0,0
30,70,"J340","YJ340",8.6,1.3,"ホオノキ",28.6,29.3,NA,NA,39685,41509,"nWA337",0,0,0,0,0,0
30,70,"956","956",5.5,3,"アスナロ",16.5,NA,"傾く","不明消失",39685,41509,"",0,1,0,0,0,0
30,70,"958","958",6,3.1,"アスナロ",30.5,31.2,"傾く",NA,39685,41509,"nWA339",0,0,0,0,0,0
30,70,"961","961",6.4,3.1,"アスナロ",32.5,NA,NA,"立枯",39685,41509,"",0,1,0,0,0,0
30,70,"959","959",5.9,4,"アスナロ",17.4,16.6,"傾く","G08過大",39685,41509,"nWA341",0,0,0,0,1,0
30,70,"963","963",8.2,4,"アスナロ",26.3,26.7,"傾く",NA,39685,41509,"nWA338",0,0,0,0,0,0
30,70,"960","960",6.2,4.1,"アスナロ",21.5,20.9,"傾く","G08過大",39685,41509,"nWA340",0,0,0,0,1,0
30,70,"962","962",6.6,4.1,"アスナロ",33.4,33.5,NA,NA,39685,41509,"nWA342",0,0,0,0,0,0
30,70,"964","964",8.8,4.8,"アスナロ",20.8,20.5,NA,"G08過大",39685,41509,"nWA345",0,0,0,0,1,0
30,70,"965","965",8.2,5.1,"アスナロ",19.3,19.5,"傾く",NA,39685,41509,"nWA344",0,0,0,0,0,0
30,70,"968","968",6.9,8.6,"ヒノキ",237.4,234.4,NA,"G08測定ミス",39685,41509,"nWA348",0,0,0,0,1,0
30,70,"757","757",1.8,9.1,"アスナロ",41.6,43.9,NA,NA,39685,41509,"nWA346",0,0,0,0,0,0
30,70,"969","969",7,9.4,"アスナロ",22,22.8,NA,NA,39685,41509,"nWA347",0,0,0,0,0,0
30,80,"10","10",7.5,0.8,"アスナロ",19.5,19.9,NA,NA,39685,41509,"nWA353",0,0,0,0,0,0
30,80,"9","9",7.8,1,"アスナロ",22.8,23,NA,NA,39685,41509,"nWA354",0,0,0,0,0,0
30,80,"12","12",5.6,2,"アスナロ",37,38,NA,NA,39685,41509,"nWA350",0,0,0,0,0,0
30,80,"11","11",7,2.4,"ヒノキ",131,131.2,NA,NA,39685,41509,"nWA352",0,0,0,0,0,0
30,80,"J327","YJ327",6.5,2.6,"アスナロ",17.1,17.6,NA,NA,39685,41509,"nWA351",0,0,0,0,0,0
30,80,"769","769",3.2,3.7,"アスナロ",28,28.9,NA,NA,39685,41509,"nWA349",0,0,0,0,0,0
30,80,"13","13",6.4,4,"ヒノキ",257.1,257.6,NA,NA,39685,41509,"nWA356",0,0,0,0,0,0
30,80,"14","14",9,5.8,"ミズナラ",276.4,273.8,NA,"幹腐れ枯れかけ",39685,41509,"nWA357",0,0,0,0,0,0
30,80,"wG178","WG178",0.2,7.7,"コミネカエデ",26.3,26.7,NA,NA,39685,41509,"nWA358",0,0,0,0,0,0
30,90,"J325","YJ325",2.4,0.2,"シロモジ",18.8,NA,"No下7cmで測定","立枯",39685,41509,"",0,1,0,0,0,0
30,90,"J324","YJ324",2.4,2.9,"シロモジ",18.3,NA,NA,"立枯",39685,41509,"",0,1,0,0,0,0
30,90,"wG179","WG179",4.7,3.2,"サワラ",35.6,36.1,NA,NA,39685,41509,"nWA359",0,0,0,0,0,0
30,90,"772","772",4.8,3.4,"サワラ",18,18.5,NA,NA,39685,41509,"nWA360",0,0,0,0,0,0
30,90,"22","22",9,3.7,"サワラ",20.6,20.5,"傾く","根割れ",39685,41509,"nWA365",0,0,0,0,0,0
30,90,"wG180","WG180",1.7,7.6,"サワラ",31,31.7,NA,NA,39685,41509,"nWA363",0,0,0,0,0,0
30,90,"23","23",8,7.8,"コミネカエデ",32,32.3,NA,NA,39685,41509,"nWA361",0,0,0,0,0,0
30,90,"23","24",8,7.8,"コミネカエデ",26.5,26.9,NA,NA,39685,41509,"nWA362",0,0,0,0,0,0
30,90,"773","773",0.6,9.6,"ヒノキ",292.4,293.2,NA,NA,39685,41509,"nWA364",0,0,0,0,0,0
40,0,"906","906",0.1,0.1,"アスナロ",34,34.5,NA,NA,39685,41509,"nWA371",0,0,0,0,0,0
40,0,"907","907",1.5,0.3,"アスナロ",31.4,31.9,NA,NA,39685,41509,"nWA372",0,0,0,0,0,0
40,0,"154","154",8.9,0.9,"アスナロ",24.8,24.8,NA,"その通り",39685,41509,"nWA374",0,0,0,0,0,0
40,0,"909","909",1.7,1.1,"アスナロ",17.6,17.3,"傾く","縮む",39685,41509,"nWA373",0,0,0,0,0,0
40,0,"157","157",9.1,1.7,"コミネカエデ",33,34.3,NA,NA,39685,41509,"nWA375",0,0,0,0,0,0
40,0,"158","158",9.5,1.9,"アスナロ",21.1,21.2,NA,NA,39685,41509,"nWA376",0,0,0,0,0,0
40,0,"910","910",1.1,2.7,"アスナロ",19.4,NA,NA,"伐採",39685,41509,"",0,1,0,0,0,0
40,0,"911","911",2.3,2.9,"アスナロ",18.6,18.1,"傾く","縮む",39685,41509,"nWA382",0,0,0,0,0,0
40,0,"159","159",9.5,3,"アスナロ",34.8,34.5,NA,"G08過大",39685,41509,"nWA377",0,0,0,0,1,0
40,0,"160","160",9.8,3.2,"アスナロ",40.5,40.6,NA,NA,39685,41509,"nWA378",0,0,0,0,0,0
40,0,"912","912",3.7,3.5,"アスナロ",34.2,34.4,NA,NA,39685,41509,"nWA381",0,0,0,0,0,0
40,0,"913","913",1,3.5,"ヒノキ",208.5,212,NA,NA,39685,41509,"nWA383",0,0,0,0,0,0
40,0,"161","161",9.1,3.6,"アスナロ",20.6,20.7,NA,NA,39685,41509,"nWA379",0,0,0,0,0,0
40,0,"162","162",3.8,4.5,"アスナロ",32.1,32.9,NA,NA,39685,41509,"nWA384",0,0,0,0,0,0
40,0,"165","165",6.2,4.5,"アスナロ",23.5,23.5,NA,NA,39685,41509,"nWA380",0,0,0,0,0,0
40,0,"167","167",9.8,5,"アスナロ",20.4,NA,NA,"立枯",39685,41509,"",0,1,0,0,0,0
40,0,"wG132","WG132",5.2,6,"アスナロ",30.3,30.9,NA,NA,39685,41509,"nWA385",0,0,0,0,0,0
40,0,"916","916",1,6.5,"ヒノキ",301.6,303.3,NA,NA,39685,41509,"nWA386",0,0,0,0,0,0
40,0,"168","168",5.4,8,"アスナロ",27.4,28.2,NA,NA,39685,41509,"nWA389",0,0,0,0,0,0
40,0,"917","917",0.5,8.4,"アスナロ",34.8,35.5,NA,NA,39685,41509,"nWA387",0,0,0,0,0,0
40,0,"919","919",4.4,8.8,"アスナロ",25.2,25.3,NA,NA,39685,41509,"nWA388",0,0,0,0,0,0
40,0,"169","169",6.4,8.8,"ヒノキ",233.8,237.5,NA,NA,39685,41509,"nWA390",0,0,0,0,0,0
40,10,"921","921",2.8,1.3,"アスナロ",32.2,32.5,NA,NA,39685,41509,"nWA392",0,0,0,0,0,0
40,10,"920","920",2.2,1.9,"アスナロ",35.2,35.5,NA,NA,39685,41509,"nWA391",0,0,0,0,0,0
40,10,"923","923",5.2,3,"ヒノキ",248,253,NA,NA,39685,41509,"nWA393",0,0,0,0,0,0
40,10,"924","924",3.2,4.4,"アスナロ",34,34.5,NA,NA,39685,41509,"nWA394",0,0,0,0,0,0
40,10,"926","926",3.6,7,"アスナロ",20,19.9,NA,"縮む",39685,41509,"nWA395",0,0,0,0,0,0
40,10,"927","927",3.5,7.5,"アスナロ",36.9,37.5,NA,NA,39685,41509,"nWA396",0,0,0,0,0,0
40,10,"928","928",2.4,7.7,"ヒノキ",227.6,229.4,NA,NA,39685,41509,"nWA397",0,0,0,0,0,0
40,10,"171","171",7,9,"サワラ",191,192,NA,NA,39685,41509,"nWA398",0,0,0,0,0,0
40,10,"172","172",7.7,9.4,"ウワミズザクラ",48.1,NA,NA,"立枯，樹種修正済",39685,41509,"",0,1,0,0,0,0
40,20,"929","929",3.3,1,"ヒノキ",267.6,268.5,NA,NA,39685,41509,"nWA399",0,0,0,0,0,0
40,20,"930","930",4.8,2.6,"ヒノキ",241.1,244.3,NA,NA,39685,41509,"nWA400",0,0,0,0,0,0
40,20,"175","175",7.1,3.5,"サワラ",174.6,176,NA,"x座標修正済",39685,41509,"nWA401",0,0,0,0,0,0
40,20,"931","931",1.4,3.6,"アスナロ",26.5,26.5,NA,NA,39685,41509,"nWA405",0,0,0,0,0,0
40,20,"174","174",8.8,4.3,"アスナロ",47.6,49.4,NA,NA,39685,41509,"nWA402",0,0,0,0,0,0
40,20,"178","178",8.8,6,"アスナロ",17.8,17.8,NA,NA,39685,41509,"nWA403",0,0,0,0,0,0
40,20,"179","179",6.6,6.6,"アスナロ",32.7,33.4,NA,NA,39685,41509,"nWA404",0,0,0,0,0,0
40,20,"180","180",6.2,8.5,"アスナロ",77.4,78.7,NA,NA,39685,41509,"nWA407",0,0,0,0,0,0
40,20,"wG7","WG7",2.8,9.1,"アスナロ",15.3,15.3,NA,NA,39685,41509,"nWA406",0,0,-1,-1,0,0
40,30,"184","184",8.8,1.5,"アスナロ",30.2,30.6,NA,NA,39685,41509,"nWA408",0,0,0,0,0,0
40,30,"185","185",9.2,2.4,"アスナロ",62.7,64.6,NA,NA,39685,41509,"nWA409",0,0,0,0,0,0
40,30,"187","187",8.9,4.5,"アスナロ",58.2,60.3,NA,NA,39685,41509,"nWA410",0,0,0,0,0,0
40,30,"940","940",0.9,5.3,"アスナロ",93.5,94.2,NA,NA,39685,41509,"nWA412",0,0,0,0,0,0
40,30,"188","188",6.7,6.4,"アスナロ",15.7,15.9,NA,NA,39685,41509,"nWA411",0,0,0,0,0,0
40,30,"J370","YJ370",3.8,7.1,"アスナロ",34.2,34.7,NA,NA,39685,41509,"nWA413",0,0,0,0,0,0
40,30,"942","942",3.9,8.5,"サワラ",205.6,206,NA,NA,39685,41509,"nWA414",0,0,0,0,0,0
40,30,"943","943",1.7,8.5,"サワラ",243,244.9,NA,NA,39685,41509,"nWA415",0,0,0,0,0,0
40,40,"971","971",1,5.5,"ヒノキ",24,24.3,NA,NA,39685,41509,"nWA416",0,0,0,0,0,0
40,40,"972","972",2.1,7,"ミズメ",128,129.8,NA,NA,39685,41509,"nWA417",0,0,0,0,0,0
40,40,"974","974",4,8.6,"アスナロ",19.2,19.4,"傾く",NA,39685,41509,"nWA418",0,0,0,0,0,0
40,40,"219","219",7,9.1,"サワラ",41.6,42,NA,NA,39685,41509,"nWA419",0,0,0,0,0,0
40,40,"973","973",0.7,9.5,"アスナロ",52.2,52.2,NA,NA,39685,41509,"nWA420",0,0,0,0,0,0
40,50,"978","978",2,1.7,"ヒノキ",180.2,181.6,NA,NA,39685,41509,"nWA421",0,0,0,0,0,0
40,50,"224","224",9.4,2.5,"アスナロ",26.3,26.4,NA,NA,39685,41509,"nWA423",0,0,0,0,0,0
40,50,"225","225",9,2.8,"アスナロ",48,49.2,NA,NA,39685,41509,"nWA424",0,0,0,0,0,0
40,50,"980","980",3.3,2.9,"アスナロ",46.7,47.8,NA,NA,39685,41509,"nWA422",0,0,0,0,0,0
40,50,"226","226",8.6,4.6,"アスナロ",46.1,46.6,NA,NA,39685,41509,"nWA425",0,0,0,0,0,0
40,50,"228","228",6.5,5.7,"アスナロ",30.1,31,NA,NA,39685,41509,"nWA426",0,0,0,0,0,0
40,50,"986","986",5.4,8.2,"ヒノキ",138.9,140.3,NA,NA,39685,41509,"nWA427",0,0,0,0,0,0
40,50,"984","984",2.3,8.4,"ヒノキ",246.6,247.5,NA,NA,39685,41509,"nWA428",0,0,0,0,0,0
40,50,"229","229",7.7,9.3,"アスナロ",17.2,18.6,NA,NA,39685,41509,"nWA429",0,0,0,0,0,0
40,60,"987","987",3.3,1.2,"ヒノキ",219.1,224.5,NA,NA,39685,41509,"nWA430",0,0,0,0,0,0
40,60,"990","990",0.5,5.2,"アスナロ",21.9,21.7,NA,NA,39685,41509,"nWA431",0,0,0,0,0,0
40,60,"992","992",2.2,6.4,"アスナロ",38.7,39.6,NA,NA,39685,41509,"nWA432",0,0,0,0,0,0
40,60,"237","237",8,6.8,"マルバノキ",22,NA,NA,"立枯",39685,41509,"",0,1,0,0,0,0
40,60,"995","995",0.8,7,"アスナロ",30.6,30.6,NA,NA,39685,41509,"nWA436",0,0,0,0,0,0
40,60,"993","993",2.3,7.5,"アスナロ",25.8,26.3,NA,NA,39685,41509,"nWA435",0,0,0,0,0,0
40,60,"996","996",0.7,7.8,"ヒノキ",221,222.9,NA,NA,39685,41509,"nWA437",0,0,0,0,0,0
40,60,"wG138","WG138",9.8,8.9,"サワラ",20.1,21.3,NA,NA,39685,41509,"nWA434",0,0,0,0,0,0
40,60,"241","241",5.8,9.6,"ヒノキ",212.8,214.9,NA,NA,39685,41509,"nWA438",0,0,0,0,0,0
40,70,"997","997",3.3,0,"アスナロ",34.4,34.4,NA,NA,39685,41509,"nWA439",0,0,0,0,0,0
40,70,"998","998",4.3,0.3,"アスナロ",38.1,38.8,NA,NA,39685,41509,"nWA440",0,0,0,0,0,0
40,70,"1000","1000",0.6,1.1,"アスナロ",37.6,39,NA,NA,39685,41509,"nWA441",0,0,0,0,0,0
40,70,"3","3",4,2.2,"ヒノキ",228.2,232,NA,NA,39685,41509,"nWA442",0,0,0,0,0,0
40,70,"4","4",3.5,3.1,"アスナロ",53.5,54.5,NA,NA,39685,41509,"nWA443",0,0,0,0,0,0
40,70,"244","244",8.4,4.2,"ヒノキ",168.4,170.4,NA,NA,39685,41509,"nWA444",0,0,0,0,0,0
40,70,"5","5",1,4.6,"アスナロ",28,27.9,NA,NA,39685,41509,"nWA445",0,0,0,0,0,0
40,70,"6","6",1.7,5.6,"アスナロ",40.1,40.9,NA,NA,39685,41509,"nWA446",0,0,0,0,0,0
40,70,"7","7",4.4,6.7,"シロモジ",27.8,28.3,NA,NA,39685,41509,"nWA447",0,0,0,0,0,0
40,70,"wG141","WG141",7,9.3,"サワラ",15.9,15.8,NA,NA,39685,41509,"nWA448",0,0,0,0,0,0
40,80,"31","31",1,0.7,"ヒノキ",263,263.9,NA,"G08過大",39685,41509,"nWA449",0,0,0,0,1,0
40,80,"wG142","WG142",9.4,3.6,"ヒノキ",16.5,16.8,NA,NA,39685,41509,"nWA452",0,0,0,0,0,0
40,80,"35","35",4.4,3.7,"ヒノキ",131.2,131.8,NA,NA,39685,41509,"nWA454",0,0,0,0,0,0
40,80,"wG8","WG8",3.4,4.3,"リョウブ",18.4,18.3,NA,NA,39685,41509,"nWA450",0,0,0,0,0,0
40,80,"290","290",9.4,4.7,"ヒノキ",177,179.6,NA,NA,39685,41509,"nWA453",0,0,0,0,0,0
40,80,"291","291",8.7,6.7,"アスナロ",20.4,21.3,NA,NA,39685,41509,"nWA456",0,0,0,0,0,0
40,80,"37","37",0.5,6.8,"サワラ",35,35.5,NA,NA,39685,41509,"nWA455",0,0,0,0,0,0
40,80,"wG144","WG144",6,8.7,"アスナロ",18.5,19,NA,NA,39685,41509,"nWA457",0,0,0,0,0,0
40,90,"39","39",4,0.2,"コミネカエデ",33.7,33.7,NA,NA,39685,41509,"nWA458",0,0,0,0,0,0
40,90,"295","295",6.4,0.6,"サワラ",18.2,18.6,NA,NA,39685,41509,"nWA460",0,0,0,0,0,0
40,90,"40","40",4.6,0.8,"ヒノキ",25,24.8,NA,"G08測定ミス",39685,41509,"nWA459",0,0,0,0,1,0
40,90,"296","296",8.6,0.8,"サワラ",28.3,29.5,NA,NA,39685,41509,"nWA461",0,0,0,0,0,0
40,90,"41","41",0.7,2.2,"サワラ",32.3,33.2,NA,NA,39685,41509,"nWA463",0,0,0,0,0,0
40,90,"42","42",4,3.5,"ヒノキ",20.6,21.1,NA,NA,39685,41509,"nWA462",0,0,0,0,0,0
40,90,"G781","YG781",9.6,5,"サワラ",20.8,21,NA,NA,39685,41509,"nWA467",0,0,0,0,0,0
40,90,"44","44",2,6.6,"シロモジ",22.5,NA,NA,"立枯",39685,41509,"",0,1,0,0,0,0
40,90,"297","297",7.1,6.7,"ヒノキ",283.3,289,NA,NA,39685,41509,"nWA465",0,0,0,0,0,0
40,90,"45","45",4.2,6.9,"サワラ",18.3,19.1,NA,NA,39685,41509,"nWA464",0,0,0,0,0,0
40,90,"48","48",0.6,8.2,"アスナロ",23.4,24,NA,NA,39685,41509,"nWA466",0,0,0,0,0,0
40,90,"298","WG146",9.5,8.8,"シロモジ",16.4,16.7,"298と同株",NA,39685,41509,"nWA468",0,0,0,0,0,0
40,90,"298","WG147",9.5,8.8,"シロモジ",16.5,16.7,"298と同株",NA,39685,41509,"nWA469",0,0,0,0,0,0
40,90,"298","298",9.5,8.8,"シロモジ",22,22.2,NA,NA,39685,41509,"nWA470",0,0,0,0,0,0
50,0,"191","191",2.5,0.1,"アスナロ",58.5,59.6,NA,NA,39685,41509,"nWA287",0,0,0,0,0,0
50,0,"wG130","WG130",2.9,0.8,"アスナロ",15.1,15,NA,NA,39685,41509,"nWA288",0,0,-1,-1,0,0
50,0,"wG131","WG131",3.6,1.8,"ホオノキ",33.9,36.3,NA,NA,39685,41509,"nWA289",0,0,0,0,0,0
50,0,"417","417",7.8,2.8,"ホオノキ",68.3,74,"No直上で測定",NA,39685,41509,"nWA369",0,0,0,0,0,0
50,0,"192","192",2,3.4,"アオハダ",36.8,38.6,NA,NA,39685,41509,"nWA290",0,0,0,0,0,0
50,0,"193","193",0.4,4.7,"アスナロ",39,40.3,NA,NA,39685,41509,"nWA366",0,0,0,0,0,0
50,0,"wG90","WG90",8.8,5,"ヒノキ",212.7,218.5,NA,NA,39685,41509,"nWA370",0,0,0,0,0,0
50,0,"195","195",4.5,5.3,"ホオノキ",51.7,53.4,NA,NA,39685,41509,"nWA367",0,0,0,0,0,0
50,0,"420","420",8.1,6.6,"シロモジ",18.9,NA,NA,"立枯",39685,41509,"",0,1,0,0,0,0
50,0,"422","422",6,7.4,"ホオノキ",51.4,52.6,NA,NA,39685,41509,"nWA368",0,0,0,0,0,0
50,0,"198","198",1.5,9.2,"サワラ",44.8,44.9,NA,NA,39685,41509,"nWA472",0,0,0,0,0,0
50,0,"199","199",2.3,9.9,"アスナロ",30.4,30.8,NA,NA,39685,41509,"nWA473",0,0,0,0,0,0
50,10,"200","200",0.6,1.2,"ヒノキ",273,276.5,NA,NA,39685,41509,"nWA474",0,0,0,0,0,0
50,10,"201","201",3.4,4.8,"アスナロ",46.5,47.3,NA,NA,39685,41509,"nWA475",0,0,0,0,0,0
50,10,"427","427",7.4,5,"ホオノキ",57,60.4,NA,NA,39685,41509,"nWA477",0,0,0,0,0,0
50,10,"203","203",4.3,6.4,"アスナロ",58.2,59.5,NA,NA,39685,41509,"nWA476",0,0,0,0,0,0
50,10,"429","429",7.4,7.2,"アスナロ",34.4,35.9,NA,NA,39685,41509,"nWA478",0,0,0,0,0,0
50,20,"wG92","WG92",9.4,0.1,"ホオノキ",50.5,53.5,NA,NA,39685,41509,"nWA479",0,0,0,0,0,0
50,20,"433","433",8.9,0.9,"ホオノキ",33.4,33,NA,"枯れかけ",39685,41509,"nWA480",0,0,0,0,0,0
50,20,"wG93","WG93",8.6,2.7,"ホオノキ",39.6,43.5,NA,NA,39685,41509,"nWA481",0,0,0,0,0,0
50,20,"439","439",8.4,4,"ホオノキ",82.2,87.1,NA,NA,39685,41509,"nWA482",0,0,0,0,0,0
50,20,"204","204",1.1,4.3,"サワラ",143.2,145.9,NA,NA,39685,41509,"nWA484",0,0,0,0,0,0
50,20,"wG95","WG95",7.2,5.4,"ホオノキ",48,50,NA,NA,39685,41509,"nWA483",0,0,0,0,0,0
50,20,"209","209",1.3,7.9,"アスナロ",29.7,29.6,NA,NA,39685,41509,"nWA486",0,0,0,0,0,0
50,20,"210","210",1.8,9.8,"サワラ",209.2,212.8,NA,NA,39685,41509,"nWA487",0,0,0,0,0,0
50,30,"441","441",7.1,0,"シロモジ",16.3,NA,NA,"立枯",39685,41509,"",0,1,0,0,0,0
50,30,"wG96","WG96",8.4,1.9,"ホオノキ",50.9,52.1,NA,NA,39685,41509,"nWA488",0,0,0,0,0,0
50,30,"211","211",3.4,3.6,"アスナロ",22.3,22.8,NA,NA,39685,41509,"nWA489",0,0,0,0,0,0
50,30,"212","212",4,3.8,"アスナロ",39.4,40,NA,NA,39685,41509,"nWA490",0,0,0,0,0,0
50,30,"J371","YJ371",6.7,3.8,"シロモジ",17,NA,NA,"立枯",39685,41509,"",0,1,0,0,0,0
50,30,"213","213",3.7,4.1,"ホオノキ",32.6,34.4,NA,NA,39685,41509,"nWA491",0,0,0,0,0,0
50,30,"447","447",6.8,5.6,"ミズナラ",32.8,33.6,"傾く、アスナロつぶされ",NA,39685,41509,"nWA492",0,0,0,0,0,0
50,30,"214","214",3.3,6.8,"アスナロ",31,31,NA,NA,39685,41509,"nWA496",0,0,0,0,0,0
50,30,"215","215",3.1,7.8,"アスナロ",95.1,96.3,NA,NA,39685,41509,"nWA497",0,0,0,0,0,0
50,30,"448","448",7,8,"アスナロ",35.5,35,"傾く","縮む",39685,41509,"nWA493",0,0,0,0,0,0
50,30,"449","449",9.1,8.8,"アスナロ",70.3,72,NA,NA,39685,41509,"nWA494",0,0,0,0,0,0
50,30,"450","450",8.6,9.2,"アスナロ",19.6,19.2,NA,"縮む",39685,41509,"nWA495",0,0,0,0,0,0
50,40,"484","484",8.6,0.1,"アスナロ",80.4,83.2,NA,NA,39685,41509,"nWA498",0,0,0,0,0,0
50,40,"485","485",8,0.2,"アスナロ",23.2,22.4,NA,"縮む",39685,41509,"nWA499",0,0,0,0,0,0
50,40,"247","247",2.2,1,"ヒノキ",330.2,332.2,"合体木2本一緒に測位200cmで330.2ｃｍ、次回もできれば測定",NA,39685,41509,"nWA500",0,0,0,0,0,0
50,40,"248","248",2.2,1,"サワラ",330.2,332.2,"合体木2本一緒に測位200cmで330.2ｃｍ、次回もできれば測定",NA,39685,41509,"nWA501",0,0,0,0,0,0
50,40,"249","249",1.8,3.4,"アスナロ",40.4,41.1,NA,NA,39685,41509,"nWA502",0,0,0,0,0,0
50,40,"486","486",8.2,3.9,"アスナロ",87.6,89.1,NA,NA,39685,41509,"nWA506",0,0,0,0,0,0
50,40,"253","253",3.2,4.3,"アスナロ",43.4,43.8,NA,NA,39685,41509,"nWA503",0,0,0,0,0,0
50,40,"251","251",1,4.7,"アスナロ",42.8,43,NA,NA,39685,41509,"nWA505",0,0,0,0,0,0
50,40,"wG133","WG133",2.9,4.9,"アスナロ",55.1,56.5,NA,NA,39685,41509,"nWA504",0,0,0,0,0,0
50,40,"255","255",3.1,5.5,"アスナロ",16,16,NA,NA,39685,41509,"nWA508",0,0,0,0,0,0
50,40,"488","488",8.9,7.5,"サワラ",33.9,33.1,"先折れ生存","G08過大",39685,41509,"nWA507",0,0,0,0,1,0
50,40,"wG134","WG134",4.8,8.2,"ヒノキ",41.7,41.7,NA,NA,39685,41509,"nWA509",0,0,0,0,0,0
50,40,"258","258",2.6,9.2,"ヒノキ",219.3,224,NA,NA,39685,41509,"nWA511",0,0,0,0,0,0
50,50,"wG136","WG136",1,0,"サワラ",34,34,NA,NA,39685,41509,"nWA510",0,0,0,0,0,0
50,50,"wG135","WG135",5,0.3,"サワラ",43.6,44.4,NA,NA,39685,41509,"nWA512",0,0,0,0,0,0
50,50,"262","262",2.8,2.2,"サワラ",37,37.2,NA,NA,39685,41509,"nWA513",0,0,0,0,0,0
50,50,"wG137","WG137",1.6,3.5,"サワラ",45.9,46.5,NA,"樹種修正済",39685,41509,"nWA514",0,0,0,0,0,0
50,50,"263","263",3.1,4.4,"サワラ",27.3,27.4,NA,NA,39685,41509,"nWA515",0,0,0,0,0,0
50,50,"268","268",1.7,4.9,"ヒノキ",19.8,NA,NA,"立枯",39685,41509,"",0,1,0,0,0,0
50,50,"269","269",2.1,5.6,"サワラ",35.7,37,NA,NA,39685,41509,"nWA516",0,0,0,0,0,0
50,50,"264","264",4.3,5.7,"サワラ",41.9,44,NA,NA,39685,41509,"nWA517",0,0,0,0,0,0
50,50,"J458","YJ458",9.8,8,"コミネカエデ",19.2,19.1,NA,NA,39685,41509,"nWA518",0,0,0,0,0,0
50,50,"J457","YJ457",9.1,8.8,"コミネカエデ",24,24.2,NA,NA,39685,41509,"nWA519",0,0,0,0,0,0
50,60,"492","492",9.2,6.1,"ヒノキ",140.9,141.9,NA,NA,39685,41509,"nWA520",0,0,0,0,0,0
50,60,"wG254","WG254",8.5,6.6,"ヒノキ",193.9,199.5,NA,NA,39685,41509,"nWA521",0,0,0,0,0,0
50,60,"wG139","WG139",3,8.8,"マルバノキ",17.1,20.7,"すでに枯れた幹と同株",NA,39685,41509,"nWA522",0,0,0,0,0,0
50,70,"278","278",3.4,0.8,"ヒノキ",130.8,133.4,NA,NA,39685,41509,"nWA523",0,0,0,0,0,0
50,70,"495","495",8.7,0.8,"ヒノキ",29.6,29.5,NA,NA,39685,41509,"nWA526",0,0,0,0,0,0
50,70,"280","280",1.5,2.1,"サワラ",15.8,16.1,NA,NA,39685,41509,"nWA524",0,0,0,0,0,0
50,70,"wG253","WG253",9.4,2.5,"リョウブ",15.6,NA,NA,"不明消失",39685,41509,"",0,1,-1,-1,0,0
50,70,"279","279",0.2,2.9,"サワラ",17.8,18,NA,NA,39685,41509,"nWA525",0,0,0,0,0,0
50,70,"499","499",9.8,3.7,"アスナロ",40,41.2,NA,NA,39685,41509,"nWA527",0,0,0,0,0,0
50,70,"500","500",7.2,4.1,"ヒノキ",19,18.6,NA,"縮む",39685,41509,"nWA528",0,0,0,0,0,0
50,70,"501","501",6,5,"サワラ",21.7,22.5,"先折",NA,39685,41509,"nWA529",0,0,0,0,0,0
50,70,"503","503",8.9,5.2,"アスナロ",38.8,39.8,"先曲がる",NA,39685,41509,"nWA530",0,0,0,0,0,0
50,70,"wG256","WG256",9.3,5.6,"アスナロ",31.2,32.1,NA,NA,39685,41509,"nWA531",0,0,0,0,0,0
50,70,"505","505",9.9,5.6,"アスナロ",17.2,NA,"ネル","立枯",39685,41509,"",0,1,0,0,0,0
50,70,"283","283",1.8,5.8,"サワラ",21.1,21.7,NA,NA,39685,41509,"nWA533",0,0,0,0,0,0
50,70,"282","282",0.5,6.1,"ヒノキ",25.7,26.1,NA,NA,39685,41509,"nWA534",0,0,0,0,0,0
50,70,"284","284",3.7,6.1,"ヒノキ",32,32.5,NA,NA,39685,41509,"nWA532",0,0,0,0,0,0
50,70,"wG140","WG140",3.1,7,"サワラ",21.4,21.7,NA,NA,39685,41509,"nWA535",0,0,0,0,0,0
50,70,"287","287",1.3,8.5,"ヒノキ",19.8,20,NA,NA,39685,41509,"nWA536",0,0,0,0,0,0
50,80,"303","303",2.6,1.9,"ヒノキ",161.5,165.4,NA,NA,39685,41509,"nWA538",0,0,0,0,0,0
50,80,"wG261","WG261",7.2,2.1,"サワラ",18.7,18.6,NA,NA,39686,41509,"nWA537",0,0,0,0,0,0
50,80,"544","544",8.5,3.5,"サワラ",17.2,16.5,NA,"縮む",39686,41509,"nWA539",0,0,0,0,0,0
50,80,"545","545",8.5,4.5,"サワラ",29,28.1,NA,"G08測定ミス",39686,41509,"nWA540",0,0,0,0,1,0
50,80,"304","304",0.5,6.1,"ヒノキ",220.7,224,NA,NA,39685,41509,"nWA541",0,0,0,0,0,0
50,80,"wG143","WG143",2.8,6.9,"ヒノキ",260.5,263.8,NA,NA,39685,41509,"nWA542",0,0,0,0,0,0
50,80,"546","WG264",5.7,7.2,"シロモジ",15.7,NA,"J392と同株","立枯",39686,41509,"",0,1,0,0,0,0
50,80,"546","546",5.7,7.2,"シロモジ",20.9,21.5,NA,NA,39686,41509,"nWA544",0,0,0,0,0,0
50,80,"546","YJ392",5.7,7.2,"シロモジ",19.5,19.8,NA,NA,39686,41509,"nWA543",0,0,0,0,0,0
50,90,"J393","YJ393",0.2,2,"シロモジ",18.6,19,NA,NA,39685,41509,"nWA545",0,0,0,0,0,0
50,90,"549","549",7.4,3.5,"ヒノキ",253.5,254.4,NA,NA,39686,41509,"nWA546",0,0,0,0,0,0
50,90,"wG265","WG265",7.5,4.3,"ヒノキ",16.1,15.5,NA,"縮む",39686,41509,"nWA547",0,0,0,0,0,0
50,90,"wG145","WG145",1.2,4.6,"ヒノキ",282.6,286.9,NA,NA,39685,41509,"nWA549",0,0,0,0,0,0
50,90,"wG266","WG266",6.3,6.3,"サワラ",16.1,16.1,NA,NA,39686,41509,"nWA548",0,0,0,0,0,0
50,90,"307","307",2.2,7.3,"サワラ",18.5,18.4,NA,NA,39685,41509,"nWA550",0,0,0,0,0,0
50,90,"wG267","WG267",8.7,7.6,"シロモジ",15.4,NA,"シロモジNo、H220","立枯",39686,41509,"",0,1,-1,-1,0,0
60,0,"453","453",5,0.7,"サワラ",38.1,38.7,NA,NA,39685,41509,"nWA556",0,0,0,0,0,0
60,0,"663","663",6,5,"アスナロ",22.5,NA,NA,"立枯",39686,41509,"",0,1,0,0,0,0
60,0,"456","456",1,5.1,"ヒノキ",291,292.2,NA,NA,39685,41509,"nWA559",0,0,0,0,0,0
60,0,"457","457",2.2,6.2,"シロモジ",20.3,NA,NA,"幹折",39685,41509,"",0,1,0,0,0,0
60,0,"457","458",2.2,6.2,"シロモジ",19.6,20.4,NA,NA,39685,41509,"nWA558",0,0,0,0,0,0
60,0,"J361","YJ361",2.5,6.2,"シロモジ",18,17.8,NA,NA,39685,41509,"nWA557",0,0,0,0,0,0
60,0,"661","661",7.2,7,"アスナロ",70.8,73.5,NA,NA,39686,41509,"nWA561",0,0,0,0,0,0
60,0,"662","662",6.2,7,"アスナロ",22.3,22.3,NA,NA,39686,41509,"nWA560",0,0,0,0,0,0
60,0,"461","461",4.6,9.6,"アスナロ",17.5,17.4,NA,NA,39685,41509,"nWA562",0,0,0,0,0,0
60,0,"462","462",5.2,9.7,"アスナロ",56.7,58.2,NA,NA,39685,41509,"nWA563",0,0,0,0,0,0
60,10,"463","463",2.4,1,"シロモジ",17.8,NA,NA,"立枯",39685,41509,"",0,1,0,0,0,0
60,10,"463","464",2.4,1,"シロモジ",16.8,NA,NA,"立枯",39685,41509,"",0,1,0,0,0,0
60,10,"465","465",2.8,1.1,"シロモジ",21.2,NA,NA,"立枯",39685,41509,"",0,1,0,0,0,0
60,10,"664","664",7.9,1.7,"サワラ",196.7,197.7,NA,NA,39686,41509,"nWA565",0,0,0,0,0,0
60,10,"665","665",9.1,2.3,"アスナロ",79.4,83.9,NA,NA,39686,41509,"nWA566",0,0,0,0,0,0
60,10,"666","666",7.8,2.5,"アスナロ",30,30.5,NA,NA,39686,41509,"nWA564",0,0,0,0,0,0
60,10,"wG11","WG11",9.2,3.4,"シロモジ",15.5,NA,NA,"幹折",39686,41509,"",0,1,-1,-1,0,0
60,10,"wG257","WG257",5.1,4.9,"ウワミズザクラ",40.7,41.2,NA,NA,39685,41509,"nWA567",0,0,0,0,0,0
60,10,"wG12","WG12",7.3,5.9,"サワラ",34.2,34.3,NA,NA,39686,41509,"nWA568",0,0,0,0,0,0
60,10,"wG13","WG13",8.2,8.2,"サワラ",46.8,47.1,NA,NA,39686,41509,"nWA569",0,0,0,0,0,0
60,10,"wG91","WG91",0.2,9,"ホオノキ",20,NA,NA,"立枯",39685,41509,"",0,1,0,0,0,0
60,10,"B340","YB340",8.8,9.4,"サワラ",16.5,16.3,NA,NA,39686,41509,"nWA570",0,0,0,0,0,0
60,20,"669","669",7.6,0,"ヒノキ",32.3,33,NA,NA,39686,41509,"nWA579",0,0,0,0,0,0
60,20,"670","670",7.8,0.2,"ヒノキ",16.7,15.6,NA,"倒れ生存，縮む",39686,41509,"nWA580",0,0,0,0,0,0
60,20,"B341","YB341",9,0.6,"サワラ",49.4,51.3,NA,NA,39686,41509,"nWA573",0,0,0,0,0,0
60,20,"671","671",7.4,1,"ヒノキ",268.9,270.9,NA,NA,39686,41509,"nWA572",0,0,0,0,0,0
60,20,"672","672",7.3,2.4,"サワラ",30.2,33.5,NA,"根元浮き上がる",39686,41509,"nWA571",0,0,0,0,0,0
60,20,"J367","YJ367",7.2,3.8,"シロモジ",19,NA,NA,"立枯",39686,41509,"",0,1,0,0,0,0
60,20,"677","677",9,5.2,"アスナロ",78.4,84,NA,NA,39686,41509,"nWA574",0,0,0,0,0,0
60,20,"wG94","WG94",2.9,7.4,"ホオノキ",34.4,34.6,NA,NA,39685,41509,"nWA575",0,0,0,0,0,0
60,20,"474","474",2,8.6,"サワラ",205.1,206.5,NA,NA,39685,41509,"nWA577",0,0,0,0,0,0
60,20,"475","475",0.1,8.6,"ホオノキ",48.1,49.6,NA,NA,39685,41509,"nWA576",0,0,0,0,0,0
60,20,"680","680",5.5,8.9,"ヒノキ",207.5,209.6,NA,NA,39686,41509,"nWA578",0,0,0,0,0,0
60,30,"wG97","WG97",2.9,0.5,"ホオノキ",37.2,38.3,NA,NA,39685,41509,"nWA587",0,0,0,0,0,0
60,30,"684","684",7.5,0.5,"アスナロ",20.8,NA,NA,"立枯",39686,41509,"",0,1,0,0,0,0
60,30,"686","686",7,1.1,"アスナロ",20.2,20.1,NA,NA,39686,41509,"nWA581",0,0,0,0,0,0
60,30,"687","687",7.3,1.5,"アスナロ",25.5,26.3,NA,NA,39686,41509,"nWA582",0,0,0,0,0,0
60,30,"690","690",8.5,2.2,"アスナロ",27.4,27.5,NA,NA,39686,41509,"nWA584",0,0,0,0,0,0
60,30,"689","689",7.8,2.4,"アスナロ",23.7,24.6,NA,NA,39686,41509,"nWA583",0,0,0,0,0,0
60,30,"wG98","WG98",4,2.7,"ホオノキ",33.4,33.1,NA,"G08過大",39685,41509,"nWA586",0,0,0,0,1,0
60,30,"wG15","WG15",8,3.7,"ホオノキ",44.9,45,NA,NA,39686,41509,"nWA585",0,0,0,0,0,0
60,30,"480","480",1.4,4.1,"ホオノキ",25.6,25.9,NA,NA,39685,41509,"nWA588",0,0,0,0,0,0
60,30,"692","692",6,4.6,"ホオノキ",61,64.9,NA,NA,39686,41509,"nWA589",0,0,0,0,0,0
60,30,"wG17","WG17",9.9,5.4,"ホオノキ",30.8,30.9,NA,NA,39686,41509,"nWA591",0,0,0,0,0,0
60,30,"wG16","WG16",8.4,5.6,"ホオノキ",39.4,40.3,NA,NA,39686,41509,"nWA590",0,0,0,0,0,0
60,30,"wG18","WG18",9.2,6.4,"ホオノキ",39.8,40.1,NA,NA,39686,41509,"nWA592",0,0,0,0,0,0
60,30,"483","483",2.3,9.7,"ホオノキ",72.7,78.6,NA,NA,39685,41509,"nWA593",0,0,0,0,0,0
60,40,"746","746",5.2,0.1,"ホオノキ",30.5,NA,NA,"立枯",39686,41509,"",0,1,0,0,0,0
60,40,"wG100","WG100",3.4,2.1,"ホオノキ",37.3,37.7,NA,NA,39685,41509,"nWA594",0,0,0,0,0,0
60,40,"747","747",5.9,2.5,"ホオノキ",61.6,67,NA,"ややGAP",39686,41509,"nWA595",0,0,0,0,0,0
60,40,"511","511",1.2,3.8,"サワラ",17.7,17.4,"傾く","G08過大",39685,41509,"nWA603",0,0,0,0,1,0
60,40,"wG24","WG24",5.9,4.5,"ホオノキ",41,41.8,NA,NA,39686,41509,"nWA596",0,0,0,0,0,0
60,40,"512","512",2.2,5.4,"ハリギリ",34.5,34.2,NA,"傾く",39685,41509,"nWA602",0,0,0,0,0,0
60,40,"wG251","WG251",0.1,5.9,"サワラ",24.8,NA,NA,"立枯",39685,41509,"",0,1,0,0,0,0
60,40,"751","751",7.4,6.5,"ホオノキ",45.9,48.2,NA,NA,39686,41509,"nWA597",0,0,0,0,0,0
60,40,"wG27","WG27",8.1,8.9,"ミズナラ",32.4,33.9,NA,NA,39686,41509,"nWA598",0,0,0,0,0,0
60,40,"wG25","WG26",7.3,9.1,"ホオノキ",47.6,50.9,NA,NA,39686,41509,"nWA600",0,0,0,0,0,0
60,40,"wG25","WG25",7.3,9.1,"ホオノキ",52.1,55,NA,NA,39686,41509,"nWA599",0,0,0,0,0,0
60,40,"516","516",1.7,9.3,"ホオノキ",60.6,61.6,NA,NA,39685,41509,"nWA601",0,0,0,0,0,0
60,50,"519","519",2,1.7,"ヒノキ",221.3,221,NA,"G08測定ミス",39685,41509,"nWA605",0,0,0,0,1,0
60,50,"755","755",5.2,1.7,"ミズナラ",41,44.8,NA,NA,39686,41509,"nWA604",0,0,0,0,0,0
60,50,"520","520",1.8,2.4,"コミネカエデ",38,38.5,NA,NA,39685,41509,"nWA606",0,0,0,0,0,0
60,50,"wG252","WG252",1,5.3,"サワラ",221.9,223.4,NA,NA,39685,41509,"nWA607",0,0,0,0,0,0
60,50,"J456","524",0.5,6.9,"シロモジ",20,22.6,NA,"G08測定ミス",39685,41509,"nWA608",0,0,0,0,1,0
60,50,"J456","YJ456",0.5,6.9,"シロモジ",21,21.1,NA,NA,39685,41509,"nWA609",0,0,0,0,0,0
60,50,"525","525",1.4,6.9,"コミネカエデ",21.8,21.4,NA,"G08測定ミス",39685,41509,"nWA610",0,0,0,0,1,0
60,50,"527","527",3.7,7.2,"ヒノキ",112.5,114.3,NA,NA,39685,41509,"nWA613",0,0,0,0,0,0
60,50,"526","526",2.4,7.6,"ヒノキ",97.7,98.5,NA,NA,39685,41509,"nWA611",0,0,0,0,0,0
60,50,"528","528",3.6,8,"ミズナラ",23.3,25.2,NA,NA,39685,41509,"nWA612",0,0,0,0,0,0
60,60,"529","529",0.4,2.1,"シロモジ",20.5,NA,NA,"立枯",39685,41509,"",0,1,0,0,0,0
60,60,"775","775",6.8,6.1,"シロモジ",27,NA,NA,"立枯",39686,41509,"",0,1,0,0,0,0
60,70,"wG255","WG255",0.6,0.1,"サワラ",16.1,16.2,NA,NA,39686,41509,"nWA614",0,0,0,0,0,0
60,70,"784","784",6.6,2,"ヒノキ",226.5,226.4,NA,NA,39686,41509,"nWA616",0,0,0,0,0,0
60,70,"536","536",3.8,3.5,"ヒノキ",204.1,206.2,NA,NA,39686,41509,"nWA615",0,0,0,0,0,0
60,70,"B342","YB342",8.2,4,"シロモジ",17.5,18,NA,NA,39686,41509,"nWA617",0,0,0,0,0,0
60,70,"wG258","WG258",0.9,8.2,"サワラ",21.7,NA,NA,"立枯",39686,41509,"",0,1,0,0,0,0
60,80,"wG259","WG259",2.3,0,"コミネカエデ",18.1,18.7,NA,NA,39686,41509,"nWA618",0,0,0,0,0,0
60,80,"540","540",3,0,"サワラ",18.7,18.5,NA,NA,39686,41509,"nWA619",0,0,0,0,0,0
60,80,"787","787",6.6,0,"ヒノキ",230.3,232.4,NA,NA,39686,41509,"nWA625",0,0,0,0,0,0
60,80,"wG260","WG260",0.4,0.2,"ミズナラ",18,18.5,NA,NA,39686,41509,"nWA624",0,0,0,0,0,0
60,80,"J387","YJ387",4.4,4.3,"サワラ",25.7,25.9,NA,NA,39686,41509,"nWA620",0,0,0,0,0,0
60,80,"839","839",6,4.4,"サワラ",20.4,20.3,NA,NA,39686,41509,"nWA622",0,0,0,0,0,0
60,80,"wG262","WG262",0.4,4.6,"サワラ",29.8,29.5,NA,"先折れ",39686,41509,"nWA621",0,0,0,0,0,0
60,80,"569","569",3.7,4.9,"サワラ",25.9,NA,NA,"不明消失",39686,41509,"",0,1,0,0,0,0
60,80,"568","568",2.3,5.4,"サワラ",25.3,NA,NA,"立枯",39686,41509,"",0,1,0,0,0,0
60,80,"wG263","WG263",3,9.2,"アオハダ",56.7,NA,NA,"立枯",39686,41509,"",0,1,0,0,0,0
60,80,"wG263","571",3,9.2,"アオハダ",21,21.9,NA,NA,39686,41509,"nWA623",0,0,0,0,0,0
60,90,"573","573",3.8,1.2,"ヒノキ",236.1,235.5,NA,"G08過大",39686,41509,"nWA626",0,0,0,0,1,0
60,90,"575","575",2.4,3.6,"アスナロ",25.9,28,NA,NA,39686,41509,"nWA627",0,0,0,0,0,0
60,90,"843","843",6.6,7.2,"ヒノキ",151,151.5,NA,NA,39686,41509,"nWA630",0,0,0,0,0,0
60,90,"576","576",4.6,7.3,"ヒノキ",203,204,NA,NA,39686,41509,"nWA628",0,0,0,0,0,0
60,90,"844","844",6.8,7.8,"アスナロ",51.9,52.1,NA,NA,39686,41509,"nWA629",0,0,0,0,0,0
70,0,"988","988",8.8,0.6,"アスナロ",19.2,19.2,NA,NA,39686,41509,"nWA551",0,0,0,0,0,0
70,0,"989","989",7.8,1.1,"シロモジ",17.8,NA,NA,"幹折",39686,41509,"",0,1,0,0,0,0
70,0,"wG19","WG19",2.7,2.8,"シロモジ",15.9,16.2,NA,NA,39686,41509,"nWA553",0,0,0,0,0,0
70,0,"699","699",2.7,4,"サワラ",281.9,284.9,NA,NA,39686,41509,"nWA552",0,0,0,0,0,0
70,0,"J363","YJ363",5.9,6.5,"シロモジ",17.2,NA,NA,"立枯",39686,41509,"",0,1,0,0,0,0
70,0,"J362","YJ362",7.3,6.5,"シロモジ",16.3,NA,NA,"立枯",39686,41509,"",0,1,0,0,0,0
70,10,"wG20","WG14",3.4,4.1,"シロモジ",19.1,NA,NA,"立枯",39686,41509,"",0,1,0,0,0,0
70,10,"wG20","WG20",3.4,4.1,"シロモジ",20.5,NA,NA,"立枯",39686,41509,"",0,1,0,0,0,0
70,10,"wG20","706",3.4,4.1,"シロモジ",18.4,NA,NA,"立枯",39686,41509,"",0,1,0,0,0,0
70,10,"wG20","WG21",3.4,4.1,"シロモジ",18,NA,NA,"立枯",39686,41509,"",0,1,0,0,0,0
70,10,"995","995",9.5,4.2,"アスナロ",17.9,17.7,NA,NA,39686,41509,"nWA554",0,0,0,0,0,0
70,10,"997","997",9,5.1,"アスナロ",42.2,43,NA,NA,39686,41509,"nWA555",0,0,0,0,0,0
70,10,"J364","YJ364",5.9,5.3,"サワラ",23.6,23.6,"曲がる",NA,39686,41509,"nWA636",0,0,0,0,0,0
70,10,"1","1",9,6.3,"アスナロ",31.2,31.1,NA,NA,39686,41509,"nWA637",0,0,0,0,0,0
70,10,"J365","YJ365",6.1,7.2,"アスナロ",16.7,16.1,"曲がる","皮はげ",39686,41509,"nWA638",0,0,0,0,0,0
70,10,"wG22","WG22",0.4,9.1,"サワラ",18.1,18.5,NA,NA,39686,41509,"nWA640",0,0,0,0,0,0
70,20,"2","2",7.7,0.2,"アスナロ",63.7,66.3,NA,NA,39686,41509,"nWA639",0,0,0,0,0,0
70,20,"3","3",8.9,3.3,"アスナロ",47.7,49.4,NA,NA,39686,41509,"nWA642",0,0,0,0,0,0
70,20,"5","5",9.5,4.3,"アスナロ",56.3,57.5,NA,NA,39686,41509,"nWA643",0,0,0,0,0,0
70,30,"10","10",6.6,0.6,"ヒノキ",243.2,247,NA,NA,39686,41509,"nWA644",0,0,0,0,0,0
70,30,"729","729",4.8,0.8,"アスナロ",27.2,29,NA,NA,39686,41509,"nWA645",0,0,0,0,0,0
70,30,"wG212","WG212",8.9,2.1,"サワラ",40.8,41.8,NA,NA,39686,41509,"nWA648",0,0,0,0,0,0
70,30,"734","734",2.1,2.3,"アスナロ",22.3,22.6,NA,NA,39686,41509,"nWA646",0,0,0,0,0,0
70,30,"735","735",1.2,2.3,"アスナロ",25.6,26,NA,NA,39686,41509,"nWA647",0,0,0,0,0,0
70,30,"wG213","WG213",9.3,2.6,"サワラ",53.9,55.1,NA,NA,39686,41509,"nWA649",0,0,0,0,0,0
70,30,"wG23","WG23",0.5,3.4,"ウワミズザクラ",39.5,42,NA,NA,39686,41509,"nWA656",0,0,0,0,0,0
70,30,"13","13",5.6,3.4,"アスナロ",29.4,29.5,NA,NA,39686,41509,"nWA651",0,0,0,0,0,0
70,30,"738","738",1.3,3.5,"ホオノキ",38.2,39,NA,NA,39686,41509,"nWA657",0,0,0,0,0,0
70,30,"B348","YB348",2.8,3.6,"ホオノキ",16.3,NA,NA,"立枯",39686,41509,"",0,1,0,0,0,0
70,30,"14","14",5.2,3.8,"アスナロ",39.4,40.5,NA,NA,39686,41509,"nWA652",0,0,0,0,0,0
70,30,"15","15",6.9,4,"アスナロ",34.6,34.5,NA,NA,39686,41509,"nWA653",0,0,0,0,0,0
70,30,"wG214","WG214",9.7,4.7,"サワラ",22.6,22.5,"葉少ない",NA,39686,41509,"nWA650",0,0,0,0,0,0
70,30,"19","19",9,4.8,"サワラ",18.3,NA,NA,"立枯",39686,41509,"",0,1,0,0,0,0
70,30,"16","16",5.6,5,"アスナロ",30.4,30.5,NA,NA,39686,41509,"nWA654",0,0,0,0,0,0
70,30,"741","741",2.5,5.9,"ヒノキ",207.4,211,NA,NA,39686,41509,"nWA658",0,0,0,0,0,0
70,30,"17","17",6,6.1,"アスナロ",44.5,46.1,NA,NA,39686,41509,"nWA655",0,0,0,0,0,0
70,30,"21","21",6.5,6.8,"アスナロ",26.1,25.8,NA,"G08過大",39686,41509,"nWA659",0,0,0,0,1,0
70,30,"743","743",5.1,7.7,"アスナロ",21.7,21.5,NA,NA,39686,41509,"nWA662",0,0,0,0,0,0
70,30,"22","22",9.6,8.3,"ヒノキ",185.6,190.5,NA,NA,39686,41509,"nWA661",0,0,0,0,0,0
70,30,"744","744",4.6,8.8,"アスナロ",29.9,29.5,NA,NA,39686,41509,"nWA663",0,0,0,0,0,0
70,30,"wG50","WG50",1.4,8.8,"ホオノキ",53.3,57.3,NA,NA,39686,41509,"nWA664",0,0,0,0,0,0
70,30,"23","23",7.9,9.2,"アスナロ",22.9,23.1,NA,NA,39686,41509,"nWA660",0,0,0,0,0,0
70,30,"24","24",5.2,9.9,"アスナロ",31.8,32.1,NA,NA,39686,41509,"nWA665",0,0,0,0,0,0
70,40,"788","788",0.1,0.5,"アスナロ",85.4,85.1,NA,"G08過大",39686,41509,"nWA666",0,0,0,0,1,0
70,40,"58","58",7.4,0.6,"アスナロ",25.8,26,NA,NA,39686,41509,"nWA670",0,0,0,0,0,0
70,40,"J372","YJ372",5.6,0.7,"アスナロ",20,NA,NA,"立枯",39686,41509,"",0,1,0,0,0,0
70,40,"789","789",1.7,0.9,"アスナロ",40,40.7,NA,NA,39686,41509,"nWA667",0,0,0,0,0,0
70,40,"791","791",3.9,1.6,"アスナロ",25,25.6,NA,NA,39686,41509,"nWA668",0,0,0,0,0,0
70,40,"59","59",8.8,1.8,"ホオノキ",32.7,33.4,NA,NA,39686,41509,"nWA671",0,0,0,0,0,0
70,40,"wG28","WG28",4.4,2.1,"アスナロ",48.8,48.9,NA,NA,39686,41509,"nWA669",0,0,0,0,0,0
70,40,"793","793",1.8,3.2,"ヒノキ",174,179.9,NA,NA,39686,41509,"nWA677",0,0,0,0,0,0
70,40,"wG225","WG225",9.7,4,"ホオノキ",22.8,22.5,NA,"G08過大",39686,41509,"nWA673",0,0,0,0,1,0
70,40,"61","61",8.8,4.2,"ホオノキ",23.6,23.8,NA,NA,39686,41509,"nWA672",0,0,0,0,0,0
70,40,"wG227","WG227",8.4,6.3,"ヒノキ",202.3,207,NA,NA,39686,41509,"nWA674",0,0,0,0,0,0
70,40,"68","68",8.7,7.4,"シロモジ",19.5,NA,NA,"立枯",39686,41509,"",0,1,0,0,0,0
70,40,"800","800",3.6,8.7,"サワラ",181,183.2,NA,NA,39686,41509,"nWA675",0,0,0,0,0,0
70,40,"J375","WG30",4.8,9.2,"シロモジ",17.4,NA,NA,"立枯",39686,41509,"",0,1,0,0,0,0
70,40,"J375","YJ375",4.8,9.2,"シロモジ",18.8,NA,NA,"立枯",39686,41509,"",0,1,0,0,0,0
70,40,"801","801",2.8,9.6,"マンサク",20.5,NA,NA,"立枯",39686,41509,"",0,1,0,0,0,0
70,40,"wG29","WG29",2.4,9.9,"サワラ",29.8,29.5,NA,"G08過大",39686,41509,"nWA676",0,0,0,0,1,0
70,50,"70","70",7.1,2.9,"ホオノキ",61.4,64.3,NA,NA,39686,41509,"nWA681",0,0,0,0,0,0
70,50,"wG238","WG238",7.9,3.7,"ホオノキ",32.1,32.3,NA,NA,39686,41509,"nWA682",0,0,0,0,0,0
70,50,"wG237","WG237",9.4,3.9,"ホオノキ",41.9,43.1,NA,NA,39686,41509,"nWA683",0,0,0,0,0,0
70,50,"J376","YJ376",9.5,4.2,"サワラ",17,17.3,NA,NA,39686,41509,"nWA684",0,0,0,0,0,0
70,50,"73","73",6.4,6.5,"ミズナラ",45.6,47,NA,NA,39686,41509,"nWA680",0,0,0,0,0,0
70,50,"809","809",0.8,6.8,"コミネカエデ",43,45.4,NA,NA,39686,41509,"nWA678",0,0,0,0,0,0
70,50,"809","WG31",0.8,6.8,"コミネカエデ",28.8,29.3,NA,NA,39686,41509,"nWA679",0,0,0,0,0,0
70,50,"74","74",7.4,8.1,"アオハダ",27.1,27.6,NA,NA,39686,41509,"nWA685",0,0,0,0,0,0
70,60,"811","811",3,0.6,"ヒノキ",217,216,NA,"G08過大",39686,41509,"nWA692",0,0,0,0,1,0
70,60,"76","76",8,0.6,"ミズナラ",28,28.2,NA,NA,39686,41509,"nWA688",0,0,0,0,0,0
70,60,"75","75",6.3,0.8,"アスナロ",37.5,39,NA,NA,39686,41509,"nWA689",0,0,0,0,0,0
70,60,"814","814",1,1.4,"シロモジ",18,NA,NA,"立枯",39686,41509,"",0,1,0,0,0,0
70,60,"814","815",1,1.4,"シロモジ",16.8,NA,NA,"立枯",39686,41509,"",0,1,0,0,0,0
70,60,"813","813",2,1.6,"シロモジ",17.6,17.8,NA,NA,39686,41509,"nWA693",0,0,0,0,0,0
70,60,"wG243","WG243",8.6,2.6,"ホオノキ",48.5,49.6,NA,NA,39686,41509,"nWA686",0,0,0,0,0,0
70,60,"J380","YJ380",9.7,3.2,"コミネカエデ",22.5,22.7,"樹種 コミネでOK",NA,39686,41509,"nWA687",0,0,0,0,0,0
70,60,"79","79",6.6,4,"ヒノキ",169.4,173.8,NA,NA,39686,41509,"nWA690",0,0,0,0,0,0
70,60,"816","816",2.1,4.5,"アスナロ",78,80.4,NA,NA,39686,41509,"nWA694",0,0,0,0,0,0
70,60,"80","80",7.6,6.9,"ヒノキ",176,177,NA,NA,39686,41509,"nWA697",0,0,0,0,0,0
70,60,"J381","YJ381",9.3,7.8,"シロモジ",20,19.6,NA,"傾き",39686,41509,"nWA695",0,0,0,0,0,0
70,60,"J381","YJ382",9.3,7.8,"シロモジ",16,NA,NA,"立枯",39686,41509,"",0,1,0,0,0,0
70,60,"J381","YJ383",9.3,7.8,"シロモジ",16.4,NA,NA,"立枯",39686,41509,"",0,1,0,0,0,0
70,60,"818","818",4.3,9,"ヒノキ",183.9,189.7,NA,NA,39686,41509,"nWA691",0,0,0,0,0,0
70,60,"821","821",3.2,9.5,"サワラ",47.2,47.2,NA,NA,39686,41509,"nWA698",0,0,0,0,0,0
70,70,"wG248","WG248",9.9,0.5,"ホオノキ",49.5,54.9,NA,NA,39686,41510,"nWA696",0,0,0,0,0,0
70,70,"823","823",2.3,0.8,"ヒノキ",20.3,20.2,"先折",NA,39686,41510,"nWA699",0,0,0,0,0,0
70,70,"827","827",0.2,4,"マルバノキ",16.6,NA,NA,"立枯",39686,41510,"",0,1,0,0,0,0
70,70,"832","832",3,6.1,"ヒノキ",154,156.8,NA,NA,39686,41510,"nWA700",0,0,0,0,0,0
70,70,"89","WG250",9.3,6.2,"シロモジ",15.4,NA,NA,"立枯",39686,41510,"",0,1,-1,-1,0,0
70,70,"89","89",9.3,6.2,"シロモジ",18.8,19.2,NA,NA,39686,41510,"nWA705",0,0,0,0,0,0
70,70,"wG301","WG302",7.7,7.2,"シロモジ",20.2,20.2,NA,NA,39686,41510,"nWA702",0,0,0,0,0,0
70,70,"wG301","YJ385",7.7,7.2,"シロモジ",16.7,16.7,NA,NA,39686,41510,"nWA703",0,0,0,0,0,0
70,70,"wG301","WG301",7.7,7.2,"シロモジ",24.1,24.3,NA,NA,39686,41510,"nWA704",0,0,0,0,0,0
70,70,"92","92",9.2,8.2,"ヒノキ",276,277.6,"2mの位置を測る",NA,39686,41510,"nWA706",0,0,0,0,0,0
70,70,"wG32","WG32",1.4,9.4,"ヒノキ",28.6,29,NA,NA,39686,41510,"nWA701",0,0,0,0,0,0
70,70,"94","94",8.8,9.4,"マルバノキ",19.6,NA,"主幹枯れ、先枯","不明消失",39686,41510,"",0,1,0,0,0,0
70,80,"869","869",3.1,1.2,"サワラ",30.4,30.6,NA,NA,39686,41510,"nWA715",0,0,0,0,0,0
70,80,"wG303","WG303",6.1,2.2,"サワラ",51.9,51.4,NA,"G08測定ミス",39686,41510,"nWA716",0,0,0,0,1,0
70,80,"wG305","WG305",7.4,6.3,"アオハダ",15.8,16.3,NA,NA,39686,41510,"nWA718",0,0,0,0,0,0
70,80,"wG304","WG304",6.8,6.3,"アオハダ",25.2,26,NA,NA,39686,41510,"nWA717",0,0,0,0,0,0
70,80,"872","872",5.4,7.8,"ホオノキ",27.5,28.4,NA,NA,39686,41510,"nWA719",0,0,0,0,0,0
70,80,"wG306","WG306",9.1,9,"アオハダ",22.2,23.5,NA,NA,39686,41510,"nWA720",0,0,0,0,0,0
70,80,"871","871",2.4,9.2,"アスナロ",131.8,134.8,NA,NA,39686,41510,"nWA721",0,0,0,0,0,0
70,90,"873","873",5,0.2,"ヒノキ",157,159.9,NA,NA,39686,41510,"nWA722",0,0,0,0,0,0
70,90,"J388","YJ388",6.4,0.8,"ホオノキ",26,26.4,NA,NA,39686,41510,"nWA723",0,0,0,0,0,0
70,90,"874","874",5.1,1.4,"ホオノキ",18.1,NA,NA,"立枯",39686,41510,"",0,1,0,0,0,0
70,90,"875","875",1.2,4.2,"ヒノキ",124.1,129.2,NA,NA,39686,41510,"nWA724",0,0,0,0,0,0
70,90,"wG307","WG307",8.2,4.7,"ホオノキ",24.4,24.6,NA,NA,39686,41510,"nWA725",0,0,0,0,0,0
70,90,"wG34","WG34",0.7,5.3,"アオハダ",17.7,20.5,NA,NA,39686,41510,"nWA726",0,0,0,0,0,0
70,90,"J389","YJ389",6.3,7,"アスナロ",26.4,20.6,NA,"測定位置変更",39686,41510,"nWA730",0,0,0,0,0,0
70,90,"878","878",2.7,7.1,"ヒノキ",131,132.6,NA,NA,39686,41510,"nWA727",0,0,0,0,0,0
70,90,"879","879",1.1,8.7,"アスナロ",29.2,29.1,NA,NA,39686,41510,"nWA728",0,0,0,0,0,0
70,90,"141","141",9.7,9.4,"アスナロ",23.2,24.2,"ナナメ",NA,39686,41510,"nWA731",0,0,0,0,0,0
70,90,"880","880",0.7,9.8,"アスナロ",34.3,35.1,NA,NA,39686,41510,"nWA729",0,0,0,0,0,0
80,0,"28","28",2.4,0.2,"アスナロ",27.2,26,NA,"G08過大",39686,41509,"nWA633",0,0,0,0,1,0
80,0,"273","273",9.7,0.3,"コミネカエデ",20.7,21,NA,NA,39686,41509,"nWA635",0,0,0,0,0,0
80,0,"26","26",1.8,0.4,"アスナロ",34,34.8,NA,NA,39686,41509,"nWA631",0,0,0,0,0,0
80,0,"27","27",2.2,0.5,"アスナロ",25.8,27.5,NA,NA,39686,41509,"nWA632",0,0,0,0,0,0
80,0,"29","29",4,1.3,"ホオノキ",34.5,34.5,NA,NA,39686,41509,"nWA634",0,0,0,0,0,0
80,0,"274","274",9.8,1.8,"ホオノキ",35.7,35.8,NA,NA,39686,41509,"nWA736",0,0,0,0,0,0
80,0,"275","275",9.7,3.3,"ホオノキ",22.6,NA,NA,"立枯",39686,41509,"",0,1,0,0,0,0
80,0,"wG611","WG611",7.8,3.8,"ホオノキ",56.6,59,NA,NA,39686,41509,"nWA737",0,0,0,0,0,0
80,0,"wG617","WG617",9.1,7.7,"ホオノキ",25.4,25.6,NA,NA,39686,41509,"nWA738",0,0,0,0,0,0
80,0,"992","992",0,7.8,"シロモジ",22.2,22.4,NA,NA,39686,41509,"nWA739",0,0,0,0,0,0
80,0,"992","YB349",0,7.8,"シロモジ",16.4,NA,NA,"立枯",39686,41509,"",0,1,0,0,0,0
80,0,"992","993",0,7.8,"シロモジ",19,NA,NA,"立枯",39686,41509,"",0,1,0,0,0,0
80,0,"32","32",1.8,8.1,"シロモジ",19.4,NA,NA,"立枯",39686,41509,"",0,1,0,0,0,0
80,10,"279","279",7.4,0.3,"ヒノキ",164.8,167,NA,NA,39686,41509,"nWA741",0,0,0,0,0,0
80,10,"281","281",6.2,0.7,"シロモジ",21,NA,NA,"立枯",39686,41509,"",0,1,0,0,0,0
80,10,"34","34",4,1,"アスナロ",21.7,21.6,NA,NA,39686,41509,"nWA740",0,0,0,0,0,0
80,10,"wG619","WG618",9.5,2.5,"タムシバ",20.4,20.3,NA,NA,39686,41509,"nWA742",0,0,0,0,0,0
80,10,"wG619","WG619",9.5,2.5,"タムシバ",28.2,29.7,NA,NA,39686,41509,"nWA743",0,0,0,0,0,0
80,10,"J448","YJ448",4.7,2.9,"アスナロ",19.7,20.3,NA,NA,39686,41509,"nWA746",0,0,0,0,0,0
80,10,"J449","YJ449",3.8,2.9,"シロモジ",22.7,23,NA,NA,39686,41509,"nWA745",0,0,0,0,0,0
80,10,"J449","YJ450",3.8,2.9,"シロモジ",19.3,NA,NA,"立枯",39686,41509,"",0,1,0,0,0,0
80,10,"wG620","WG620",9.9,3.5,"ホオノキ",25.5,27.3,NA,NA,39686,41509,"nWA744",0,0,0,0,0,0
80,10,"35","35",0,4.2,"アスナロ",24.6,25.5,NA,NA,39686,41509,"nWA747",0,0,0,0,0,0
80,10,"36","36",1.2,4.4,"アスナロ",20,20,NA,NA,39686,41509,"nWA748",0,0,0,0,0,0
80,10,"37","37",0.7,5.4,"ヒノキ",237.5,238.5,NA,NA,39686,41509,"nWA749",0,0,0,0,0,0
80,10,"B358","YB358",4.2,6.6,"アオハダ",22.5,23.5,NA,NA,39686,41509,"nWA750",0,0,0,0,0,0
80,10,"38","38",0.9,8.6,"ヒノキ",243.4,245,NA,NA,39686,41509,"nWA751",0,0,0,0,0,0
80,10,"wG624","WG624",8.9,8.9,"シロモジ",19.3,NA,NA,"立枯",39686,41509,"",0,1,0,0,0,0
80,10,"B359","YB359",2.4,9.1,"ホオノキ",16.3,NA,NA,"立枯",39686,41509,"",0,1,0,0,0,0
80,10,"43","43",0,9.8,"アスナロ",22.5,22.2,NA,"G08過大",39686,41509,"nWA752",0,0,0,0,1,0
80,20,"39","39",4.8,0,"アオハダ",32.7,33.9,NA,NA,39686,41509,"nWA753",0,0,0,0,0,0
80,20,"wG625","WG626",6.2,0.4,"ホオノキ",32.5,32.5,"二又",NA,39686,41509,"nWA755",0,0,0,0,0,0
80,20,"wG625","WG625",6.2,0.4,"ホオノキ",29.1,28.6,"二又","G08過大",39686,41509,"nWA754",0,0,0,0,1,0
80,20,"40","40",4.2,1.2,"ホオノキ",37.5,38.5,NA,NA,39686,41509,"nWA756",0,0,0,0,0,0
80,20,"wG218","WG217",2.4,1.2,"アオハダ",16.8,17.2,NA,NA,39686,41509,"nWA758",0,0,0,0,0,0
80,20,"wG218","WG218",2.4,1.2,"アオハダ",24.4,24.5,NA,NA,39686,41509,"nWA757",0,0,0,0,0,0
80,20,"B367","YB367",6.5,1.5,"ホオノキ",20.7,20.9,NA,NA,39686,41509,"nWA759",0,0,0,0,0,0
80,20,"wG627","WG627",9.5,2.7,"ヒノキ",209.3,211.5,NA,NA,39686,41509,"nWA760",0,0,0,0,0,0
80,20,"44","44",2,6.7,"サワラ",39.4,39,NA,"G08過大",39686,41509,"nWA761",0,0,0,0,1,0
80,20,"wG635","WG635",6.8,7.4,"ヒノキ",215.6,234,"←測位320cm、周囲200.6cm(測位350cm)","320cmで測定できない",39686,41509,"nWA767",0,0,0,0,0,0
80,20,"45","45",1.8,7.6,"アスナロ",20.7,20.9,NA,NA,39686,41509,"nWA763",0,0,0,0,0,0
80,20,"52","52",1.8,8,"アスナロ",64.4,66,NA,NA,39686,41509,"nWA764",0,0,0,0,0,0
80,20,"wG221","WG221",4.1,8.2,"ホオノキ",48,51.1,NA,NA,39686,41509,"nWA766",0,0,0,0,0,0
80,20,"wG220","WG220",4.3,8.8,"ホオノキ",21.4,21.6,NA,NA,39686,41509,"nWA765",0,0,0,0,0,0
80,20,"wG634","WG633",8.6,9,"シロモジ",15.1,NA,"295、296と同株","立枯",39686,41509,"",0,1,-1,-1,0,0
80,20,"wG634","WG634",8.6,9,"シロモジ",15.6,NA,"295、296と同株","立枯",39686,41509,"",0,1,-1,-1,0,0
80,30,"wG219","WG219",1.1,0.6,"ホオノキ",54.9,58.5,NA,NA,39686,41509,"nWA768",0,0,0,0,0,0
80,30,"J444","YJ444",4.6,3,"ホオノキ",31.4,34.1,NA,NA,39686,41509,"nWA769",0,0,0,0,0,0
80,30,"303","303",9.2,3.6,"アスナロ",60.7,62.8,NA,NA,39686,41509,"nWA770",0,0,0,0,0,0
80,30,"wG640","WG640",6.3,6.6,"リョウブ",23.3,23.6,NA,NA,39686,41509,"nWA771",0,0,0,0,0,0
80,30,"307","307",7.7,8.1,"ヒノキ",207.3,210.3,NA,NA,39686,41509,"nWA773",0,0,0,0,0,0
80,30,"wG641","WG641",5.4,9.3,"ホオノキ",43.7,46.4,NA,NA,39686,41509,"nWA772",0,0,0,0,0,0
80,40,"312","312",6.8,0,"サワラ",20,20,NA,NA,39686,41509,"nWA774",0,0,0,0,0,0
80,40,"wG642","WG642",8.9,0.5,"ヒナウチワカエデ",24.4,24,"葉柄に無毛を確認（標本採取）","G08過大，葉柄無毛",39686,41509,"nWA775",0,0,0,0,1,0
80,40,"wG222","WG222",3.8,1.4,"ホオノキ",26.8,27,NA,NA,39686,41509,"nWA777",0,0,0,0,0,0
80,40,"wG223","WG223",4.3,1.6,"ホオノキ",42.9,44.1,NA,NA,39686,41509,"nWA776",0,0,0,0,0,0
80,40,"wG224","WG224",1,2.8,"ホオノキ",35.9,36.5,NA,NA,39686,41509,"nWA778",0,0,0,0,0,0
80,40,"wG228","WG228",1.8,4.6,"ホオノキ",33.8,35,NA,NA,39686,41509,"nWA779",0,0,0,0,0,0
80,40,"wG229","WG229",4.2,6,"ホオノキ",25.7,26,NA,NA,39686,41509,"nWA780",0,0,0,0,0,0
80,40,"wG230","WG230",0.6,6.7,"ホオノキ",39,41.1,NA,NA,39686,41509,"nWA781",0,0,0,0,0,0
80,40,"wG231","WG231",0.3,6.9,"ホオノキ",20.6,20.6,NA,NA,39686,41509,"nWA782",0,0,0,0,0,0
80,40,"wG232","WG232",2.1,7.3,"ホオノキ",40.5,42.5,NA,NA,39686,41509,"nWA783",0,0,0,0,0,0
80,40,"345","345",7,7.7,"アスナロ",69.9,72.4,NA,NA,39686,41509,"nWA784",0,0,0,0,0,0
80,40,"wG645","WG645",7,8.4,"ヒナウチワカエデ",17.5,17.3,"葉柄に無毛を確認（標本採取）","葉柄無毛",39686,41509,"nWA785",0,0,0,0,0,0
80,40,"347","347",9.4,9.2,"アスナロ",16.5,16.7,NA,NA,39686,41509,"nWA787",0,0,0,0,0,0
80,40,"348","348",8.6,9.6,"アスナロ",56.4,57.4,NA,NA,39686,41509,"nWA786",0,0,0,0,0,0
80,50,"wG646","WG646",6.6,0.7,"ホオノキ",20.2,20.4,NA,NA,39686,41509,"nWA788",0,0,0,0,0,0
80,50,"wG233","WG233",3.8,1.6,"アオハダ",36.2,38.9,NA,NA,39686,41509,"nWA789",0,0,0,0,0,0
80,50,"wG233","WG234",3.8,1.6,"アオハダ",20.1,20.4,NA,NA,39686,41509,"nWA790",0,0,0,0,0,0
80,50,"350","350",9.3,2.1,"アスナロ",17.5,18.1,NA,"縮む",39686,41509,"nWA794",0,0,0,0,0,0
80,50,"355","355",8.1,2.5,"アスナロ",27.7,27.7,NA,NA,39686,41509,"nWA792",0,0,0,0,0,0
80,50,"351","351",9.3,2.6,"ヒノキ",109.3,121,NA,"G08測定ミス",39686,41509,"nWA795",0,0,0,0,1,0
80,50,"352","352",9.1,2.6,"アスナロ",35.5,35.9,NA,NA,39686,41509,"nWA791",0,0,0,0,0,0
80,50,"354","354",7.9,3.1,"ヒノキ",157.3,161.5,NA,NA,39686,41509,"nWA796",0,0,0,0,0,0
80,50,"353","353",9.5,3.2,"アスナロ",24.7,25.1,NA,NA,39686,41509,"nWA793",0,0,0,0,0,0
80,50,"wG236","WG236",1.6,3.7,"ヒノキ",231.5,232.5,NA,NA,39686,41509,"nWA801",0,0,0,0,0,0
80,50,"wG235","WG235",4.1,4.5,"ホオノキ",40,40.8,NA,NA,39686,41509,"nWA798",0,0,0,0,0,0
80,50,"wG648","WG648",7.9,4.9,"ホオノキ",53.4,57.8,NA,NA,39686,41509,"nWA797",0,0,0,0,0,0
80,50,"wG649","WG649",9.4,5.8,"ホオノキ",36.2,36,NA,NA,39686,41509,"nWA800",0,0,0,0,0,0
80,50,"wG647","WG647",5.7,6.2,"ホオノキ",70,75,NA,NA,39686,41509,"nWA799",0,0,0,0,0,0
80,50,"wG241","WG241",0.6,9.2,"ホオノキ",29.4,29.4,NA,NA,39686,41509,"nWA802",0,0,0,0,0,0
80,50,"wG242","WG242",0.6,9.8,"ホオノキ",39.5,40.5,NA,NA,39686,41509,"nWA803",0,0,0,0,0,0
80,60,"wG244","WG244",1.9,0.2,"ミズナラ",43.9,46.4,NA,NA,39686,41509,"nWA804",0,0,0,0,0,0
80,60,"wG245","WG245",3.7,0.9,"ミズナラ",43.2,45.3,NA,NA,39686,41509,"nWA805",0,0,0,0,0,0
80,60,"wG650","WG650",8.5,2.6,"アスナロ",68.8,72.1,NA,NA,39686,41509,"nWA806",0,0,0,0,0,0
80,60,"wG246","WG246",3.1,8,"ホオノキ",74.5,82.9,NA,NA,39686,41509,"nWA807",0,0,0,0,0,0
80,70,"wG651","WG651",5.7,3.8,"ホオノキ",51.6,57.1,NA,NA,39686,41510,"nWA808",0,0,0,0,0,0
80,70,"122","122",4,4.8,"アスナロ",41.2,42.4,NA,NA,39686,41510,"nWA809",0,0,0,0,0,0
80,70,"126","126",2.4,6.7,"アスナロ",21.6,21.6,NA,NA,39686,41510,"nWA810",0,0,0,0,0,0
80,70,"127","127",3,6.8,"アスナロ",17.5,18.2,NA,NA,39686,41510,"nWA811",0,0,0,0,0,0
80,70,"128","128",3.9,6.8,"アスナロ",27.2,27.7,"曲がる",NA,39686,41510,"nWA812",0,0,0,0,0,0
80,70,"wG247","WG247",2,6.9,"シロモジ",24,23.9,NA,NA,39686,41510,"nWA813",0,0,0,0,0,0
80,70,"382","382",6.4,7.2,"アスナロ",16.9,17.1,NA,NA,39686,41510,"nWA814",0,0,0,0,0,0
80,70,"wG249","WG249",0.8,8.4,"マルバノキ",15.8,NA,NA,"立枯",39686,41510,"",0,1,0,0,0,0
80,80,"150","150",1.6,0.3,"ヒノキ",156.5,159.4,NA,NA,39686,41510,"nWA815",0,0,0,0,0,0
80,80,"425","425",9.2,0.4,"アスナロ",32.8,36.8,NA,NA,39686,41510,"nWA816",0,0,0,0,0,0
80,80,"151","151",4.6,3.2,"マルバノキ",18.4,19,NA,NA,39686,41510,"nWA817",0,0,0,0,0,0
80,80,"154","154",2.8,4.3,"ヒノキ",147.2,149.9,"H:185cm測る",NA,39686,41510,"nWA818",0,0,0,0,0,0
80,80,"B366","YB366",5.6,4.9,"シロモジ",22,23,NA,NA,39686,41510,"nWA819",0,0,0,0,0,0
80,80,"428","428",6.4,5,"アスナロ",36,38.5,NA,NA,39686,41510,"nWA820",0,0,0,0,0,0
80,80,"427","427",7.6,5.1,"アスナロ",34.9,37.9,NA,NA,39686,41510,"nWA821",0,0,0,0,0,0
80,80,"429","429",9.5,7,"アスナロ",37.5,39.4,NA,NA,39686,41510,"nWA822",0,0,0,0,0,0
80,80,"wG652","WG652",5.8,7.2,"アスナロ",34.4,35.5,NA,NA,39686,41510,"nWA823",0,0,0,0,0,0
80,80,"155","155",1,7.4,"サワラ",20.7,20.7,NA,NA,39686,41510,"nWA826",0,0,0,0,0,0
80,80,"156","156",1.4,8.1,"サワラ",23.5,NA,"地上H:130を測る","立枯",39686,41510,"",0,1,0,0,0,0
80,80,"157","157",3.7,8.3,"アスナロ",46,47.1,NA,NA,39686,41510,"nWA824",0,0,0,0,0,0
80,80,"158","158",3.6,9.8,"ヒノキ",194.4,195.5,NA,NA,39686,41510,"nWA825",0,0,0,0,0,0
80,80,"wG653","WG653",6.3,9.9,"サワラ",26.7,26.2,NA,"縮む",39686,41510,"nWA828",0,0,0,0,0,0
80,90,"159","159",1.4,0.7,"アスナロ",43.5,45.5,NA,NA,39686,41510,"nWA827",0,0,0,0,0,0
80,90,"431","431",8.3,0.7,"アスナロ",34.9,36.4,NA,NA,39686,41510,"nWA829",0,0,0,0,0,0
80,90,"434","434",5.5,4.4,"アスナロ",22,22.3,NA,NA,39686,41510,"nWA830",0,0,0,0,0,0
80,90,"435","435",5.5,4.8,"サワラ",60.5,61,NA,NA,39686,41510,"nWA707",0,0,0,0,0,0
80,90,"wG654","WG654",6.9,6.4,"リョウブ",15.3,15.5,NA,NA,39686,41510,"nWA708",0,0,-1,-1,0,0
80,90,"161","161",1.2,6.6,"アスナロ",28.3,28.1,"ネル","縮む",39686,41510,"nWA709",0,0,0,0,0,0
80,90,"162","162",2.2,6.7,"アスナロ",50.4,51.5,NA,NA,39686,41510,"nWA710",0,0,0,0,0,0
80,90,"163","163",3.3,6.8,"アスナロ",25.5,25.5,NA,NA,39686,41510,"nWA711",0,0,0,0,0,0
80,90,"164","164",2.8,8.6,"アスナロ",39.4,40.3,NA,NA,39686,41510,"nWA712",0,0,0,0,0,0
80,90,"wG655","WG655",7.3,8.6,"サワラ",22.4,NA,NA,"立枯",39686,41510,"",0,1,0,0,0,0
80,90,"J433","YJ433",8.9,8.6,"コミネカエデ",23.2,23.8,NA,NA,39686,41510,"nWA714",0,0,0,0,0,0
80,90,"165","165",0.8,9.8,"アスナロ",24,24.6,NA,NA,39686,41510,"nWA713",0,0,0,0,0,0
90,0,"wG612","WG612",3.7,0.5,"ホオノキ",34,34.2,NA,NA,39686,41510,"nWA831",0,0,0,0,0,0
90,0,"569","569",8.3,1.7,"タムシバ",25.2,24.9,NA,"測定位置でこぼこ",39686,41510,"nWA835",0,0,0,0,0,0
90,0,"570","570",5.9,2,"アスナロ",33.6,33.9,NA,NA,39686,41510,"nWA832",0,0,0,0,0,0
90,0,"wG613","WG613",3.6,2.5,"ホオノキ",56.4,59.5,NA,NA,39686,41510,"nWA833",0,0,0,0,0,0
90,0,"571","571",6.5,3.5,"アスナロ",58.4,60.4,NA,NA,39686,41510,"nWA834",0,0,0,0,0,0
90,0,"572","572",6.7,4,"ホオノキ",23.9,23.7,NA,NA,39686,41510,"nWA837",0,0,0,0,0,0
90,0,"wG281","WG281",9.6,4.4,"ミズナラ",21.5,21.6,NA,NA,39686,41510,"nWA836",0,0,0,0,0,0
90,0,"wG614","WG614",3.5,6.2,"ホオノキ",33,33.2,NA,NA,39686,41510,"nWA838",0,0,0,0,0,0
90,0,"wG616","WG616",1.6,8.2,"ホオノキ",19.1,NA,NA,"立枯",39686,41510,"",0,1,0,0,0,0
90,0,"wG615","WG615",4.2,8.4,"ホオノキ",42.7,45.1,NA,NA,39686,41510,"nWA839",0,0,0,0,0,0
90,10,"576","576",6.9,0.1,"アオハダ",20.4,20.6,NA,NA,39686,41510,"nWA840",0,0,0,0,0,0
90,10,"wG284","WG284",9,1.1,"ホオノキ",32.8,32.9,NA,NA,39686,41510,"nWA841",0,0,0,0,0,0
90,10,"wG622","WG622",2.4,1.2,"ホオノキ",31,30.9,NA,NA,39686,41510,"nWA843",0,0,0,0,0,0
90,10,"wG621","WG621",0.2,1.7,"アオダモ",15.7,16.3,NA,NA,39686,41510,"nWA844",0,0,0,0,0,0
90,10,"578","578",6.4,1.8,"ホオノキ",28.6,28.2,NA,"G08測定ミス",39686,41510,"nWA842",0,0,0,0,1,0
90,10,"579","579",8.6,2.8,"ホオノキ",22.3,22.2,NA,NA,39686,41510,"nWA846",0,0,0,0,0,0
90,10,"wG285","WG285",5.9,3.2,"ヒノキ",331.4,335.3,NA,NA,39686,41510,"nWA845",0,0,0,0,0,0
90,10,"582","582",7.1,3.5,"ホオノキ",18.3,18.2,NA,NA,39686,41510,"nWA847",0,0,0,0,0,0
90,10,"583","583",8.8,5.1,"ホオノキ",30.9,32.3,NA,NA,39686,41510,"nWA848",0,0,0,0,0,0
90,10,"wG623","WG623",2,7.7,"シロモジ",15.5,NA,"320と同株","立枯",39686,41510,"",0,1,-1,-1,0,0
90,10,"J447","YJ447",8.4,8.7,"アスナロ",17.9,19.1,NA,NA,39686,41510,"nWA850",0,0,0,0,0,0
90,10,"wG288","WG288",7.1,8.7,"アスナロ",15.8,16.6,NA,NA,39686,41510,"nWA849",0,0,0,0,0,0
90,20,"589","WG289",6.7,0.7,"シロモジ",15.4,15.2,"黄587と同株","傾く，縮む",39686,41510,"nWA853",0,0,-1,-1,0,0
90,20,"589","587",6.7,0.7,"シロモジ",18.9,NA,NA,"立枯",39686,41510,"",0,1,0,0,0,0
90,20,"589","589",6.7,0.7,"シロモジ",20.3,20.3,NA,NA,39686,41510,"nWA852",0,0,0,0,0,0
90,20,"322","322",4.4,1.2,"アスナロ",76,77.8,NA,NA,39686,41510,"nWA851",0,0,0,0,0,0
90,20,"592","592",9.9,2.7,"ホオノキ",24.5,24.6,NA,NA,39686,41510,"nWA854",0,0,0,0,0,0
90,20,"wG628","WG628",0.4,3.2,"ホオノキ",28.1,28.3,NA,NA,39686,41510,"nWA855",0,0,0,0,0,0
90,20,"wG629","WG629",2.7,4.3,"ホオノキ",18.9,19.2,NA,NA,39686,41510,"nWA857",0,0,0,0,0,0
90,20,"wG630","WG630",1.4,4.6,"ホオノキ",33.6,35.5,NA,NA,39686,41510,"nWA856",0,0,0,0,0,0
90,20,"593","593",9.2,5.7,"ミズナラ",26.9,27.1,NA,NA,39686,41510,"nWA859",0,0,0,0,0,0
90,20,"wG292","WG292",5,6,"ホオノキ",25.3,25.4,NA,NA,39686,41510,"nWA858",0,0,0,0,0,0
90,20,"wG631","WG631",3.6,7.8,"ホオノキ",32.7,33.2,NA,NA,39686,41510,"nWA860",0,0,0,0,0,0
90,20,"328","328",5.2,8.6,"アスナロ",50.5,51,"コブが多いので測位160cm","G03測定ミス",39686,41510,"nWA861",0,0,0,0,1,0
90,20,"327","327",5.3,9.4,"ヒノキ",200.4,203.3,NA,NA,39686,41510,"nWA863",0,0,0,0,0,0
90,20,"329","329",4,9.7,"ホオノキ",29.5,29.9,NA,NA,39686,41510,"nWA862",0,0,0,0,0,0
90,30,"595","595",6.9,0.2,"ヒノキ",239.6,238,NA,"G08過大",39686,41510,"nWA866",0,0,0,0,1,0
90,30,"wG636","WG636",2.4,2,"ホオノキ",32.3,33.5,NA,NA,39686,41510,"nWA864",0,0,0,0,0,0
90,30,"wG291","WG291",8.4,2.8,"ホオノキ",34.2,34.3,NA,NA,39686,41510,"nWA867",0,0,0,0,0,0
90,30,"wG637","WG637",3.5,3.9,"ヒノキ",214.8,215.9,NA,NA,39686,41510,"nWA865",0,0,0,0,0,0
90,30,"wG638","WG638",0.8,6.2,"アオハダ",27.2,27.7,NA,NA,39686,41510,"nWA869",0,0,0,0,0,0
90,30,"wG639","WG639",1.8,7.7,"ホオノキ",31.1,31.5,NA,NA,39686,41510,"nWA868",0,0,0,0,0,0
90,40,"391","391",5.5,4.7,"アスナロ",25.6,25.5,"測定漏れ","生存修正済",39686,41510,"nWA880",0,0,0,0,0,0
90,40,"wG294","WG294",9.3,0.2,"サワラ",44.9,46.6,NA,NA,39686,41510,"nWA875",0,0,0,0,0,0
90,40,"wG643","WG643",4.1,0.6,"ホオノキ",25.9,26.3,NA,NA,39686,41510,"nWA872",0,0,0,0,0,0
90,40,"wG295","WG295",6,0.8,"ホオノキ",51.3,55,NA,NA,39686,41510,"nWA873",0,0,0,0,0,0
90,40,"wG644","WG644",1.3,2.4,"ホオノキ",43.6,46,NA,NA,39686,41510,"nWA870",0,0,0,0,0,0
90,40,"wG297","WG297",8.3,2.4,"アスナロ",16,16.4,NA,"傾く",39686,41510,"nWA874",0,0,0,0,0,0
90,40,"388","388",3.8,2.7,"アスナロ",18.7,18.8,NA,NA,39686,41510,"nWA871",0,0,0,0,0,0
90,40,"643","643",7.6,3.9,"アスナロ",19.7,20.1,NA,"やや傾く",39686,41510,"nWA877",0,0,0,0,0,0
90,40,"642","642",8.2,4,"アスナロ",22.4,22.8,NA,"やや傾く",39686,41510,"nWA876",0,0,0,0,0,0
90,40,"392","392",4.4,4.6,"アスナロ",39.5,41.4,NA,NA,39686,41510,"nWA878",0,0,0,0,0,0
90,40,"646","646",6,5.9,"ヒノキ",30.9,31,NA,NA,39686,41510,"nWA879",0,0,0,0,0,0
90,40,"wG299","WG299",6,6.8,"ヒノキ",207.2,210.6,NA,NA,39686,41510,"nWA882",0,0,0,0,0,0
90,40,"396","396",5,8.3,"ヒノキ",210.7,210.8,"測位230cm",NA,39686,41510,"nWA881",0,0,0,0,0,0
90,40,"652","652",7.1,9,"ヒノキ",25.9,25.8,NA,NA,39686,41510,"nWA885",0,0,0,0,0,0
90,40,"651","651",7.9,9.1,"ヒノキ",27.5,27.2,NA,"G08過大",39686,41510,"nWA884",0,0,0,0,1,0
90,40,"wG751","WG751",9,9.4,"ヒノキ",29,28.6,NA,"G08過大",39686,41510,"nWA883",0,0,0,0,1,0
90,40,"654","654",6.4,9.8,"ヒノキ",29,NA,NA,"立枯",39686,41510,"",0,1,0,0,0,0
90,50,"655","655",5.9,2,"アスナロ",46.7,48.3,NA,NA,39686,41510,"nWA887",0,0,0,0,0,0
90,50,"660","660",6.5,3.1,"アスナロ",64.3,65.4,NA,NA,39686,41510,"nWA914",0,0,0,0,0,0
90,50,"659","659",9.2,3.4,"アスナロ",65.9,69,NA,"GAP下",39686,41510,"nWA915",0,0,0,0,0,0
90,50,"398","398",3.7,4,"アスナロ",72.3,72.8,NA,NA,39686,41510,"nWA888",0,0,0,0,0,0
90,50,"399","399",3.8,4.7,"ホオノキ",47,48.6,NA,NA,39686,41510,"nWA889",0,0,0,0,0,0
90,50,"wG701","WG701",3.8,5,"ホオノキ",62.8,67.4,NA,"GAP下",39686,41510,"nWA890",0,0,0,0,0,0
90,50,"wG702","WG702",3.7,5.5,"ホオノキ",29.9,31.8,NA,NA,39686,41510,"nWA913",0,0,0,0,0,0
90,50,"wG753","WG753",9.4,8.2,"マルバノキ",19.3,NA,NA,"立枯",39686,41510,"",0,1,0,0,0,0
90,60,"663","663",8.8,0.9,"アスナロ",27.3,27.8,NA,NA,39686,41510,"nWA923",0,0,0,0,0,0
90,60,"665","665",6.3,0.9,"アスナロ",35.3,35.9,"曲がる",NA,39686,41510,"nWA919",0,0,0,0,0,0
90,60,"661","661",9.5,1.2,"アスナロ",16,NA,"曲がる","立枯",39686,41510,"",0,1,0,0,0,0
90,60,"666","666",7.5,1.2,"アスナロ",24.3,24.4,"曲がる",NA,39686,41510,"nWA921",0,0,0,0,0,0
90,60,"662","662",9.3,1.3,"アスナロ",26.2,NA,"曲がる","立枯",39686,41510,"",0,1,0,0,0,0
90,60,"664","664",8.6,1.3,"アスナロ",52.6,54.4,NA,NA,39686,41510,"nWA922",0,0,0,0,0,0
90,60,"667","667",6.3,1.3,"アスナロ",27.2,26.9,NA,"曲がる",39686,41510,"nWA920",0,0,0,0,0,0
90,60,"404","404",2.9,2.9,"アスナロ",35,36.4,NA,NA,39686,41510,"nWA916",0,0,0,0,0,0
90,60,"wG754","WG754",8.2,3.7,"ヒノキ",123.3,124.9,NA,NA,39686,41510,"nWA924",0,0,0,0,0,0
90,60,"670","670",8,3.7,"アスナロ",33.4,32.3,NA,"G08測定ミス",39686,41510,"nWA925",0,0,0,0,1,0
90,60,"385","385",8.6,4,"アスナロ",17.3,19.2,NA,NA,39686,41510,"nWA886",0,0,0,0,0,0
90,60,"407","407",1.4,4.4,"サワラ",157.5,159.5,NA,NA,39686,41510,"nWA917",0,0,0,0,0,0
90,60,"677","677",9.5,5.2,"アスナロ",21.7,20.8,"傾く","倒れ生存",39686,41510,"nWA937",0,0,0,0,0,0
90,60,"671","671",5.7,5.4,"アスナロ",60.7,61.8,NA,NA,39686,41510,"nWA918",0,0,0,0,0,0
90,60,"673","673",7.7,6.2,"アスナロ",31.6,30.3,"コブ有り測定","コブなし測定，G08測定ミス",39686,41510,"nWA926",0,0,0,0,1,0
90,60,"J438","YJ438",5.4,7,"アスナロ",20.5,20.7,NA,NA,39686,41510,"nWA930",0,0,0,0,0,0
90,60,"674","674",7.5,7.1,"アスナロ",21.8,21.7,NA,NA,39686,41510,"nWA927",0,0,0,0,0,0
90,60,"411","411",4.1,7.4,"アスナロ",19.6,19.6,NA,NA,39686,41510,"nWA931",0,0,0,0,0,0
90,60,"675","675",8.5,7.6,"アスナロ",38.5,39.5,NA,NA,39686,41510,"nWA928",0,0,0,0,0,0
90,60,"410","410",3.2,7.7,"ヒノキ",162.5,164.2,"周囲159.0cm(測位290cm)",NA,39686,41510,"nWA936",0,0,0,0,0,0
90,60,"678","678",9.6,8.7,"アスナロ",21.6,20,"傾く","G08測定ミス",39686,41510,"nWA929",0,0,0,0,1,0
90,60,"413","412",2.6,9.3,"シロモジ",20.8,21.7,NA,NA,39686,41510,"nWA932",0,0,0,0,0,0
90,60,"413","413",2.6,9.3,"シロモジ",21.6,21.8,"H558",NA,39686,41510,"nWA934",0,0,0,0,0,0
90,60,"413","YJ436",2.6,9.3,"シロモジ",19,19.1,NA,NA,39686,41510,"nWA933",0,0,0,0,0,0
90,60,"413","YJ437",2.6,9.3,"シロモジ",20.2,NA,NA,"立枯",39686,41510,"",0,1,0,0,0,0
90,60,"680","680",7.3,9.5,"アスナロ",39,41.3,NA,NA,39686,41510,"nWA900",0,0,0,0,0,0
90,60,"681","681",7.9,9.7,"アスナロ",26.1,26,NA,NA,39686,41510,"nWA901",0,0,0,0,0,0
90,70,"J435","YJ435",6.3,0,"ホオノキ",24.6,27,NA,NA,39686,41510,"nWA904",0,0,0,0,0,0
90,70,"682","682",7.8,1.5,"シロモジ",21.2,NA,NA,"立枯",39686,41510,"",0,1,0,0,0,0
90,70,"682","683",7.8,1.5,"シロモジ",20.4,NA,NA,"立枯",39686,41510,"",0,1,0,0,0,0
90,70,"wG703","WG703",2.9,2.4,"アスナロ",21.6,22.1,NA,NA,39686,41510,"nWA902",0,0,0,0,0,0
90,70,"685","685",7.6,2.8,"アスナロ",22.3,22.5,NA,NA,39686,41510,"nWA903",0,0,0,0,0,0
90,70,"416","416",4.7,3.2,"アスナロ",30.3,30.8,NA,NA,39686,41510,"nWA907",0,0,0,0,0,0
90,70,"686","686",6.6,3.3,"アスナロ",33.7,34,NA,NA,39686,41510,"nWA905",0,0,0,0,0,0
90,70,"415","415",4.3,3.4,"アスナロ",43,45.3,NA,NA,39686,41510,"nWA906",0,0,0,0,0,0
90,70,"wG758","WG758",9,3.7,"ヒノキ",294.8,297.9,NA,"山側から測定",39686,41510,"nWA909",0,0,0,0,0,0
90,70,"417","417",5.4,3.9,"サワラ",253.1,254,NA,NA,39686,41510,"nWA908",0,0,0,0,0,0
90,70,"691","691",9.8,6.2,"アスナロ",23.6,23.5,"曲がる","G08測定ミス",39686,41510,"nWA910",0,0,0,0,1,0
90,70,"692","692",6.9,6.8,"アスナロ",73.2,73.7,NA,NA,39686,41510,"nWA911",0,0,0,0,0,0
90,70,"694","694",6.8,8.9,"アスナロ",15.2,15.4,NA,NA,39686,41510,"nWA912",0,0,-1,-1,0,0
90,80,"734","734",9.2,0.2,"アスナロ",18.9,19,NA,NA,39686,41510,"nWA894",0,0,0,0,0,0
90,80,"455","455",0.7,4,"ヒノキ",284.5,285.9,NA,NA,39686,41510,"nWA895",0,0,0,0,0,0
90,80,"456","456",1.2,5.2,"アスナロ",35.7,36.5,NA,NA,39686,41510,"nWA897",0,0,0,0,0,0
90,80,"457","457",2.1,5.7,"ヒノキ",184.9,184.9,NA,"G08過大",39686,41510,"nWA896",0,0,0,0,1,0
90,80,"wG761","WG761",9.9,6.6,"アオハダ",32.2,34,NA,NA,39686,41510,"nWA898",0,0,0,0,0,0
90,80,"B369","YB369",3.5,7,"マルバノキ",15.7,NA,NA,"立枯",39686,41510,"",0,1,0,0,0,0
90,80,"wG762","WG762",7.6,7.9,"サワラ",31.5,31.4,NA,NA,39686,41510,"nWA899",0,0,0,0,0,0
90,90,"458","458",0.8,0.7,"サワラ",40.9,40.3,NA,"G08測定ミス",39686,41510,"nWA892",0,0,0,0,1,0
90,90,"742","742",6.5,0.8,"シロモジ",18.2,NA,NA,"立枯",39686,41510,"",0,1,0,0,0,0
90,90,"740","740",7.5,1,"アスナロ",44.3,46.1,NA,NA,39686,41510,"nWA732",0,0,0,0,0,0
90,90,"wG763","WG763",7.4,1.7,"ホオノキ",44.6,44.2,NA,"G08過大",39686,41510,"nWA733",0,0,0,0,1,0
90,90,"YF714","YF714",7.7,5.1,"シロモジ",17.4,NA,NA,"立枯",39686,41510,"",0,1,0,0,0,0
90,90,"YF714","YF715",7.7,5.1,"シロモジ",15.9,17.1,NA,NA,39686,41510,"nWA734",0,0,0,0,0,0
90,90,"748","748",8.7,6.5,"アスナロ",27.7,29.1,NA,NA,39686,41510,"nWA735",0,0,0,0,0,0
90,90,"749","749",9.3,7.1,"ホオノキ",20.8,20.7,"二又",NA,39686,41510,"nWA891",0,0,0,0,0,0
90,90,"749","750",9.3,7.1,"ホオノキ",19.3,NA,"二又","立枯",39686,41510,"",0,1,0,0,0,0
90,90,"751","751",9.6,7.6,"アスナロ",17.3,NA,NA,"立枯",39686,41510,"",0,1,0,0,0,0
90,90,"462","462",1.6,9.7,"アスナロ",20.9,20.4,NA,"寝る，枯れかけ",39686,41510,"nWA893",0,0,0,0,0,0
0,0,"WA11","nWA11",7.9,0,"シロモジ",NA,17.5,NA,NA,NA,41508,"nWA11",0,0,-1,1,0,0
0,40,"WA47","nWA47",8.4,2.6,"アスナロ",NA,15.4,NA,NA,NA,41508,"nWA47",0,0,-1,-1,0,0
0,90,"79","nWA106",3.4,6.2,"シロモジ",NA,15.4,NA,"79と同株，傾く",NA,41508,"nWA106",0,0,-1,-1,0,0
20,50,"WA240","nWA240",7.4,7.3,"アスナロ",NA,15.2,NA,NA,NA,41508,"nWA240",0,0,-1,-1,0,0
30,70,"WA343","nWA343",7,5,"アスナロ",NA,15.3,NA,"傾く",NA,41509,"nWA343",0,0,-1,-1,0,0
30,70,"WA355","nWA355",9.7,8.6,"アスナロ",NA,16.2,NA,NA,NA,41509,"nWA355",0,0,-1,1,0,0
90,70,"WA932","nWA935",2.5,9.3,"シロモジ",NA,15.2,NA,"WA932と同株",NA,41510,"nWA935",0,0,-1,-1,0,0
40,60,"237","nWA443",8,6.8,"マルバノキ",NA,16.8,NA,NA,NA,41509,"nWA443",0,0,-1,1,0,0
40,80,"WA451","nWA451",6.8,3.4,"サワラ",NA,16.3,NA,NA,NA,41509,"nWA451",0,0,-1,1,0,0
40,80,"WA471","nWA471",6.3,9.2,"アスナロ",NA,15,NA,"傾く",NA,41509,"nWA471",0,0,-1,-1,0,0
20,60,"WA249","nWA249",0,0.3,"ホオノキ",NA,16,NA,NA,NA,41509,"nWA249",0,0,-1,1,0,0
20,90,"WA286","nWA286",7.5,6.4,"ヒノキ",NA,17.1,NA,"PB653付",NA,41509,"nWA286",0,0,-1,1,0,0
50,20,"WA485","nWA485",3.5,4.3,"シロモジ",NA,17.1,NA,NA,NA,41509,"nWA485",0,0,-1,1,0,0
70,10,"WA641","nWA641",1.2,9,"サワラ",NA,15.5,NA,NA,NA,41509,"nWA641",0,0,-1,-1,0,0
80,20,"WA762","nWA762",5.2,5,"アスナロ",NA,16.1,NA,NA,NA,41509,"nWA762",0,0,-1,1,0,0
