#/log,DATA CREATED,データ作成日,20180320,,,,,,,,,,,,,
#/doc,DATA CREATER,データ作成者,西村尚之,,,,,,,,,,,,,
#,DATA TITLE,データ名,Temporal Change in Tree Girth at Breast Height at Ontake-nigorigo (NG-EC1).,,,,,,,,,,,,,
#,SITE NAME,サイト名,御岳濁河(亜高山帯常緑針葉樹林),,,,,,,,,,,,,
#,PLOT NAME,調査区名,-,,,,,,,,,,,,,
#,PLOT CODE,調査区コード,NG-EC1,,,,,,,,,,,,,
#,PLOT SIZE,面積,1ha,,,,,,,,,,,,,
#,PRAMETER DEFINITIONS,mesh_xcord,10ｍ方形区ｘ座標,,,,,,,,,,,,,
#,,mesh_ｙcord,10ｍ方形区ｙ座標,,,,,,,,,,,,,
#,,tag_no,幹タグ番号,,,,,,,,,,,,,
#,,indv_no,個体タグ番号,,,,,,,,,,,,,
#,,stem_xcord,幹のx座標（10m方形区内での座標）,,,,,,,,,,,,,
#,,stem_ycord,幹のｙ座標（10m方形区内での座標）,,,,,,,,,,,,,
#,,spc_japan,種名,,,,,,,,,,,,,
#,,gbh,胸高周囲長〔cm〕,,,,,,,,,,,,,
#,,note,備考,,,,,,,,,,,,,
#,,s_data,調査日,,,,,,,,,,,,,
#/note,,gbh（t+1）-gbh(t)>6　もしくは<−3は測定間違いとする,,,,,,,,,,,,,,
#,2006,データ作成(西村尚之)2ha分,,,,,,,,,,,,,,
#,20080429,1ha分,,,,,,,,,,,,,,
#,20080702,データ成形（石原正恵）,,,,,,,,,,,,,,
#,20101116,tag重複多数,,,,,,,,,,,,,,
#,20101116,tag重複多数->セルx座標-セルy座標-tagNoにした,,,,,,,,,,,,,,
#,20110126,2010年度分データの差し替え（2005年分も）,,,,,,,,,,,,,,
#,,note05はデータなし（2005年データと対応させるのが困難なため、元データ参照）,,,,,,,,,,,,,,
#,,"tag_no=nYA795 重複　-1,-2をつけた（-2の方が番号の並びからすると怪しい）-->(50,20)の方がnYA695の間違い",,,,,,,,,,,,,,
#,20110217,西村さんより追加修正（タグNo、座標など）,,,,,,,,,,,,,,
#,20170608,データ確認（日野）,,,,,,,,,,,,,,
#,,枯死だとされ「d」が入力、その後の調査で生存が確認された個体→「nd」を入力,,,,,,,,,,,,,,
#,,死亡年の次の調査のgbhの欄が「d」→「dd」を入力,,,,,,,,,,,,,,
#/data,,,,,,,,,,,,,,,,
"mesh_xcord","mesh_ycord","tag_no","indv_no","stem_xcord","stem_ycord","spc_japan","gbh05","gbh10","gbh15","note05","note10","note15","s_date05","s_date10","s_date15","tag_no_2010","dl05","dl10","dl15","rec05","rec10","rec15","error05","error10","error15"
0,0,"aS_2","nYA1",9.1,2.7,"オオシラビソ",35.8,38,38.8,NA,NA,NA,"20050914","20100831","20150930","nYA1",0,0,0,0,0,0,0,0,0
0,0,"aS_4","nYA651",9.4,4.9,"オオシラビソ",NA,16.5,17.4,NA,"新規加入",NA,NA,"20100831","20150930","nYA651",0,0,0,-1,1,0,0,0,0
0,0,"aS_3","nYA2",8.2,5,"シラビソ",49.1,51.4,53.3,NA,NA,NA,"20050914","20100831","20150930","nYA2",0,0,0,0,0,0,0,0,0
0,0,"aS_1","nYA3",0.6,5.2,"シラビソ",61.9,63,64.9,NA,NA,NA,"20050913","20100831","20150930","nYA3",0,0,0,0,0,0,0,0,0
0,0,"aS_5","aS_5",9.4,5.9,"オオシラビソ",NA,NA,16,NA,NA,"新規",NA,NA,"20150930",NA,0,0,0,-1,-1,1,0,0,0
0,10,"aS_54","nYA631",3.3,0.2,"コメツガ",112.6,115.1,118.5,NA,NA,NA,"20050913","20100831","20150930","nYA631",0,0,0,0,0,0,0,0,0
0,10,"aS_61","nYA126",7.8,1.1,"オオシラビソ",16.8,18,19.5,NA,NA,NA,"20050914","20100831","20150930","nYA126",0,0,0,0,0,0,0,0,0
0,10,"aS_55","nYA632",1.9,1.7,"コメツガ",NA,16.1,17,NA,"新規加入",NA,NA,"20100831","20150930","nYA632",0,0,0,-1,1,0,0,0,0
0,10,"aS_60","nYA5",0.8,2.3,"トウヒ",258.2,261.9,266,NA,NA,NA,"20050913","20100831","20150930","nYA5",0,0,0,0,0,0,0,0,0
0,10,"aS_62","nYA7",6.1,3.4,"オオシラビソ",46.4,50.3,52.1,NA,NA,NA,"20050914","20100831","20150930","nYA7",0,0,0,0,0,0,0,0,0
0,10,"aS_64","nYA635",2,4.5,"オオシラビソ",NA,16,18.6,NA,"新規加入",NA,NA,"20100831","20150930","nYA635",0,0,0,-1,1,0,0,0,0
0,10,"aS_57","nYA6",0,5.5,"ウラジロカンバ",83.5,84.5,85,NA,NA,NA,"20050913","20100831","20150930","nYA6",0,0,0,0,0,0,0,0,0
0,10,"aS_59","nYA633",3.2,6.8,"シラビソ",19.4,21.8,24.1,NA,NA,NA,"20050913","20100831","20150930","nYA633",0,0,0,0,0,0,0,0,0
0,10,"aS_58","nYA634",1.7,6.8,"オオシラビソ",NA,16,17.4,NA,"新規加入",NA,NA,"20100831","20150930","nYA634",0,0,0,-1,1,0,0,0,0
0,10,"aS_65","nYA8",9.7,9.4,"ウラジロカンバ",113.7,116.4,120.8,NA,NA,NA,"20050914","20100831","20150930","nYA8",0,0,0,0,0,0,0,0,0
0,10,"aS_66","nYA9",5.3,9.7,"シラビソ",17.4,19.3,21.1,NA,NA,NA,"20050913","20100831","20150930","nYA9",0,0,0,0,0,0,0,0,0
0,10,"aS_56","aS_56",1.8,2.7,"オオシラビソ",NA,NA,16.6,NA,NA,"新規",NA,NA,"20150930",NA,0,0,0,-1,-1,1,0,0,0
0,10,"aS_63","aS_63",7.1,4.5,"オオシラビソ",NA,NA,21.3,NA,NA,"新規",NA,NA,"20150930",NA,0,0,0,-1,-1,1,0,0,0
0,10,"aS_630","aS_630",7.3,2.6,"オオシラビソ",NA,NA,16.2,NA,NA,"nYB649をアルミタグに付け替え",NA,NA,"20150930",NA,0,0,0,-1,-1,1,0,0,0
0,10,"aS_651","aS_651",4.4,3.4,"シラビソ",NA,NA,17.2,NA,NA,"幹割れ,nYB650をアルミタグに付け替え",NA,NA,"20150930",NA,0,0,0,-1,-1,1,0,0,0
0,10,"aS_652","aS_652",5.1,6.5,"シラビソ",NA,NA,16.5,NA,NA,"nYB652をアルミタグに付け替え",NA,NA,"20150930",NA,0,0,0,-1,-1,1,0,0,0
0,10,"aS_629","aS_629",4.6,1.1,"オオシラビソ",NA,NA,16.7,NA,NA,"nYB653をアルミタグに付け替え",NA,NA,"20150930",NA,0,0,0,-1,-1,1,0,0,0
0,10,"aS_628","aS_628",9.9,9.9,"オオシラビソ",NA,NA,15.5,NA,NA,NA,NA,NA,"20150930",NA,0,0,0,-1,-1,-1,0,0,0
0,20,"aS_137","nYA11",0.4,0.7,"ダケカンバ",124.9,127,130.1,NA,NA,NA,"20050913","20100831","20150930","nYA11",0,0,0,0,0,0,0,0,0
0,20,"aS_138","nYA10",4.3,1.7,"シラビソ",60.8,60.6,NA,NA,"測定誤差","立枯","20050913","20100831","20150930","nYA10",0,0,1,0,0,0,0,0,0
0,20,"aS_134","nYA495",7.7,2.8,"オオシラビソ",NA,17.1,20,NA,"新規加入",NA,NA,"20100831","20150930","nYA495",0,0,0,-1,1,0,0,0,0
0,20,"aS_136","nYA12",4,7.7,"オオシラビソ",71,74.8,77.1,NA,NA,NA,"20050913","20100831","20150930","nYA12",0,0,0,0,0,0,0,0,0
0,30,"aS_185","nYA13",3.6,0.9,"コメツガ",97.9,101,104.8,NA,NA,"生長よいを確認済","20050913","20100831","20150930","nYA13",0,0,0,0,0,0,0,0,0
0,30,"aS_181","nYA15",6.6,5.6,"ダケカンバ",146.8,149,154.3,NA,NA,"生長確認済，幹割れ","20050914","20100831","20150930","nYA15",0,0,0,0,0,0,0,0,0
0,30,"aS_187","nYA496",2.9,5.6,"オオシラビソ",NA,20.5,25.9,NA,"新規加入","生長よいを確認済",NA,"20100831","20150930","nYA496",0,0,0,-1,1,0,0,0,0
0,30,"aS_179","nYA16",7.9,7,"シラビソ",56.3,59.6,63.1,NA,NA,"生長よいを確認済","20050914","20100831","20150930","nYA16",0,0,0,0,0,0,0,0,0
0,30,"aS_186","nYA630",1.2,7.1,"オオシラビソ",NA,18.3,25.4,NA,"新規加入","生長よいを確認済",NA,"20100831","20150930","nYA630",0,0,0,-1,1,0,0,0,0
0,30,"aS_180","nYA17",8,7.3,"シラビソ",18,23,26,NA,NA,NA,"20050914","20100831","20150930","nYA17",0,0,0,0,0,0,0,0,0
0,30,"aS_182","aS_182",5.5,5.9,"オオシラビソ",NA,NA,16.8,NA,NA,"新規",NA,NA,"20150930",NA,0,0,0,-1,-1,1,0,0,0
0,30,"aS_183","aS_183",5,6.5,"オオシラビソ",NA,NA,19.6,NA,NA,"新規",NA,NA,"20150930",NA,0,0,0,-1,-1,1,0,0,0
0,30,"aS_184","aS_184",5,7.3,"オオシラビソ",NA,NA,17,NA,NA,"新規",NA,NA,"20150930",NA,0,0,0,-1,-1,1,0,0,0
0,30,"aS_655","aS_655",3.8,7.7,"オオシラビソ",NA,NA,15,NA,NA,"nYA875をアルミタグに付け替え",NA,NA,"20150930",NA,0,0,0,-1,-1,-1,0,0,0
0,40,"aS_189","nYA19",1.7,0.4,"シラビソ",121.7,125.9,129.6,NA,NA,"生長よいを確認済","20050913","20100831","20150930","nYA19",0,0,0,0,0,0,0,0,0
0,40,"aS_192","nYA18",5.4,2.5,"シラビソ",19.3,25.9,31.3,NA,NA,"生長よいを確認済","20050913","20100831","20150930","nYA18",0,0,0,0,0,0,0,0,0
0,40,"aS_191","nYA20",3.6,2.9,"オオシラビソ",93.1,97,102.2,NA,NA,"生長よいを確認済","20050913","20100831","20150930","nYA20",0,0,0,0,0,0,0,0,0
0,40,"aS_188","aS_188",0.6,0.4,"オオシラビソ",NA,NA,18.6,NA,NA,"新規",NA,NA,"20150930",NA,0,0,0,-1,-1,1,0,0,0
0,40,"aS_190","aS_190",3.7,1,"オオシラビソ",NA,NA,19.3,NA,NA,"新規",NA,NA,"20150930",NA,0,0,0,-1,-1,1,0,0,0
0,40,"aS_193","aS_193",7.1,0.9,"オオシラビソ",NA,NA,16.5,NA,NA,"新規，位置修正（確認）済",NA,NA,"20150930",NA,0,0,0,-1,-1,1,0,0,0
0,40,"aS_643","aS_643",3.3,5.1,"オオシラビソ",NA,NA,25.7,NA,NA,NA,NA,NA,"20150930",NA,0,0,0,-1,-1,1,0,0,0
0,40,"aS_644","aS_644",2,6.1,"オオシラビソ",NA,NA,17.5,NA,NA,NA,NA,NA,"20150930",NA,0,0,0,-1,-1,1,0,0,0
0,40,"aS_645","aS_645",2.5,6.6,"オオシラビソ",NA,NA,15.2,NA,NA,NA,NA,NA,"20150930",NA,0,0,0,-1,-1,-1,0,0,0
0,40,"aS_646","aS_646",2.7,4.1,"オオシラビソ",NA,NA,19.8,NA,NA,NA,NA,NA,"20150930",NA,0,0,0,-1,-1,1,0,0,0
0,40,"aS_647","aS_647",3.7,4.4,"オガラバナ",NA,NA,17.2,NA,NA,NA,NA,NA,"20150930",NA,0,0,0,-1,-1,1,0,0,0
0,50,"aS_284","nYA22",9.7,4,"オオシラビソ",100.3,103.4,107.2,NA,NA,NA,"20050914","20100831","20150929","nYA22",0,0,0,0,0,0,0,0,0
0,50,"aS_288","nYA21",5.9,4.2,"コメツガ",102,104.8,108,NA,NA,NA,"20050914","20100831","20150929","nYA21",0,0,0,0,0,0,0,0,0
0,50,"aS_289","nYA25",3.5,8.4,"トウヒ",346.5,347.7,350.5,NA,NA,NA,"20050913","20100831","20150929","nYA25",0,0,0,0,0,0,0,0,0
0,50,"aS_286","nYA24",6.9,9,"コメツガ",47.1,49.4,51.8,NA,NA,NA,"20050914","20100831","20150929","nYA24",0,0,0,0,0,0,0,0,0
0,50,"aS_633","aS_633",3.6,4.7,"オオシラビソ",NA,NA,22,NA,NA,NA,NA,NA,"20150929",NA,0,0,0,-1,-1,1,0,0,0
0,50,"aS_634","aS_634",3.6,3.9,"オオシラビソ",NA,NA,20.8,NA,NA,NA,NA,NA,"20150929",NA,0,0,0,-1,-1,1,0,0,0
0,50,"aS_635","aS_635",5.9,2.7,"オオシラビソ",NA,NA,17.2,NA,NA,NA,NA,NA,"20150929",NA,0,0,0,-1,-1,1,0,0,0
0,60,"aS_293","nYA27",5.4,1,"シラビソ",21.6,24,26,NA,NA,NA,"20050913","20100831","20150929","nYA27",0,0,0,0,0,0,0,0,0
0,60,"aS_287","nYA26",1.7,2.1,"コメツガ",102.1,114.3,120,NA,"05年測定ミス","生長よいを確認済","20050913","20100831","20150929","nYA26",0,0,0,0,0,0,1,0,0
0,60,"aS_290","nYA28",6.8,3.4,"オオシラビソ",79.5,81.5,83.6,NA,NA,NA,"20050914","20100831","20150929","nYA28",0,0,0,0,0,0,0,0,0
0,60,"aS_294","nYA29",5,8.2,"オオシラビソ",86.8,87.4,87.7,NA,"Gap下",NA,"20050913","20100831","20150929","nYA29",0,0,0,0,0,0,0,0,0
0,60,"aS_291","aS_291",8.2,1,"オオシラビソ",NA,NA,16.7,NA,NA,"新規",NA,NA,"20150929",NA,0,0,0,-1,-1,1,0,0,0
0,60,"aS_292","aS_292",9.6,1.1,"オオシラビソ",NA,NA,15.8,NA,NA,"新規",NA,NA,"20150929",NA,0,0,0,-1,-1,1,0,0,0
0,70,"aS_414","nYA638",7.2,0.7,"コメツガ",58.2,62,67.2,NA,NA,NA,"20050914","20100831","20150929","nYA638",0,0,0,0,0,0,0,0,0
0,70,"aS_416","nYA30",0.9,1.3,"オオシラビソ",61.6,65.5,70,NA,"Gap下","ギャップ内3層確認済","20050913","20100831","20150929","nYA30",0,0,0,0,0,0,0,0,0
0,70,"nYA639","nYA639",3.8,2,"シラビソ",NA,23,NA,NA,"新規加入","幹折",NA,"20100831","20150929","nYA639",0,0,1,-1,1,0,0,0,0
0,70,"aS_418","nYA636",0.9,2.3,"オオシラビソ",NA,17.9,20.4,NA,"新規加入",NA,NA,"20100831","20150929","nYA636",0,0,0,-1,1,0,0,0,0
0,70,"aS_417","nYA31",0.2,6,"オオシラビソ",72.3,77.3,83.4,NA,"Gap下","ギャップ内3層確認済","20050913","20100831","20150929","nYA31",0,0,0,0,0,0,0,0,0
0,70,"aS_419","nYA637",2.9,6,"シラビソ",NA,20.9,26.4,NA,"新規加入",NA,NA,"20100831","20150929","nYA637",0,0,0,-1,1,0,0,0,0
0,70,"aS_412","nYA118",7.5,9.5,"オオシラビソ",22.3,26.5,31.6,NA,NA,"樹種確認済","20050914","20100831","20150929","nYA118",0,0,0,0,0,0,0,0,0
0,70,"aS_411","aS_411",9.99,1.3,"オオシラビソ",NA,NA,19,NA,NA,"新規",NA,NA,"20150929",NA,0,0,0,-1,-1,1,0,0,0
0,70,"aS_415","aS_415",2.7,1,"シラビソ",NA,NA,17.3,NA,NA,"新規",NA,NA,"20150929",NA,0,0,0,-1,-1,1,0,0,0
0,80,"aS_420","nYA32",0.6,0.3,"コメツガ",87.1,92.2,101.2,NA,NA,"成長よい確認済","20050913","20100831","20150929","nYA32",0,0,0,0,0,0,0,0,0
0,80,"aS_427","nYA640",6.1,1.5,"オオシラビソ",NA,18.6,23.6,NA,"新規加入","成長よい確認済",NA,"20100831","20150929","nYA640",0,0,0,-1,1,0,0,0,0
0,80,"nYA33","nYA33",4.1,2.6,"シラビソ",97.1,106,NA,NA,NA,"幹折","20050913","20100831","20150929","nYA33",0,0,1,0,0,0,0,0,0
0,80,"aS_432","nYA641",9,3.4,"オオカメノキ",NA,23.1,24,NA,"新規加入",NA,NA,"20100831","20150929","nYA641",0,0,0,-1,1,0,0,0,0
0,80,"nYA34","nYA34",0.4,5.6,"オオシラビソ",112.3,114,NA,NA,NA,"立枯","20050913","20100831","20150929","nYA34",0,0,1,0,0,0,0,0,0
0,80,"aS_421","nYA35",1.5,6.7,"オオシラビソ",40.9,44.1,48.3,NA,NA,"成長よい確認済","20050913","20100831","20150929","nYA35",0,0,0,0,0,0,0,0,0
0,80,"aS_423","nYA643",7.8,7.3,"オガラバナ",NA,20,24,NA,"新規加入","成長よい確認済，GAP下",NA,"20100831","20150929","nYA643",0,0,0,-1,1,0,0,0,0
0,80,"aS_422","nYA36",1.8,8.2,"オオシラビソ",23,24.9,27.3,NA,NA,NA,"20050913","20100831","20150929","nYA36",0,0,0,0,0,0,0,0,0
0,80,"aS_424","nYA642",6.1,8.5,"オガラバナ",NA,21.8,30,NA,"新規加入","成長よい確認済",NA,"20100831","20150929","nYA642",0,0,0,-1,1,0,0,0,0
0,80,"aS_425","nYA37",6.7,9.8,"シラビソ",124.6,129,133,NA,NA,"成長よい確認済","20050914","20100831","20150929","nYA37",0,0,0,0,0,0,0,0,0
0,80,"aS_430","aS_430",9.6,4,"オガラバナ",NA,NA,16.6,NA,NA,"新規",NA,NA,"20150929",NA,0,0,0,-1,-1,1,0,0,0
0,80,"aS_431","aS_431",6.6,2.5,"シラビソ",NA,NA,15.5,NA,NA,"新規",NA,NA,"20150929",NA,0,0,0,-1,-1,-1,0,0,0
0,90,"aS_595","nYA669",7.6,0.2,"オオシラビソ",NA,17.2,18.3,NA,"新規加入",NA,NA,"20100831","20150929","nYA669",0,0,0,-1,1,0,0,0,0
0,90,"aS_597","nYA38",5.3,1.5,"シラビソ",161.4,163.3,166,NA,NA,NA,"20050913","20100831","20150929","nYA38",0,0,0,0,0,0,0,0,0
0,90,"nYA39","nYA39",5.7,1.5,"シラビソ",27.9,28,NA,NA,NA,"立枯","20050913","20100831","20150929","nYA39",0,0,1,0,0,0,0,0,0
0,90,"nYA40","nYA40",8.9,1.5,"オガラバナ",17.8,NA,NA,NA,"幹折","幹折","20050914","20100831",NA,"nYA40",0,1,2,0,0,0,0,0,0
0,90,"aS_426","nYA644",5,2,"オオシラビソ",NA,17.8,19.1,NA,"新規加入",NA,NA,"20100831","20150929","nYA644",0,0,0,-1,1,0,0,0,0
0,90,"aS_602","nYA645",6,3.5,"オオシラビソ",22.4,24,25.3,NA,NA,"X座標修正済","20050914","20100831","20150929","nYA645",0,0,0,0,0,0,0,0,0
0,90,"aS_598","nYA41",3.3,6.7,"オガラバナ",82.9,86.4,89.9,NA,NA,NA,"20050913","20100831","20150929","nYA41",0,0,0,0,0,0,0,0,0
0,90,"aS_599","nYA647",4,6.7,"オガラバナ",20.4,23.5,27.6,NA,NA,"GAP下","20050913","20100831","20150929","nYA647",0,0,0,0,0,0,0,0,0
0,90,"aS_596","aS_596",9,0.8,"オガラバナ",NA,NA,19.2,NA,NA,"新規，yBOXは80と90のどちらか？　座標修正済",NA,NA,"20150929",NA,0,0,0,-1,-1,1,0,0,0
0,90,"aS_600","aS_600",6,9.5,"オオシラビソ",NA,NA,23.1,NA,NA,"新規，GAP下",NA,NA,"20150929",NA,0,0,0,-1,-1,1,0,0,0
0,90,"aS_601","aS_601",7.2,9.8,"オオシラビソ",NA,NA,19.5,NA,NA,"新規，GAP下",NA,NA,"20150929",NA,0,0,0,-1,-1,1,0,0,0
10,0,"nYA133","nYA133",6.7,0,"オオシラビソ",16.6,16.2,NA,NA,"測定誤差","立枯","20050915","20100831","20150930","nYA133",0,0,1,0,0,0,0,0,0
10,0,"aS_8","nYA132",1.4,0.2,"オオシラビソ",29,30,30.4,NA,NA,NA,"20050914","20100831","20150930","nYA132",0,0,0,0,0,0,0,0,0
10,0,"aS_6","nYA131",1.9,3.2,"トウヒ",371.4,375.8,375.9,NA,NA,NA,"20050914","20100831","20150930","nYA131",0,0,0,0,0,0,0,0,0
10,0,"aS_11","nYA130",3.6,4.7,"コメツガ",77.3,77,77.7,NA,"測定誤差",NA,"20050914","20100831","20150930","nYA130",0,0,0,0,0,0,0,0,0
10,0,"aS_7","nYA128",1.3,5.6,"オオシラビソ",18.6,18.9,18.9,NA,NA,NA,"20050914","20100831","20150930","nYA128",0,0,0,0,0,0,0,0,0
10,0,"aS_12","nYA129",4.1,5.7,"オオシラビソ",18.9,20.5,22.1,NA,NA,NA,"20050914","20100831","20150930","nYA129",0,0,0,0,0,0,0,0,0
10,0,"aS_9","nYA127",1.5,6.5,"オオシラビソ",21.3,21.9,22.5,NA,NA,NA,"20050914","20100831","20150930","nYA127",0,0,0,0,0,0,0,0,0
10,0,"aS_17","nYA139",9.5,9.1,"オオシラビソ",21.5,22.3,23.5,NA,NA,NA,"20050915","20100831","20150930","nYA139",0,0,0,0,0,0,0,0,0
10,0,"aS_15","nYA142",5.9,9.6,"シラビソ",21.7,23,24.9,NA,NA,NA,"20050915","20100831","20150930","nYA142",0,0,0,0,0,0,0,0,0
10,0,"aS_16","nYA141",7.2,9.6,"オオシラビソ",70.8,71.5,72.4,NA,NA,NA,"20050915","20100831","20150930","nYA141",0,0,0,0,0,0,0,0,0
10,0,"aS_10","aS_10",3.5,2.4,"オオシラビソ",NA,NA,16.9,NA,NA,"新規",NA,NA,"20150930",NA,0,0,0,-1,-1,1,0,0,0
10,0,"aS_636","aS_636",4.1,6.4,"オオシラビソ",NA,NA,16.9,NA,NA,NA,NA,NA,"20150930",NA,0,0,0,-1,-1,1,0,0,0
10,10,"nYA140","nYA140",7.8,0,"シラビソ",20.1,NA,NA,NA,"立枯","立枯","20050915","20100831",NA,"nYA140",0,1,2,0,0,0,0,0,0
10,10,"aS_70","nYA143",7.9,1.1,"シラビソ",31.5,33.5,36.5,NA,NA,NA,"20050915","20100831","20150930","nYA143",0,0,0,0,0,0,0,0,0
10,10,"nYA146","nYA146",9.1,1.6,"シラビソ",16.5,NA,NA,NA,"立枯","立枯","20050915","20100831",NA,"nYA146",0,1,2,0,0,0,0,0,0
10,10,"aS_69","nYA125",1.4,2,"オオシラビソ",26.4,29,30.5,NA,NA,NA,"20050914","20100831","20150930","nYA125",0,0,0,0,0,0,0,0,0
10,10,"aS_68","nYA653",0,2.7,"オオシラビソ",18.3,18.6,19.4,NA,NA,NA,"20050914","20100831","20150930","nYA653",0,0,0,0,0,0,0,0,0
10,10,"nYA147","nYA147",9.2,3.3,"シラビソ",19.1,19.3,NA,NA,NA,"幹折","20050915","20100831","20150930","nYA147",0,0,1,0,0,0,0,0,0
10,10,"aS_67","nYA652",1.5,6.6,"オオシラビソ",130.6,131.3,NA,NA,NA,"立枯","20050914","20100831","20150930","nYA652",0,0,1,0,0,0,0,0,0
10,10,"aS_654","aS_654",4.5,4.6,"オオシラビソ",NA,NA,17,NA,NA,"nYB648をアルミタグに付け替え",NA,NA,"20150930",NA,0,0,0,-1,-1,1,0,0,0
10,10,"aS_653","aS_653",0.2,6.6,"オオシラビソ",NA,NA,18.9,NA,NA,"nYB651をアルミタグに付け替え,BOX修正済",NA,NA,"20150930",NA,0,0,0,-1,-1,1,0,0,0
10,20,"aS_131","nYA655",3.7,2,"オオシラビソ",19.7,21,23,NA,NA,NA,"20050914","20100831","20150930","nYA655",0,0,0,0,0,0,0,0,0
10,20,"aS_132","nYA654",1.7,2.6,"オオシラビソ",21.3,22.5,24.8,NA,NA,NA,"20050914","20100831","20150930","nYA654",0,0,0,0,0,0,0,0,0
10,20,"aS_133","nYA124",0.7,2.8,"トウヒ",365.7,367.6,367,NA,NA,"G15再確認済、コケとれて縮小","20050914","20100831","20150930","nYA124",0,0,0,0,0,0,0,0,0
10,20,"nYA14","nYA14",0.1,6.8,"シラビソ",25.7,27.3,NA,NA,NA,"幹折","20050914","20100831","20150930","nYA14",0,0,1,0,0,0,0,0,0
10,20,"aS_135","aS_135",0.2,7.3,"オオシラビソ",NA,NA,19.2,NA,NA,"新規",NA,NA,"20150930",NA,0,0,0,-1,-1,1,0,0,0
10,30,"aS_178","nYA123",1.4,2.1,"オオシラビソ",153.3,157.1,161.9,NA,NA,"生長よいを確認済","20050914","20100831","20150930","nYA123",0,0,0,0,0,0,0,0,0
10,30,"aS_177","aS_177",3.2,3.8,"オオシラビソ",NA,NA,21.3,NA,NA,"新規",NA,NA,"20150930",NA,0,0,0,-1,-1,1,0,0,0
10,40,"aS_194","nYA656",1.1,2,"オオシラビソ",NA,28,32.2,NA,"新規加入","生長よいを確認済",NA,"20100831","20150930","nYA656",0,0,0,-1,1,0,0,0,0
10,40,"nYA157","nYA157",8.4,4.1,"シラビソ",106,109.5,NA,NA,NA,"根返","20050915","20100831","20150930","nYA157",0,0,1,0,0,0,0,0,0
10,40,"nYA657","nYA657",6.5,4.1,"オオシラビソ",NA,18.6,NA,NA,"新規加入","倒木落枝下",NA,"20100831","20150930","nYA657",0,0,1,-1,1,0,0,0,0
10,40,"aS_196","nYA658",7.3,7.3,"オオシラビソ",NA,17.3,21.4,NA,"新規加入","生長よいを確認済",NA,"20100831","20150930","nYA658",0,0,0,-1,1,0,0,0,0
10,40,"aS_195","aS_195",9.2,6.1,"オオシラビソ",NA,NA,19.7,NA,NA,"新規",NA,NA,"20150930",NA,0,0,0,-1,-1,1,0,0,0
10,40,"aS_648","aS_648",6.9,2,"オオシラビソ",NA,NA,15.1,NA,NA,NA,NA,NA,"20150930",NA,0,0,0,-1,-1,-1,0,0,0
10,50,"nYA659","nYA659",7.7,0.1,"オオシラビソ",NA,17,NA,NA,"新規加入","幹折",NA,"20100831","20150929","nYA659",0,0,1,-1,1,0,0,0,0
10,50,"aS_281","nYA161",5.3,5.2,"オガラバナ",34.7,37.5,40,NA,NA,NA,"20050915","20100831","20150929","nYA161",0,0,0,0,0,0,0,0,0
10,50,"aS_278","nYA160",8.4,5.3,"オオシラビソ",21.6,25,27.5,NA,NA,NA,"20050915","20100831","20150929","nYA160",0,0,0,0,0,0,0,0,0
10,50,"aS_276","nYA162",9.8,5.8,"オガラバナ",54.4,57.1,60,NA,NA,NA,"20050915","20100831","20150929","nYA162",0,0,0,0,0,0,0,0,0
10,50,"aS_279","nYA660",7.3,6.4,"オオシラビソ",NA,18.2,19.2,NA,"新規加入",NA,NA,"20100831","20150929","nYA660",0,0,0,-1,1,0,0,0,0
10,50,"aS_277","nYA159",9.1,6.7,"シラビソ",140.4,144,149.9,NA,NA,NA,"20050915","20100831","20150929","nYA159",0,0,0,0,0,0,0,0,0
10,50,"aS_285","nYA23",0.4,8.2,"シラビソ",140.9,143.5,146.9,NA,NA,NA,"20050914","20100831","20150929","nYA23",0,0,0,0,0,0,0,0,0
10,50,"aS_282","aS_282",3.2,5.2,"オオシラビソ",NA,NA,17,NA,NA,"新規",NA,NA,"20150929",NA,0,0,0,-1,-1,1,0,0,0
10,50,"aS_283","aS_283",1.2,0.9,"オオシラビソ",NA,NA,20.6,NA,NA,"新規",NA,NA,"20150929",NA,0,0,0,-1,-1,1,0,0,0
10,60,"aS_298","nYA163",5.5,1.6,"オガラバナ",26.3,27.8,28.3,NA,NA,NA,"20050915","20100831","20150929","nYA163",0,0,0,0,0,0,0,0,0
10,60,"aS_297","nYA661",5,5.5,"オオシラビソ",NA,22.1,24.1,NA,"新規加入",NA,NA,"20100831","20150929","nYA661",0,0,0,-1,1,0,0,0,0
10,60,"aS_296","nYA122",3.7,7,"コメツガ",177,181.9,185.7,NA,NA,"生長よいを確認済","20050914","20100831","20150929","nYA122",0,0,0,0,0,0,0,0,0
10,60,"aS_299","nYA164",8.2,7.6,"オオシラビソ",23.6,26.4,28.2,NA,NA,NA,"20050915","20100831","20150929","nYA164",0,0,0,0,0,0,0,0,0
10,60,"aS_301","nYA166",5.9,7.8,"ナナカマド",25,27.4,27.7,NA,NA,NA,"20050915","20100831","20150929","nYA166",0,0,0,0,0,0,0,0,0
10,60,"aS_295","nYA121",1.7,7.9,"トウヒ",345.2,349.9,350.5,NA,NA,NA,"20050914","20100831","20150929","nYA121",0,0,0,0,0,0,0,0,0
10,60,"aS_300","nYA662",6.6,8.4,"オオシラビソ",NA,22,23.2,NA,"新規加入",NA,NA,"20100831","20150929","nYA662",0,0,0,-1,1,0,0,0,0
10,60,"aS_632","nYA663",2.7,9.5,"オオシラビソ",NA,18.2,20,NA,"新規加入","位置修正済",NA,"20100831","20150929","nYA663",0,0,0,-1,1,0,0,0,0
10,60,"aS_410","aS_410",9.1,9.9,"オガラバナ",NA,NA,19.9,NA,NA,"新規",NA,NA,"20150929",NA,0,0,0,-1,-1,1,0,0,0
10,70,"aS_408","nYA169",8.8,0.4,"オガラバナ",15.9,20,26.1,NA,NA,NA,"20050915","20100831","20150929","nYA169",0,0,0,0,0,0,0,0,0
10,70,"aS_407","nYA170",5.4,0.5,"オオシラビソ",18.9,21.5,25.8,NA,NA,"位置修正済","20050915","20100831","20150929","nYA170",0,0,0,0,0,0,0,0,0
10,70,"aS_405","nYA120",3,5,"コメツガ",184.9,187.7,190.1,NA,NA,NA,"20050914","20100831","20150929","nYA120",0,0,0,0,0,0,0,0,0
10,70,"aS_403","nYA17１",7.8,2,"オオシラビソ",19.7,23,25.8,NA,NA,NA,"20050915","20100831","20150929","nYA17１",0,0,0,0,0,0,0,0,0
10,70,"aS_409","nYA173",6.4,6.4,"オオシラビソ",16.7,20.4,23,NA,NA,NA,"20050915","20100831","20150929","nYA173",0,0,0,0,0,0,0,0,0
10,70,"aS_404","nYA119",3.4,6.7,"オオシラビソ",40,42.8,44.2,NA,NA,NA,"20050914","20100831","20150929","nYA119",0,0,0,0,0,0,0,0,0
10,70,"aS_402","aS_402",9.4,7.8,"オガラバナ",NA,NA,16.4,NA,NA,"新規",NA,NA,"20150929",NA,0,0,0,-1,-1,1,0,0,0
10,70,"aS_406","aS_406",7,4.1,"シラビソ",NA,NA,16.9,NA,NA,"新規，位置修正済",NA,NA,"20150929",NA,0,0,0,-1,-1,1,0,0,0
10,80,"aS_428","nYA667",0.1,4.8,"オガラバナ",NA,20.4,25.8,NA,"新規加入","成長よい確認済，GAP下",NA,"20100831","20150929","nYA666",0,0,0,-1,1,0,0,0,0
10,80,"aS_429","nYA667",0.1,4.8,"オガラバナ",NA,21,23.1,NA,"新規加入",NA,NA,"20100831","20150929","nYA667",0,0,0,-1,1,0,0,0,0
10,80,"aS_436","nYA665",4,5.5,"オガラバナ",NA,16.7,NA,NA,"新規加入","立枯",NA,"20100831","20150929","nYA664",0,0,1,-1,1,0,0,0,0
10,80,"aS_434","nYA665",4,5.5,"オガラバナ",NA,18.7,22.4,NA,"新規加入","成長よい確認済，GAP下",NA,"20100831","20150929","nYA665",0,0,0,-1,1,0,0,0,0
10,80,"aS_433","nYA117",1.3,2.7,"オオシラビソ",37.8,42.1,44,NA,NA,NA,"20050914","20100831","20150929","nYA117",0,0,0,0,0,0,0,0,0
10,80,"nYA115","nYA115",2.8,9.2,"シラビソ",18.8,19.1,NA,NA,NA,"不明消失","20050914","20100831","20150929","nYA115",0,0,1,0,0,0,0,0,0
10,80,"aS_435","nYA116",1.3,9.7,"シラビソ",30.2,33,35.1,NA,NA,NA,"20050914","20100831","20150929","nYA116",0,0,0,0,0,0,0,0,0
10,80,"aS_434","aS_434",3.7,9,"オガラバナ",NA,NA,22.3,NA,NA,"新規",NA,NA,"20150929",NA,0,0,0,-1,-1,1,0,0,0
10,80,"aS_437","aS_437",6,0.5,"オガラバナ",NA,NA,17.6,NA,NA,"新規",NA,NA,"20150929",NA,0,0,0,-1,-1,1,0,0,0
10,80,"aS_438","aS_438",7.5,0.5,"オガラバナ",NA,NA,23.8,NA,NA,"新規",NA,NA,"20150929",NA,0,0,0,-1,-1,1,0,0,0
10,80,"aS_439","aS_439",6,6.8,"オガラバナ",NA,NA,16.9,NA,NA,"新規入力漏れ",NA,NA,"20150929",NA,0,0,0,-1,-1,1,0,0,0
10,80,"aS_440","aS_440",7.3,7,"オガラバナ",NA,NA,19.4,NA,NA,"新規",NA,NA,"20150929",NA,0,0,0,-1,-1,1,0,0,0
10,80,"aS_441","aS_441",3.5,5.5,"オガラバナ",NA,NA,19,NA,NA,"新規",NA,NA,"20150929",NA,0,0,0,-1,-1,1,0,0,0
10,80,"aS_442","aS_442",8.7,5,"オオシラビソ",NA,NA,15.7,NA,NA,"新規",NA,NA,"20150929",NA,0,0,0,-1,-1,1,0,0,0
10,80,"aS_444","aS_444",7.3,7.5,"オガラバナ",NA,NA,20.6,NA,NA,"新規",NA,NA,"20150929",NA,0,0,0,-1,-1,1,0,0,0
10,80,"aS_445","aS_445",8.8,8.9,"オガラバナ",NA,NA,17.4,NA,NA,"新規",NA,NA,"20150929",NA,0,0,0,-1,-1,1,0,0,0
10,90,"aS_591","nYA114",4.5,2.2,"オガラバナ",20.1,22.3,26.8,NA,NA,"GAP下","20050914","20100831","20150929","nYA114",0,0,0,0,0,0,0,0,0
10,90,"aS_590","nYA668",3.3,0.5,"オオシラビソ",NA,20,22,NA,"新規加入",NA,NA,"20100831","20150929","nYA668",0,0,0,-1,1,0,0,0,0
10,90,"aS_589","nYA174",4.2,2.3,"オオシラビソ",52.1,54.3,58.4,NA,NA,NA,"20050915","20100831","20150929","nYA174",0,0,0,0,0,0,0,0,0
10,90,"aS_588","nYA175",5.6,3.3,"シラビソ",35.6,40.3,45.4,NA,NA,NA,"20050915","20100831","20150929","nYA175",0,0,0,0,0,0,0,0,0
10,90,"aS_593","nYA646",0.8,6.4,"トウヒ",NA,16,18.1,NA,"新規加入",NA,NA,"20100831","20150929","nYA646",0,0,0,-1,1,0,0,0,0
10,90,"aS_594","nYA113",4,7,"オガラバナ",16.8,26.9,31.8,NA,NA,"GAP下","20050913","20100831","20150929","nYA113",0,0,0,0,0,0,0,0,0
10,90,"aS_592","nYA670",4.2,9.8,"シラビソ",31.7,37.4,43,NA,NA,"GAP下","20050914","20100831","20150929","nYA670",0,0,0,0,0,0,0,0,0
10,90,"aS_603","aS_603",7,8,"オオシラビソ",NA,20.5,17.9,NA,"番号付け忘れ","Noなしのため新Noをつける、ボックス確認必要",NA,"20100831","20150929","NoNone",0,0,0,-1,1,0,0,0,0
10,90,"aS_604","aS_604",5.6,4.8,"オガラバナ",NA,NA,17.1,NA,NA,"新規，GAP下",NA,NA,"20150929",NA,0,0,0,-1,-1,1,0,0,0
10,90,"aS_625","aS_625",0.8,5,"オガラバナ",NA,NA,15.1,NA,NA,NA,NA,NA,"20150929",NA,0,0,0,-1,-1,-1,0,0,0
20,0,"aS_20","nYA376",9.6,1.3,"ミネザクラ",18.3,20.9,22.8,NA,NA,NA,"20050915","20100831","20150930","nYA376",0,0,0,0,0,0,0,0,0
20,0,"aS_13","nYA134",0.9,2.7,"オオシラビソ",20.5,21.5,22.2,NA,NA,NA,"20050915","20100831","20150930","nYA134",0,0,0,0,0,0,0,0,0
20,0,"aS_14","nYA135",1.5,4.1,"オオシラビソ",16,17.2,17.8,NA,NA,NA,"20050915","20100831","20150930","nYA135",0,0,0,0,0,0,0,0,0
20,0,"aS_19","nYA136",4.1,6.8,"トウヒ",226.2,226.2,226.2,NA,"合体木推定G値","推定Dを測定","20050915","20100831","20150930","nYA136",0,0,0,0,0,0,0,0,0
20,0,"nYA137","nYA137",4,8.4,"トウヒ",119.4,NA,NA,NA,"立枯","立枯","20050915","20100831",NA,"nYA137",0,1,2,0,0,0,0,0,0
20,0,"aS_18","nYA138",1,9.3,"オオシラビソ",44.9,45.2,45.4,NA,NA,NA,"20050915","20100831","20150930","nYA138",0,0,0,0,0,0,0,0,0
20,10,"aS_71","nYA144",3.9,0.6,"オオシラビソ",37.8,38.5,38.9,NA,NA,NA,"20050915","20100831","20150930","nYA144",0,0,0,0,0,0,0,0,0
20,10,"aS_73","nYA374",7.6,2.1,"シラビソ",209.8,211.9,217.8,NA,NA,NA,"20050915","20100831","20150930","nYA374",0,0,0,0,0,0,0,0,0
20,10,"aS_72","nYA145",2.4,5,"シラビソ",183.2,188.2,193.9,NA,NA,NA,"20050915","20100831","20150930","nYA145",0,0,0,0,0,0,0,0,0
20,10,"nYA148","nYA148",0,9.1,"シラビソ",46,45.3,NA,NA,"05年測定ミス","立枯","20050915","20100831","20150930","nYA148",0,0,1,0,0,0,0,0,0
20,20,"aS_74","nYA371",5.6,0.8,"オオシラビソ",51.5,51.9,NA,NA,NA,"立枯","20050915","20100831","20150930","nYA371",0,0,1,0,0,0,0,0,0
20,20,"aS_128","nYA369",9.6,1.5,"シラビソ",140.8,145.2,NA,NA,NA,"幹折","20050915","20100831","20150930","nYA369",0,0,1,0,0,0,0,0,0
20,20,"aS_127","nYA149",0.1,3.3,"オオシラビソ",49.6,49.4,49.6,NA,"測定誤差",NA,"20050915","20100831","20150930","nYA149",0,0,0,0,0,0,0,0,0
20,20,"aS_123","nYA368",9.9,3.8,"ウラジロカンバ",96,99,97.5,NA,NA,"G10測定ミス，階層進級","20050915","20100831","20150930","nYA368",0,0,0,0,0,0,0,0,0
20,20,"aS_126","nYA150",0.6,5.4,"シラビソ",143,147.2,150.6,NA,NA,NA,"20050915","20100831","20150930","nYA150",0,0,0,0,0,0,0,0,0
20,20,"aS_129","nYA151",0.2,9.9,"コメツガ",114.4,115.4,115.4,NA,NA,NA,"20050915","20100831","20150930","nYA151",0,0,0,0,0,0,0,0,0
20,20,"aS_130","nYA152",2.2,9.9,"オオシラビソ",127.4,130.9,132.1,NA,NA,NA,"20050915","20100831","20150930","nYA152",0,0,0,0,0,0,0,0,0
20,20,"aS_627","aS_627",6.7,9.9,"シラビソ",NA,NA,19.2,NA,NA,NA,NA,NA,"20150930",NA,0,0,0,-1,-1,1,0,0,0
20,30,"aS_173","nYA366",7.7,2.2,"シラビソ",112.2,115.7,121,NA,NA,"生長よいを確認済，つるこみ測定","20050915","20100831","20150930","nYA366",0,0,0,0,0,0,0,0,0
20,30,"aS_174","nYA362",9.4,6.5,"オオシラビソ",16.7,20.5,24.1,NA,NA,"生長よいを確認済","20050915","20100831","20150930","nYA362",0,0,0,0,0,0,0,0,0
20,30,"aS_176","nYA153",0.8,6.6,"トウヒ",302.5,303.6,303.7,NA,NA,NA,"20050915","20100831","20150930","nYA153",0,0,0,0,0,0,0,0,0
20,30,"aS_175","nYA154",2.4,8.6,"オオシラビソ",54.8,55.6,56.2,NA,NA,NA,"20050915","20100831","20150930","nYA154",0,0,0,0,0,0,0,0,0
20,30,"aS_658","aS_658",7.2,1.1,"オオシラビソ",NA,NA,15.2,NA,NA,"nYA872をアルミタグに付け替え",NA,NA,"20150930",NA,0,0,0,-1,-1,-1,0,0,0
20,30,"aS_657","aS_657",1,7.1,"オオシラビソ",NA,NA,18.3,NA,NA,"nYA873をアルミタグに付け替え",NA,NA,"20150930",NA,0,0,0,-1,-1,1,0,0,0
20,30,"aS_656","aS_656",1.2,9.8,"オオシラビソ",NA,NA,16.7,NA,NA,"nYA874をアルミタグに付け替え",NA,NA,"20150930",NA,0,0,0,-1,-1,1,0,0,0
20,30,"aS_659","aS_659",8.4,0.9,"オオシラビソ",NA,NA,18.2,NA,NA,"追加新規",NA,NA,"20151013",NA,0,0,0,-1,-1,1,0,0,0
20,40,"aS_200","nYA671",2.9,0.3,"オオシラビソ",NA,20.5,22.4,NA,"新規加入",NA,NA,"20100831","20150930","nYA671",0,0,0,-1,1,0,0,0,0
20,40,"aS_201","nYA361",8.2,0.5,"シラビソ",126.3,132.4,140.7,NA,NA,"生長よいを確認済","20050915","20100831","20150930","nYA361",0,0,0,0,0,0,0,0,0
20,40,"aS_204","nYA672",9.9,1.2,"ウラジロカンバ",NA,20.5,24.1,NA,"新規加入","生長よいを確認済",NA,"20100831","20150930","nYA672",0,0,0,-1,1,0,0,0,0
20,40,"aS_198","nYA155",0.4,3.2,"コメツガ",189.1,192.6,195.5,NA,NA,"つるこみ測定","20050915","20100831","20150930","nYA155",0,0,0,0,0,0,0,0,0
20,40,"aS_202","nYA360",6.2,5.3,"オオシラビソ",19.5,22.7,24.9,NA,NA,NA,"20050915","20100831","20150930","nYA360",0,0,0,0,0,0,0,0,0
20,40,"aS_197","nYA156",1.4,6.7,"オオシラビソ",90.6,91.4,91.4,NA,NA,NA,"20050915","20100831","20150930","nYA156",0,0,0,0,0,0,0,0,0
20,40,"aS_199","aS_199",2,4.6,"オオシラビソ",NA,NA,20.6,NA,NA,"新規",NA,NA,"20150930",NA,0,0,0,-1,-1,1,0,0,0
20,40,"aS_203","aS_203",8.7,2.1,"オオカメノキ",NA,NA,18.5,NA,NA,"新規",NA,NA,"20150930",NA,0,0,0,-1,-1,1,0,0,0
20,40,"aS_649","aS_649",1.6,5.6,"オオシラビソ",NA,NA,20.7,NA,NA,NA,NA,NA,"20150930",NA,0,0,0,-1,-1,1,0,0,0
20,50,"aS_275","nYA158",0.8,0.9,"オオカメノキ",16.8,17.1,17.1,NA,NA,NA,"20050915","20100831","20150929","nYA158",0,0,0,0,0,0,0,0,0
20,50,"nYA356","nYA356",6.4,1,"シラビソ",34,35.6,NA,NA,NA,"幹折","20050915","20100831","20150929","nYA356",0,0,1,0,0,0,0,0,0
20,50,"aS_272","nYA357",6.8,1.4,"オオシラビソ",102.9,107.3,107.5,NA,NA,NA,"20050915","20100831","20150929","nYA357",0,0,0,0,0,0,0,0,0
20,50,"aS_273","nYA673",1.5,5.5,"オガラバナ",20.7,21,23.7,NA,NA,NA,NA,"20100831","20150929","nYA673",0,0,0,0,0,0,0,0,0
20,50,"aS_271","aS_271",9.9,5,"オオシラビソ",NA,NA,16.1,NA,NA,"新規",NA,NA,"20150929",NA,0,0,0,-1,-1,1,0,0,0
20,50,"aS_274","aS_274",3.6,7.8,"オオシラビソ",NA,NA,17.1,NA,NA,"新規",NA,NA,"20150929",NA,0,0,0,-1,-1,1,0,0,0
20,50,"aS_280","aS_280",7.5,5,"オオシラビソ",NA,NA,22.5,NA,NA,"新規",NA,NA,"20150929",NA,0,0,0,-1,-1,1,0,0,0
20,50,"aS_666","aS_666",3.6,8.6,"オオシラビソ",NA,NA,20.5,NA,NA,"追加新規",NA,NA,"20151013",NA,0,0,0,-1,-1,1,0,0,0
20,60,"aS_305","nYA353",6.6,1.2,"オガラバナ",38.7,39.4,39.4,NA,NA,NA,"20050915","20100831","20150929","nYA353",0,0,0,0,0,0,0,0,0
20,60,"aS_306","nYA350",9.3,1.6,"トウヒ",289.1,291.8,292.6,NA,NA,NA,"20050915","20100831","20150929","nYA350",0,0,0,0,0,0,0,0,0
20,60,"aS_307","nYA348",8.8,4.1,"シラビソ",65,70.4,72.1,NA,NA,NA,"20050915","20100831","20150929","nYA348",0,0,0,0,0,0,0,0,0
20,60,"aS_302","nYA674",0.9,6,"オオシラビソ",NA,21.4,24.3,NA,"新規加入",NA,NA,"20100831","20150929","nYA674",0,0,0,-1,1,0,0,0,0
20,60,"aS_303","nYA167",1.3,7.8,"オオシラビソ",48.8,51.9,55.7,NA,NA,"生長よいを確認済","20050915","20100831","20150929","nYA167",0,0,0,0,0,0,0,0,0
20,60,"aS_304","nYA168",2,8.1,"シラビソ",22,26,29.5,NA,NA,"生長よいを確認済","20050915","20100831","20150929","nYA168",0,0,0,0,0,0,0,0,0
20,70,"nYA345","nYA345",9.5,3.1,"シラビソ",43.5,NA,NA,NA,"幹折","幹折","20050915","20100831",NA,"nYA345",0,1,2,0,0,0,0,0,0
20,70,"aS_397","nYA675",0.6,5.6,"オガラバナ",16.4,21.4,24.3,NA,NA,NA,"20050915","20100831","20150929","nYA675",0,0,0,0,0,0,0,0,0
20,70,"aS_398","nYA676",0.8,6.5,"オガラバナ",NA,23.2,27.9,NA,"新規加入",NA,NA,"20100831","20150929","nYA676",0,0,0,-1,1,0,0,0,0
20,70,"aS_580","nYA344",9.5,8.4,"オオシラビソ",26,30,32.8,NA,NA,NA,"20050915","20100831","20150929","nYA344",0,0,0,0,0,0,0,0,0
20,70,"aS_399","nYA677",1,8,"オガラバナ",NA,19.5,23.5,NA,"新規加入","aS400と同株,位置修正済",NA,"20100831","20150929","nYA677",0,0,0,-1,1,0,0,0,0
20,70,"aS_395","aS_395",7,1.5,"オオシラビソ",NA,NA,17.6,NA,NA,"新規",NA,NA,"20150929",NA,0,0,0,-1,-1,1,0,0,0
20,70,"aS_396","aS_396",0.3,1,"オオシラビソ",NA,NA,16.6,NA,NA,"新規",NA,NA,"20150929",NA,0,0,0,-1,-1,1,0,0,0
20,70,"aS_400","nYA677",1,8,"オガラバナ",NA,NA,19,NA,NA,"新規，aS399と同株、位置修正済",NA,NA,"20150929",NA,0,0,0,-1,-1,1,0,0,0
20,70,"aS_401","aS_401",0.8,9.3,"シラビソ",NA,NA,18.2,NA,NA,"新規再調査位置修正済",NA,NA,"20151013",NA,0,0,0,-1,-1,1,0,0,0
20,70,"aS_631","aS_631",8.9,6.6,"オガラバナ",NA,NA,20.1,NA,NA,NA,NA,NA,"20150929",NA,0,0,0,-1,-1,1,0,0,0
20,70,"aS_667","aS_667",2.8,2.5,"オガラバナ",NA,NA,15.8,NA,NA,"追加新規",NA,NA,"20151013",NA,0,0,0,-1,-1,1,0,0,0
20,80,"aS_450","nYA678",9.2,0.1,"オガラバナ",NA,24,28.8,NA,"新規加入","成長よい確認済，GAP下",NA,"20100831","20150929","nYA678",0,0,0,-1,1,0,0,0,0
20,80,"nYA342","nYA342",9.4,4.7,"シラビソ",20.8,26,NA,NA,NA,"幹折","20050915","20100831","20150929","nYA342",0,0,1,0,0,0,0,0,0
20,80,"aS_447","nYA339",6.1,8.1,"オオシラビソ",18,23.8,NA,NA,NA,"幹折","20050915","20100831","20150929","nYA339",0,0,1,0,0,0,0,0,0
20,80,"aS_452","nYA338",8.6,8.6,"オオシラビソ",32,35.9,41.2,NA,NA,"成長よい確認済，GAP下","20050915","20100831","20150929","nYA338",0,0,0,0,0,0,0,0,0
20,80,"nYA340","nYA340",6.3,9.2,"オガラバナ",67.5,NA,NA,NA,"幹折","幹折","20050915","20100831",NA,"nYA340",0,1,2,0,0,0,0,0,0
20,80,"aS_443","aS_443",0.1,4,"オガラバナ",NA,NA,20.3,NA,NA,"新規",NA,NA,"20150929",NA,0,0,0,-1,-1,1,0,0,0
20,80,"aS_446","aS_446",5,6.4,"オガラバナ",NA,NA,15.7,NA,NA,"新規",NA,NA,"20150929",NA,0,0,0,-1,-1,1,0,0,0
20,80,"aS_448","aS_448",3.5,0.3,"オガラバナ",NA,NA,20.5,NA,NA,"新規",NA,NA,"20150929",NA,0,0,0,-1,-1,1,0,0,0
20,80,"aS_449","aS_449",3.4,0.3,"オガラバナ",NA,NA,17.2,NA,NA,"新規",NA,NA,"20150929",NA,0,0,0,-1,-1,1,0,0,0
20,80,"aS_451","aS_451",5.7,8.7,"オガラバナ",NA,NA,17.5,NA,NA,"新規",NA,NA,"20150929",NA,0,0,0,-1,-1,1,0,0,0
20,80,"aS_668","aS_668",5.3,2.2,"オガラバナ",NA,NA,19.8,NA,NA,"追加新規",NA,NA,"20151013",NA,0,0,0,-1,-1,1,0,0,0
20,90,"aS_587","nYA177",2.3,0.4,"シラビソ",34.8,41,48.4,NA,NA,"GAP下","20050915","20100831","20150929","nYA177",0,0,0,0,0,0,0,0,0
20,90,"nYA680","nYA680",6.5,2.5,"シラビソ",NA,18.6,NA,NA,"新規加入","幹折",NA,"20100831","20150929","nYA680",0,0,1,-1,1,0,0,0,0
20,90,"aS_579","nYA332",9,2.6,"シラビソ",18.9,21.9,23.9,NA,NA,NA,"20050915","20100831","20150929","nYA332",0,0,0,0,0,0,0,0,0
20,90,"aS_583","nYA679",7.6,2.6,"シラビソ",NA,16.6,20,NA,"新規加入",NA,NA,"20100831","20150929","nYA679",0,0,0,-1,1,0,0,0,0
20,90,"aS_584","nYA681",6.3,4.4,"オオシラビソ",NA,20.1,25.3,NA,"新規加入","GAP下,幹折れ",NA,"20100831","20150929","nYA681",0,0,0,-1,1,0,0,0,0
20,90,"aS_586","nYA176",1.9,5.6,"シラビソ",28.4,34,40.1,NA,NA,"GAP下","20050915","20100831","20150929","nYA176",0,0,0,0,0,0,0,0,0
20,90,"aS_585","nYA333",8.7,5.8,"オオシラビソ",23,25.1,27,NA,NA,"GAP下","20050915","20100831","20150929","nYA333",0,0,0,0,0,0,0,0,0
20,90,"nYA682","nYA682",8.8,7.8,"シラビソ",NA,23,NA,NA,"新規加入","幹折",NA,"20100831","20150929","nYA682",0,0,1,-1,1,0,0,0,0
20,90,"aS_581","aS_581",7.7,1.5,"オオシラビソ",NA,NA,15.2,NA,NA,"新規，GAP下",NA,NA,"20150929",NA,0,0,0,-1,-1,-1,0,0,0
30,0,"aS_22","nYA648",3.9,1.9,"オオシラビソ",NA,20.9,NA,NA,"新規加入","立枯",NA,"20100831","20150930","nYA648",0,0,1,-1,1,0,0,0,0
30,0,"aS_21","nYA377",2.2,2.1,"シラビソ",69.9,71.6,72.7,NA,NA,NA,"20050915","20100831","20150930","nYA377",0,0,0,0,0,0,0,0,0
30,0,"aS_23","nYA375",1.6,4.6,"シラビソ",101.2,101.8,104.9,NA,NA,NA,"20050915","20100831","20150930","nYA375",0,0,0,0,0,0,0,0,0
30,0,"aS_24","nYA649",6.1,5.5,"オオシラビソ",106,111.2,114.7,NA,NA,NA,"20050913","20100831","20150930","nYA649",0,0,0,0,0,0,0,0,0
30,0,"aS_637","aS_637",1.6,3.8,"オオシラビソ",NA,NA,16.5,NA,NA,NA,NA,NA,"20150930",NA,0,0,0,-1,-1,1,0,0,0
30,10,"aS_75","nYA373",3.1,6.6,"オガラバナ",74.1,75.3,75.6,NA,NA,NA,"20050915","20100831","20150930","nYA373",0,0,0,0,0,0,0,0,0
30,10,"aS_77","nYA650",7.6,8.1,"オオシラビソ",97.1,101.9,109.7,NA,NA,NA,"20050913","20100831","20150930","nYA650",0,0,0,0,0,0,0,0,0
30,10,"aS_76","nYA372",4.5,9.5,"オオシラビソ",59.5,60.6,62.3,NA,NA,NA,"20050915","20100831","20150930","nYA372",0,0,0,0,0,0,0,0,0
30,20,"aS_125","nYA370",4,4,"コメツガ",132.3,135.5,137,NA,NA,"G91=121,G00=121,G05=132,G09=136どこかでミスあり→G05とG10は正しい．たぶんG00測定ミス","20050915","20100831","20150930","nYA370",0,0,0,0,0,0,0,0,0
30,20,"aS_626","nYA367",1.1,5.8,"コメツガ",55.3,NA,56.5,NA,"根返","生存確認済","20050915","20100831","20150930","nYA367",0,0,0,0,0,0,0,1,0
30,30,"nYA365","nYA365",2.9,0.1,"オオシラビソ",17.6,18.4,NA,NA,NA,"幹折","20050915","20100831","20150930","nYA365",0,0,1,0,0,0,0,0,0
30,30,"aS_172","nYA364",4.4,0.3,"オオシラビソ",97.8,101.9,104.8,NA,NA,NA,"20050915","20100831","20150930","nYA364",0,0,0,0,0,0,0,0,0
30,30,"aS_170","nYA701",4.3,1.7,"オオシラビソ",NA,17,19.3,NA,"新規加入",NA,NA,"20100831","20150930","nYA701",0,0,0,-1,1,0,0,0,0
30,30,"aS_169","nYA363",2.6,4.4,"シラビソ",170.4,175.6,180,NA,NA,"生長よいを確認済","20050915","20100831","20150930","nYA363",0,0,0,0,0,0,0,0,0
30,30,"aS_168","nYA702",9.2,8.7,"オガラバナ",30.8,34,38.3,NA,NA,"生長よいを確認済","20050913","20100831","20150930","nYA702",0,0,0,0,0,0,0,0,0
30,30,"aS_171","aS_171",4.8,4.4,"オガラバナ",NA,NA,21,NA,NA,"新規",NA,NA,"20150930",NA,0,0,0,-1,-1,1,0,0,0
30,40,"aS_208","aS_208",0.2,0.7,"オガラバナ",15.3,17.9,19.7,NA,NA,"Noなしのため新Noをつける","20050915","20100831","20150930","H44",0,0,0,-1,1,0,0,0,0
30,40,"aS_205","nYA359",4,3.2,"シラビソ",41.8,44,NA,NA,NA,"幹折","20050915","20100831","20150930","nYA359",0,0,1,0,0,0,0,0,0
30,40,"aS_206","nYA703",9.8,3.7,"オオシラビソ",29,32,34.5,NA,NA,NA,"20050913","20100831","20150930","nYA703",0,0,0,0,0,0,0,0,0
30,40,"aS_207","nYA358",4.9,9.2,"トウヒ",233.4,235.2,237.7,NA,NA,NA,"20050915","20100831","20150930","nYA358",0,0,0,0,0,0,0,0,0
30,40,"aS_267","nYA721",9.8,9.5,"オオシラビソ",19.3,20.9,24.3,NA,NA,"位置修正済、番号確認済","20050913","20100831","20150930","nYA721",0,0,0,0,0,0,0,0,0
30,50,"aS_269","nYA355",5,6.7,"コメツガ",162.3,163.9,164.7,NA,NA,NA,"20050915","20100831","20150929","nYA355",0,0,0,0,0,0,0,0,0
30,50,"aS_270","nYA354",3.1,6.9,"オオシラビソ",25.6,28.5,30.2,NA,NA,NA,"20050915","20100831","20150929","nYA354",0,0,0,0,0,0,0,0,0
30,50,"aS_268","aS_268",5,2.5,"オオシラビソ",NA,NA,17.2,NA,NA,"新規",NA,NA,"20150929",NA,0,0,0,-1,-1,1,0,0,0
30,50,"aS_618","aS_618",0.3,3.7,"オオシラビソ",NA,NA,18.8,NA,NA,NA,NA,NA,"20150929",NA,0,0,0,-1,-1,1,0,0,0
30,50,"aS_619","aS_619",6.2,6.3,"オオシラビソ",NA,NA,16,NA,NA,NA,NA,NA,"20150929",NA,0,0,0,-1,-1,1,0,0,0
30,50,"aS_620","aS_620",9.99,5,"オオシラビソ",NA,NA,15.7,NA,NA,NA,NA,NA,"20150929",NA,0,0,0,-1,-1,1,0,0,0
30,60,"aS_312","nYA704",7,0.2,"シラビソ",53.8,54.6,55,NA,NA,NA,"20050913","20100831","20150929","nYA704",0,0,0,0,0,0,0,0,0
30,60,"aS_309","nYA352",1.8,1,"オオシラビソ",67.3,69.1,71.9,NA,NA,NA,"20050915","20100831","20150929","nYA352",0,0,0,0,0,0,0,0,0
30,60,"nYA351","nYA351",0.3,1.4,"オガラバナ",55,NA,NA,NA,"根返","根返","20050915","20100831",NA,"nYA351",0,1,2,0,0,0,0,0,0
30,60,"aS_308","nYA349",1,2.9,"コメツガ",68,70.6,71.5,NA,NA,NA,"20050915","20100831","20150929","nYA349",0,0,0,0,0,0,0,0,0
30,60,"aS_311","nYA705",7,4.8,"シラビソ",28,29,29.9,NA,NA,NA,"20050913","20100831","20150929","nYA705",0,0,0,0,0,0,0,0,0
30,60,"aS_310","nYA347",3.3,9.9,"オオシラビソ",73.5,73.9,73.9,NA,NA,NA,"20050915","20100831","20150929","nYA347",0,0,0,0,0,0,0,0,0
30,70,"aS_393","nYA706",6.8,0.3,"オオシラビソ",73.8,74.9,75.8,NA,NA,NA,"20050913","20100831","20150929","nYA706",0,0,0,0,0,0,0,0,0
30,70,"aS_394","nYA346",0.4,1.3,"コメツガ",185.8,186.9,189.5,NA,NA,"再測定済","20050915","20100831","20150929","nYA346",0,0,0,0,0,0,0,0,0
30,70,"aS_392","nYA707",7.7,1.3,"オオシラビソ",16.2,17.2,NA,NA,NA,"幹折","20050913","20100831","20150929","nYA707",0,0,1,0,0,0,0,0,0
30,70,"aS_386","nYA708",9.1,3.4,"シラビソ",23.8,26.1,29.8,NA,NA,NA,"20050913","20100831","20150929","nYA708",0,0,0,0,0,0,0,0,0
30,70,"aS_389","nYA711",6.6,4.7,"ダケカンバ",123.4,123.5,126.5,NA,NA,NA,"20050913","20100831","20150929","nYA711",0,0,0,0,0,0,0,0,0
30,70,"aS_387","nYA709",8.3,4.7,"オオシラビソ",18,20.4,23.3,NA,NA,NA,"20050913","20100831","20150929","nYA709",0,0,0,0,0,0,0,0,0
30,70,"aS_388","nYA710",7.7,4.8,"コメツガ",68.6,68.3,69.3,NA,"測定誤差",NA,"20050913","20100831","20150929","nYA710",0,0,0,0,0,0,0,0,0
30,70,"aS_390","nYA712",5.6,5.1,"オオシラビソ",17.8,19.3,21,NA,NA,NA,"20050913","20100831","20150929","nYA712",0,0,0,0,0,0,0,0,0
30,70,"aS_391","aS_391",5,9.9,"シラビソ",NA,NA,18.5,NA,NA,"新規",NA,NA,"20150929",NA,0,0,0,-1,-1,1,0,0,0
30,80,"aS_456","nYA713",7.4,1.5,"シラビソ",19.4,22,23.8,NA,NA,NA,"20050913","20100831","20150929","nYA713",0,0,0,0,0,0,0,0,0
30,80,"aS_454","nYA714",3.8,6.7,"オオシラビソ",NA,30.9,23.5,NA,"新規加入","G10入力ミス修正済",NA,"20100831","20150929","nYA714",0,0,0,-1,1,0,0,0,0
30,80,"aS_455","nYA341",4.6,7.4,"シラビソ",139.5,142.8,148.1,NA,NA,NA,"20050915","20100831","20150929","nYA341",0,0,0,0,0,0,0,0,0
30,80,"aS_453","nYA337",1.3,8.5,"シラビソ",19,21,24.1,NA,NA,"ななめ","20050915","20100831","20150929","nYA337",0,0,0,0,0,0,0,0,0
30,80,"aS_459","nYA336",2.5,9.2,"オオシラビソ",27.1,28,30.5,NA,NA,NA,"20050915","20100831","20150929","nYA336",0,0,0,0,0,0,0,0,0
30,80,"aS_458","nYA335",1.3,9.7,"トウヒ",237.6,241,242,NA,NA,NA,"20050915","20100831","20150929","nYA335",0,0,0,0,0,0,0,0,0
30,90,"nYA334","nYA334",0.2,0.1,"シラビソ",17.6,20.9,NA,NA,NA,"幹折","20050915","20100831","20150929","nYA334",0,0,1,0,0,0,0,0,0
30,90,"aS_569","nYA715",6.3,2,"オオシラビソ",18.8,21,22.8,NA,NA,NA,"20050913","20100831","20150929","nYA715",0,0,0,0,0,0,0,0,0
30,90,"aS_568","nYA716",6.5,3.4,"オオシラビソ",17.5,20.8,22.5,NA,NA,NA,"20050913","20100831","20150929","nYA716",0,0,0,0,0,0,0,0,0
30,90,"nYA331","nYA331",2.4,4.3,"コメツガ",137,140,NA,NA,NA,"幹折","20050915","20100831","20150929","nYA331",0,0,1,0,0,0,0,0,0
30,90,"aS_572","nYA330",3.1,5.2,"オオシラビソ",16,16.9,18.8,NA,NA,NA,"20050915","20100831","20150929","nYA330",0,0,0,0,0,0,0,0,0
30,90,"aS_571","nYA717",9.2,5.8,"オオシラビソ",19.4,21.3,24.1,NA,NA,"GAP下","20050913","20100831","20150929","nYA717",0,0,0,0,0,0,0,0,0
30,90,"aS_574","nYA329",2.1,8,"シラビソ",24.5,28,30,NA,NA,NA,"20050915","20100831","20150929","nYA329",0,0,0,0,0,0,0,0,0
30,90,"nYA328","nYA328",3.7,8.6,"シラビソ",19.5,NA,NA,NA,"立枯","立枯","20050915","20100831",NA,"nYA328",0,1,2,0,0,0,0,0,0
30,90,"aS_577","nYA325",1.5,9.2,"シラビソ",19.8,22.2,24.2,NA,NA,NA,"20050915","20100831","20150929","nYA325",0,0,0,0,0,0,0,0,0
30,90,"aS_573","nYA327",3,9.4,"オオシラビソ",129.8,131.3,133.4,NA,NA,NA,"20050915","20100831","20150929","nYA327",0,0,0,0,0,0,0,0,0
30,90,"aS_576","nYA326",2.5,9.4,"シラビソ",18.7,21.8,23.7,NA,NA,NA,"20050915","20100831","20150929","nYA326",0,0,0,0,0,0,0,0,0
30,90,"aS_570","aS_570",7.3,3.4,"オガラバナ",NA,NA,15.5,NA,NA,"新規",NA,NA,"20150929",NA,0,0,0,-1,-1,-1,0,0,0
30,90,"aS_575","aS_575",4.5,9.4,"オオシラビソ",NA,NA,19.2,NA,NA,"新規,GAP下，枯れかけ",NA,NA,"20150929",NA,0,0,0,-1,-1,1,0,0,0
30,90,"aS_578","aS_578",1.2,4.3,"シラビソ",NA,NA,17.5,NA,NA,"新規",NA,NA,"20150929",NA,0,0,0,-1,-1,1,0,0,0
30,90,"aS_624","aS_624",0,1.3,"シラビソ",NA,NA,18.7,NA,NA,"基準木確認しYA332（aS579）に修正済",NA,NA,"20150929",NA,0,0,0,-1,-1,1,0,0,0
40,0,"aS_27","nYA688",5.1,0.4,"シラビソ",126.5,130.5,137.8,NA,NA,NA,"20050914","20100831","20150930","nYA688",0,0,0,0,0,0,0,0,0
40,0,"aS_26","nYA687",1.7,6.6,"オオシラビソ",28.9,28.5,28.8,NA,"05年測定ミス",NA,"20050913","20100831","20150930","nYA687",0,0,0,0,0,0,0,0,0
40,0,"aS_25","nYA686",1,7.6,"シラビソ",128.2,131.1,137.6,NA,NA,NA,"20050913","20100831","20150930","nYA686",0,0,0,0,0,0,0,0,0
40,0,"aS_30","nYA683",6.1,8.8,"オオシラビソ",84.5,86.3,90.9,NA,NA,NA,"20050914","20100831","20150930","nYA683",0,0,0,0,0,0,0,0,0
40,0,"aS_29","nYA684",3.1,9.9,"オオシラビソ",47.4,46.1,46.6,NA,"05年測定ミス",NA,"20050913","20100831","20150930","nYA684",0,0,0,0,0,0,0,0,0
40,0,"aS_28","aS_28",6,0,"オオシラビソ",NA,NA,18,NA,NA,"新規",NA,NA,"20150930",NA,0,0,0,-1,-1,1,0,0,0
40,0,"aS_638","aS_638",1.7,4.1,"オオシラビソ",NA,NA,17.1,NA,NA,NA,NA,NA,"20150930",NA,0,0,0,-1,-1,1,0,0,0
40,10,"aS_78","nYA685",1.2,0.4,"オオシラビソ",123.4,127.7,133,NA,NA,NA,"20050913","20100831","20150930","nYA685",0,0,0,0,0,0,0,0,0
40,10,"aS_79","nYA689",3.8,3,"シラビソ",110,113.4,118.8,NA,NA,NA,"20050913","20100831","20150930","nYA689",0,0,0,0,0,0,0,0,0
40,10,"aS_81","nYA692",9.2,5.7,"コメツガ",81,80.9,80.6,NA,"測定誤差",NA,"20050914","20100831","20150930","nYA692",0,0,0,0,0,0,0,0,0
40,10,"aS_80","nYA690",4.3,7.7,"シラビソ",97.5,99.3,101.6,NA,NA,NA,"20050913","20100831","20150930","nYA690",0,0,0,0,0,0,0,0,0
40,10,"aS_82","nYA691",2.1,9.9,"シラビソ",103.5,107.4,112.6,NA,NA,NA,"20050913","20100831","20150930","nYA691",0,0,0,0,0,0,0,0,0
40,20,"aS_122","nYA693",6.2,7.7,"オオシラビソ",97.1,96.5,98.5,NA,"05年測定ミス",NA,"20050914","20100831","20150930","nYA693",0,0,0,0,0,0,0,0,0
40,20,"aS_124","nYA694",3.1,8.2,"トウヒ",251.2,254.9,258.9,NA,NA,NA,"20050913","20100831","20150930","nYA694",0,0,0,0,0,0,0,0,0
40,30,"aS_163","nYA696",9.7,0.2,"オオシラビソ",106.4,112.7,118.2,NA,NA,"生長よいを確認済","20050914","20100831","20150930","nYA696",0,0,0,0,0,0,0,0,0
40,30,"aS_164","nYA697",8.2,1.2,"オオシラビソ",96.6,98.5,100.1,NA,NA,NA,"20050914","20100831","20150930","nYA697",0,0,0,0,0,0,0,0,0
40,30,"aS_165","nYA698",6.8,2.4,"シラビソ",NA,18,19,NA,"新規加入",NA,NA,"20100831","20150930","nYA698",0,0,0,-1,1,0,0,0,0
40,30,"aS_166","nYA700",2.4,5.3,"ウラジロカンバ",29.4,33,34.4,NA,NA,NA,"20050913","20100831","20150930","nYA700",0,0,0,0,0,0,0,0,0
40,30,"aS_167","nYA699",5.3,6.3,"オガラバナ",39.2,42,45.7,NA,NA,NA,"20050914","20100831","20150930","nYA699",0,0,0,0,0,0,0,0,0
40,30,"aS_662","aS_662",7.7,6.2,"オオシラビソ",NA,NA,17.1,NA,NA,"nYA871をアルミタグに付け替え",NA,NA,"20150930",NA,0,0,0,-1,-1,1,0,0,0
40,40,"aS_210","nYA718",8.3,0.1,"トウヒ",266,270,271,NA,NA,NA,"20050914","20100831","20150930","nYA718",0,0,0,0,0,0,0,0,0
40,40,"aS_212","nYA719",9.1,1.6,"オオシラビソ",28.6,28,29.1,NA,"05年測定ミス",NA,"20050914","20100831","20150930","nYA719",0,0,0,0,0,0,0,0,0
40,40,"aS_211","nYA720",7.9,3.2,"コメツガ",142,139.4,141.4,NA,"05年測定ミス","G05測定ミス，G10は正しい","20050914","20100831","20150930","nYA720",0,0,0,0,0,0,0,0,0
40,40,"aS_209","aS_209",2.9,3.1,"シラビソ",NA,NA,20.1,NA,NA,"新規",NA,NA,"20150930",NA,0,0,0,-1,-1,1,0,0,0
40,50,"aS_265","nYA723",0.9,0.2,"コメツガ",216.6,217.1,219.6,NA,NA,NA,"20050913","20100831","20150929","nYA723",0,0,0,0,0,0,0,0,0
40,50,"aS_266","nYA724",0.2,0.4,"コメツガ",142.4,142.4,142.4,NA,NA,NA,"20050913","20100831","20150929","nYA724",0,0,0,0,0,0,0,0,0
40,50,"aS_641","nYA722",4.2,0.8,"オオシラビソ",NA,20.9,24.1,NA,"新規加入","番号確認済",NA,"20100831","20150929","nYA722",0,0,0,-1,1,0,0,0,0
40,60,"aS_314","nYA726",2.8,4.8,"オガラバナ",49.8,49.8,50.5,NA,NA,NA,"20050913","20100831","20150929","nYA726",0,0,0,0,0,0,0,0,0
40,60,"aS_313","nYA725",4.1,5,"シラビソ",87.1,91,96.1,NA,NA,"生長よいを確認済","20050913","20100831","20150929","nYA725",0,0,0,0,0,0,0,0,0
40,60,"aS_616","aS_616",5.1,2.5,"オオシラビソ",NA,NA,19.4,NA,NA,NA,NA,NA,"20150929",NA,0,0,0,-1,-1,1,0,0,0
40,70,"aS_384","nYA736",0.2,0.2,"シラビソ",28,30.9,33.8,NA,NA,NA,"20050913","20100831","20150929","nYA736",0,0,0,0,0,0,0,0,0
40,70,"aS_382","nYA727",8.5,0.4,"シラビソ",33.8,36.2,39.8,NA,NA,NA,"20050914","20100831","20150929","nYA727",0,0,0,0,0,0,0,0,0
40,70,"aS_381","nYA729",6,1.7,"シラビソ",46.2,48.5,50.2,NA,NA,NA,"20050914","20100831","20150929","nYA729",0,0,0,0,0,0,0,0,0
40,70,"aS_380","nYA731",8,2.1,"シラビソ",NA,16,17.1,NA,"新規加入",NA,NA,"20100831","20150929","nYA731",0,0,0,-1,1,0,0,0,0
40,70,"nYA734","nYA734",3.9,2.2,"オオシラビソ",57,58.5,NA,NA,NA,"幹折","20050913","20100831","20150929","nYA734",0,0,1,0,0,0,0,0,0
40,70,"aS_372","nYA728",9.7,2.5,"シラビソ",20.1,21.6,22.4,NA,NA,NA,"20050914","20100831","20150929","nYA728",0,0,0,0,0,0,0,0,0
40,70,"aS_374","nYA730",8.7,2.7,"シラビソ",16.1,17.9,18.8,NA,NA,NA,"20050914","20100831","20150929","nYA730",0,0,0,0,0,0,0,0,0
40,70,"nYA735","nYA735",4.3,2.9,"シラビソ",26.1,27,NA,NA,NA,"幹折","20050914","20100831","20150929","nYA735",0,0,1,0,0,0,0,0,0
40,70,"aS_375","nYA733",7.8,4.6,"オオシラビソ",156,161.8,166,NA,NA,NA,"20050914","20100831","20150929","nYA733",0,0,0,0,0,0,0,0,0
40,70,"aS_385","nYA740",3.7,4.7,"オオシラビソ",NA,17.1,19.7,NA,"新規加入",NA,NA,"20100831","20150929","nYA740",0,0,0,-1,1,0,0,0,0
40,70,"aS_383","nYA737",3.9,5.6,"シラビソ",90,93.3,95.5,NA,NA,NA,"20050913","20100831","20150929","nYA737",0,0,0,0,0,0,0,0,0
40,70,"aS_377","nYA738",9.6,8.8,"オオシラビソ",48.5,53.3,56.8,NA,NA,"階層進級","20050914","20100831","20150929","nYA738",0,0,0,0,0,0,0,0,0
40,70,"aS_379","aS_379",9,4.6,"オオシラビソ",NA,NA,16.4,NA,NA,"新規",NA,NA,"20150929",NA,0,0,0,-1,-1,1,0,0,0
40,70,"aS_669","aS_669",0.2,6.8,"シラビソ",NA,NA,19.8,NA,NA,"追加新規",NA,NA,"20151013",NA,0,0,0,-1,-1,1,0,0,0
40,70,"aS_670","aS_670",1,4.4,"コメツガ",NA,NA,16.4,NA,NA,"追加新規",NA,NA,"20151013",NA,0,0,0,-1,-1,1,0,0,0
40,80,"aS_457","nYA741",0.1,1.9,"シラビソ",28,31,33.3,NA,NA,"ツル込み","20050913","20100831","20150929","nYA741",0,0,0,0,0,0,0,0,0
40,80,"aS_466","H69",7,4.1,"オオシラビソ",15.6,NA,15.6,NA,"不明","2015年6月に発見して，生存修正済","20050913","20100831","20150929","H69",0,0,0,-1,-1,-1,0,1,0
40,80,"aS_460","nYA742",0.9,6.1,"シラビソ",NA,16.2,17.8,NA,"新規加入",NA,NA,"20100831","20150929","nYA742",0,0,0,-1,1,0,0,0,0
40,80,"aS_465","nYA743",1.3,7.8,"コメツガ",195.2,199.9,202.8,NA,NA,NA,"20050913","20100831","20150929","nYA743",0,0,0,0,0,0,0,0,0
40,80,"aS_461","nYA744",3.1,9.1,"オオシラビソ",NA,18.1,21.2,NA,"新規加入",NA,NA,"20100831","20150929","nYA744",0,0,0,-1,1,0,0,0,0
40,90,"aS_565","nYA745",5,0.2,"オオシラビソ",136.5,140.8,144.5,NA,NA,NA,"20050913","20100831","20150929","nYA745",0,0,0,0,0,0,0,0,0
40,90,"aS_564","nYA749",7.5,2.5,"オオシラビソ",39,44.4,50.4,NA,NA,"GAP横","20050914","20100831","20150929","nYA749",0,0,0,0,0,0,0,0,0
40,90,"nYA746","nYA746",2,2.8,"オオシラビソ",74.5,77.5,NA,NA,NA,"根返","20050913","20100831","20150929","nYA746",0,0,1,0,0,0,0,0,0
40,90,"nYA747","nYA747",1.3,3.4,"シラビソ",21.5,24.9,NA,NA,NA,"幹折","20050913","20100831","20150929","nYA747",0,0,1,0,0,0,0,0,0
40,90,"aS_566","nYA748",0,5.9,"オオシラビソ",21.6,26.9,30.6,NA,NA,"GAP下","20050913","20100831","20150929","nYA748",0,0,0,0,0,0,0,0,0
40,90,"aS_563","nYA750",9.9,9.4,"シラビソ",38.2,44.8,51,NA,NA,"GAP下","20050914","20100831","20150929","nYA750",0,0,0,0,0,0,0,0,0
40,90,"aS_567","aS_567",3.7,1.6,"オオシラビソ",NA,NA,19.8,NA,NA,"新規，GAP下",NA,NA,"20150929",NA,0,0,0,-1,-1,1,0,0,0
50,0,"aS_31","nYA751",4.4,3.7,"オオシラビソ",35,35.2,35.3,NA,NA,NA,"20050914","20100831","20150930","nYA751",0,0,0,0,0,0,0,0,0
50,0,"aS_32","nYA752",5.4,4.7,"オオシラビソ",121.8,127.5,132.1,NA,NA,NA,"20050914","20100831","20150930","nYA752",0,0,0,0,0,0,0,0,0
50,0,"aS_34","nYA753",8.6,6.1,"オオシラビソ",70,66.9,67.2,NA,"05年測定ミス",NA,"20050915","20100831","20150930","nYA753",0,0,0,0,0,0,0,0,0
50,0,"aS_33","nYA756",3.6,6.4,"オオシラビソ",NA,17,17.4,NA,"新規加入",NA,NA,"20100831","20150930","nYA756",0,0,0,-1,1,0,0,0,0
50,0,"aS_35","nYA754",4.4,8.2,"オオシラビソ",115.6,117.9,121.4,NA,NA,NA,"20050914","20100831","20150930","nYA754",0,0,0,0,0,0,0,0,0
50,0,"aS_36","nYA755",7.1,9.5,"オオシラビソ",23.5,23.6,23.9,NA,NA,NA,"20050915","20100831","20150930","nYA755",0,0,0,0,0,0,0,0,0
50,0,"aS_639","aS_639",7.5,4.4,"オオシラビソ",NA,NA,16.3,NA,NA,NA,NA,NA,"20150930",NA,0,0,0,-1,-1,1,0,0,0
50,0,"aS_640","aS_640",7.6,5.3,"シラビソ",NA,NA,16.2,NA,NA,NA,NA,NA,"20150930",NA,0,0,0,-1,-1,1,0,0,0
50,10,"aS_88","nYA757",9.8,2.6,"オオシラビソ",32,31.7,31.8,NA,"測定誤差",NA,"20050915","20100831","20150930","nYA757",0,0,0,0,0,0,0,0,0
50,10,"aS_86","nYA758",4.3,5.2,"シラビソ",108.9,111.2,114.5,NA,NA,NA,"20050914","20100831","20150930","nYA758",0,0,0,0,0,0,0,0,0
50,10,"aS_85","nYA759",2.9,5.4,"オオシラビソ",67,67.9,68,NA,NA,NA,"20050914","20100831","20150930","nYA759",0,0,0,0,0,0,0,0,0
50,10,"aS_84","nYA761",3,8.6,"トウヒ",279.3,280.9,282.9,NA,NA,NA,"20050914","20100831","20150930","nYA761",0,0,0,0,0,0,0,0,0
50,10,"aS_83","nYA760",2.1,8.9,"シラビソ",100,103.4,106.2,NA,NA,NA,"20050914","20100831","20150930","nYA760",0,0,0,0,0,0,0,0,0
50,10,"aS_87","nYA762",6.7,9.7,"オオシラビソ",90.5,91.9,94.7,NA,NA,NA,"20050915","20100831","20150930","nYA762",0,0,0,0,0,0,0,0,0
50,20,"aS_118","nYA763",8.8,1.2,"オオシラビソ",66,66.3,67.1,NA,NA,NA,"20050915","20100831","20150930","nYA763",0,0,0,0,0,0,0,0,0
50,20,"aS_117","nYA764",9.4,3.9,"オオシラビソ",114.5,119,124.9,NA,NA,NA,"20050915","20100831","20150930","nYA764",0,0,0,0,0,0,0,0,0
50,20,"aS_121","nYA695",3.1,4.3,"コメツガ",109.8,108.3,109.2,NA,"05年測定ミス",NA,"20050914","20100831","20150930","nYA695",0,0,0,0,0,0,0,0,0
50,20,"nYA765","nYA765",8.1,4.5,"オオシラビソ",72.1,73.9,NA,NA,NA,"幹折","20050915","20100831","20150930","nYA765",0,0,1,0,0,0,0,0,0
50,30,"aS_157","nYA766",8.3,2.4,"オオシラビソ",52.3,52.4,52.4,NA,NA,NA,"20050915","20100831","20150930","nYA766",0,0,0,0,0,0,0,0,0
50,30,"aS_162","nYA767",3.1,4.5,"オオシラビソ",21.3,23.3,23.9,NA,NA,NA,"20050914","20100831","20150930","nYA767",0,0,0,0,0,0,0,0,0
50,30,"aS_161","nYA768",2.8,4.6,"オガラバナ",39.9,40.9,41.7,NA,NA,NA,"20050914","20100831","20150930","nYA768",0,0,0,0,0,0,0,0,0
50,30,"aS_159","nYA769",7.8,8.4,"シラビソ",152.5,154,159.5,NA,NA,"先折れ","20050915","20100831","20150930","nYA769",0,0,0,0,0,0,0,0,0
50,30,"aS_160","nYA770",8.6,8.7,"オオシラビソ",22.3,22.4,22.1,NA,NA,"元気なくちじむ","20050915","20100831","20150930","nYA770",0,0,0,0,0,0,0,0,0
50,40,"aS_213","nYA771",9.4,0.1,"シラビソ",125,129.1,133.7,NA,NA,"生長よいを確認済","20050915","20100831","20150930","nYA771",0,0,0,0,0,0,0,0,0
50,40,"aS_217","nYA772",8,2.7,"オガラバナ",24.6,24.4,24.7,NA,"測定誤差",NA,"20050915","20100831","20150930","nYA772",0,0,0,0,0,0,0,0,0
50,40,"aS_215","nYA773",8.8,3.2,"オガラバナ",31.3,32,32.7,NA,NA,NA,"20050915","20100831","20150930","nYA774",0,0,0,0,0,0,0,0,0
50,40,"aS_216","nYA773",8.8,3.2,"オガラバナ",36.5,38.8,41,NA,NA,NA,"20050915","20100831","20150930","nYA773",0,0,0,0,0,0,0,0,0
50,40,"aS_214","nYA775",5.2,8.3,"シラビソ",75.2,78.4,80.5,NA,NA,NA,"20050915","20100831","20150930","nYA775",0,0,0,0,0,0,0,0,0
50,40,"aS_218","nYA777",1,8.4,"オオシラビソ",NA,17,18.8,NA,"新規加入",NA,NA,"20100831","20150930","nYA777",0,0,0,-1,1,0,0,0,0
50,50,"aS_264","nYA776",0.9,0.2,"オオシラビソ",21.5,22.4,23.7,NA,NA,NA,"20050914","20100831","20150929","nYA776",0,0,0,0,0,0,0,0,0
50,50,"aS_263","nYA778",2.8,2.4,"トウヒ",233,233.5,236.9,NA,NA,NA,"20050914","20100831","20150929","nYA778",0,0,0,0,0,0,0,0,0
50,50,"aS_262","nYA779",3,4.7,"コメツガ",158.8,160.5,162.3,NA,NA,NA,"20050914","20100831","20150929","nYA779",0,0,0,0,0,0,0,0,0
50,60,"aS_316","nYA780",6.1,1.9,"コメツガ",120,123.6,126.9,NA,NA,"生長よいを確認済","20050915","20100831","20150929","nYA780",0,0,0,0,0,0,0,0,0
50,60,"aS_318","nYA781",5.6,3.8,"オオシラビソ",NA,18.7,19.7,NA,"新規加入",NA,NA,"20100831","20150929","nYA781",0,0,0,-1,1,0,0,0,0
50,60,"aS_317","nYA782",8.1,4.2,"コメツガ",62.5,63.9,65.3,NA,NA,NA,"20050915","20100831","20150929","nYA782",0,0,0,0,0,0,0,0,0
50,60,"aS_319","nYA790",5.6,7.6,"オオシラビソ",NA,18.7,19.3,NA,"新規加入",NA,NA,"20100831","20150929","nYA790",0,0,0,-1,1,0,0,0,0
50,60,"aS_321","nYA784",5.6,9.2,"トウヒ",238,238.8,240.5,NA,NA,NA,"20050914","20100831","20150929","nYA784",0,0,0,0,0,0,0,0,0
50,60,"aS_322","nYA783",9.9,9.2,"オオシラビソ",65.6,67.9,71.1,NA,NA,"生長よいを確認済","20050915","20100831","20150929","nYA783",0,0,0,0,0,0,0,0,0
50,60,"aS_320","nYA788",4.7,9.3,"シラビソ",NA,23.9,26.4,NA,"新規加入",NA,NA,"20100831","20150929","nYA788",0,0,0,-1,1,0,0,0,0
50,60,"aS_323","nYA789",2.5,9.9,"オオシラビソ",NA,21,22.7,NA,"新規加入",NA,NA,"20100831","20150929","nYA789",0,0,0,-1,1,0,0,0,0
50,60,"aS_315","aS_315",2.8,2.3,"シラビソ",NA,NA,15.6,NA,NA,"新規",NA,NA,"20150929",NA,0,0,0,-1,-1,-1,0,0,0
50,60,"aS_617","aS_617",7.7,6.3,"シラビソ",NA,NA,15.1,NA,NA,NA,NA,NA,"20150929",NA,0,0,0,-1,-1,-1,0,0,0
50,70,"aS_371","nYA787",4.3,0.3,"オオシラビソ",NA,19.3,19.6,NA,"新規加入",NA,NA,"20100831","20150929","nYA787",0,0,0,-1,1,0,0,0,0
50,70,"aS_370","nYA785",4.4,0.8,"オオシラビソ",102.9,105.9,108.3,NA,NA,NA,"20050915","20100831","20150929","nYA785",0,0,0,0,0,0,0,0,0
50,70,"aS_369","nYA786",5.3,1.4,"トウヒ",176.7,178.2,180.2,NA,NA,NA,"20050915","20100831","20150929","nYA786",0,0,0,0,0,0,0,0,0
50,70,"aS_373","nYA732",0.7,2.6,"オオシラビソ",NA,21.1,23,NA,"新規加入",NA,NA,"20100831","20150929","nYA732",0,0,0,-1,1,0,0,0,0
50,70,"nYA791","nYA791",6.9,5.2,"オオシラビソ",52.3,53,NA,NA,NA,"幹折","20050915","20100831","20150929","nYA791",0,0,1,0,0,0,0,0,0
50,70,"aS_368","nYA794",3.4,5.4,"オオシラビソ",NA,17.4,21.4,NA,"新規加入",NA,NA,"20100831","20150929","nYA794",0,0,0,-1,1,0,0,0,0
50,70,"aS_367","nYA792",4.2,6.9,"オオシラビソ",83.6,84.9,85.9,NA,NA,NA,"20050915","20100831","20150929","nYA792",0,0,0,0,0,0,0,0,0
50,70,"aS_376","nYA739",0.1,7.9,"オオシラビソ",NA,16,19,NA,"新規加入",NA,NA,"20100831","20150929","nYA739",0,0,0,-1,1,0,0,0,0
50,70,"aS_366","nYA793",4.8,8.6,"シラビソ",57.6,62.6,68.1,NA,NA,"成長よい確認済","20050915","20100831","20150929","nYA793",0,0,0,0,0,0,0,0,0
50,70,"aS_324","aS_324",0.8,0.2,"オガラバナ",NA,NA,20.9,NA,NA,"新規",NA,NA,"20150929",NA,0,0,0,-1,-1,1,0,0,0
50,70,"aS_365","aS_365",8,4.1,"オオシラビソ",NA,NA,17.1,NA,NA,"新規",NA,NA,"20150929",NA,0,0,0,-1,-1,1,0,0,0
50,70,"aS_378","aS_378",1.1,8.7,"オオシラビソ",NA,NA,17.9,NA,NA,"新規",NA,NA,"20150929",NA,0,0,0,-1,-1,1,0,0,0
50,70,"aS_609","aS_609",2.3,7.9,"コメツガ",NA,NA,17.8,NA,NA,NA,NA,NA,"20150929",NA,0,0,0,-1,-1,1,0,0,0
50,70,"aS_610","aS_610",3,8.2,"オガラバナ",NA,NA,18.6,NA,NA,NA,NA,NA,"20150929",NA,0,0,0,-1,-1,1,0,0,0
50,80,"nYA796","nYA796",0.5,0.4,"シラビソ",23.9,27.5,NA,NA,NA,"幹折","20050914","20100831","20150929","nYA796",0,0,1,0,0,0,0,0,0
50,80,"aS_469","nYA795",3,0.6,"オガラバナ",NA,17.2,20.6,NA,"新規加入","成長よい確認済，GAP下",NA,"20100831","20150929","nYA795",0,0,0,-1,1,0,0,0,0
50,80,"aS_467","nYA797",0.7,1.7,"オオシラビソ",21.9,26,29.6,NA,NA,"成長よい確認済","20050914","20100831","20150929","nYA797",0,0,0,0,0,0,0,0,0
50,80,"aS_463","nYA800",4.7,5,"シラビソ",NA,17.7,19.3,NA,"新規加入",NA,NA,"20100831","20150929","nYA800",0,0,0,-1,1,0,0,0,0
50,80,"aS_462","nYA798",2,5.1,"シラビソ",30,36.6,43.5,NA,NA,"成長よい確認済，GAP下","20050914","20100831","20150929","nYA798",0,0,0,0,0,0,0,0,0
50,80,"Old728","Old728",2.9,5.4,"オオシラビソ",67.2,NA,NA,NA,"幹折","幹折","20050914","20100831",NA,"Old728",0,1,2,0,0,0,0,0,0
50,80,"aS_464","nYA799",7.7,5.4,"シラビソ",NA,24,26.7,NA,"新規加入",NA,NA,"20100831","20150929","nYA799",0,0,0,-1,1,0,0,0,0
50,80,"nYA801","nYA801",5.4,5.6,"オオシラビソ",NA,18,NA,NA,"新規加入","不明消失",NA,"20100831","20150929","nYA801",0,0,1,-1,1,0,0,0,0
50,80,"nYA802","nYA802",5.5,7.5,"シラビソ",NA,21,NA,NA,"新規加入","幹折",NA,"20100831","20150929","nYA802",0,0,1,-1,1,0,0,0,0
50,80,"nYA803","nYA803",4.6,7.8,"シラビソ",NA,22,NA,NA,"新規加入","幹折",NA,"20100831","20150929","nYA803",0,0,1,-1,1,0,0,0,0
50,80,"aS_472","nYA804",3.6,8.2,"コメツガ",NA,27.5,33,NA,"新規加入","成長よい確認済，GAP下",NA,"20100831","20150929","nYA804",0,0,0,-1,1,0,0,0,0
50,80,"aS_614","nYA805",2.2,8.3,"オオシラビソ",82.4,91.2,97.5,NA,NA,"成長よい確認済，GAP下","20050914","20100831","20150929","nYA805",0,0,0,0,0,0,0,0,0
50,80,"aS_474","nYA810",9,8.6,"オオシラビソ",18.1,25,29.7,NA,NA,"成長よい確認済，GAP下","20050915","20100831","20150929","nYA810",0,0,0,0,0,0,0,0,0
50,80,"aS_468","aS_468",2.1,1.5,"オオシラビソ",NA,NA,17,NA,NA,"新規",NA,NA,"20150929",NA,0,0,0,-1,-1,1,0,0,0
50,80,"aS_470","aS_470",9.9,2,"オガラバナ",NA,NA,19.4,NA,NA,"新規",NA,NA,"20150929",NA,0,0,0,-1,-1,1,0,0,0
50,80,"aS_471","aS_471",5.5,5.6,"オガラバナ",NA,NA,23.2,NA,NA,"新規",NA,NA,"20150929",NA,0,0,0,-1,-1,1,0,0,0
50,80,"aS_615","aS_615",2.2,7.9,"トウヒ",NA,NA,16.1,NA,NA,NA,NA,NA,"20150929",NA,0,0,0,-1,-1,1,0,0,0
50,90,"aS_560","nYA806",2.4,1.6,"オオシラビソ",42.4,47.2,52,NA,NA,NA,"20050914","20100831","20150929","nYA806",0,0,0,0,0,0,0,0,0
50,90,"aS_556","nYA809",6.9,2.2,"オオシラビソ",NA,18,21,NA,"新規加入","GAP下",NA,"20100831","20150929","nYA809",0,0,0,-1,1,0,0,0,0
50,90,"aS_557","nYA808",5.3,2.5,"オオシラビソ",NA,23.8,29.5,NA,"新規加入","GAP下",NA,"20100831","20150929","nYA808",0,0,0,-1,1,0,0,0,0
50,90,"aS_561","nYA807",1.6,3.9,"オオシラビソ",46.2,51,58.6,NA,NA,"GAP下","20050914","20100831","20150929","nYA807",0,0,0,0,0,0,0,0,0
50,90,"aS_555","nYA811",7.5,4.2,"オオシラビソ",NA,17.5,21,NA,"新規加入","GAP下",NA,"20100831","20150929","nYA811",0,0,0,-1,1,0,0,0,0
50,90,"aS_553","nYA814",6.4,6.4,"トウヒ",NA,16.9,16.7,NA,"新規加入",NA,NA,"20100831","20150929","nYA814",0,0,0,-1,1,0,0,0,0
50,90,"nYA816","nYA816",3.9,8.7,"オオシラビソ",NA,18.8,NA,NA,"新規加入","幹折",NA,"20100831","20150929","nYA816",0,0,1,-1,1,0,0,0,0
50,90,"aS_551","nYA812",7.1,8.8,"シラビソ",27.6,34.9,41.7,NA,NA,"生長良い確認済，ＧＡＰ下","20050915","20100831","20150929","nYA812",0,0,0,0,0,0,0,0,0
50,90,"nYA815","nYA815",4.9,9.2,"オオシラビソ",NA,18.3,NA,NA,"新規加入","幹折",NA,"20100831","20150929","nYA815",0,0,1,-1,1,0,0,0,0
50,90,"aS_552","nYA813",6.4,9.6,"オオシラビソ",16.7,21.1,24,NA,NA,NA,"20050915","20100831","20150929","nYA813",0,0,0,0,0,0,0,0,0
50,90,"aS_554","aS_554",6.3,6.6,"シラビソ",NA,NA,19.5,NA,NA,"新規",NA,NA,"20150929",NA,0,0,0,-1,-1,1,0,0,0
50,90,"aS_558","aS_558",6.7,0.6,"シラビソ",NA,NA,16.6,NA,NA,"新規，GAP下",NA,NA,"20150929",NA,0,0,0,-1,-1,1,0,0,0
50,90,"aS_559","aS_559",5.3,2.9,"オガラバナ",NA,NA,16.9,NA,NA,"新規，GAP下",NA,NA,"20150929",NA,0,0,0,-1,-1,1,0,0,0
50,90,"aS_562","aS_562",0.6,6.6,"オガラバナ",NA,NA,17.2,NA,NA,"新規",NA,NA,"20150929",NA,0,0,0,-1,-1,1,0,0,0
60,0,"aS_40","nYB1",7.8,0.7,"オオシラビソ",72.1,73.9,75.8,NA,NA,NA,"20050913","20100830","20150930","nYB1",0,0,0,0,0,0,0,0,0
60,0,"aS_39","nYB527",4.2,3.1,"オオシラビソ",59.8,61.2,63.5,NA,NA,NA,"20050915","20100830","20150930","nYB527",0,0,0,0,0,0,0,0,0
60,0,"aS_41","nYB2",8.7,3.4,"オオシラビソ",24.7,25.6,25.9,NA,NA,NA,"20050913","20100830","20150930","nYB2",0,0,0,0,0,0,0,0,0
60,0,"aS_43","nYB7",6.4,7.4,"コメツガ",47.5,48.5,49.8,NA,NA,NA,"20050913","20100830","20150930","nYB7",0,0,0,0,0,0,0,0,0
60,0,"aS_38","nYB528",0.9,8.3,"トウヒ",262.5,264.5,265.1,NA,NA,NA,"20050915","20100830","20150930","nYB528",0,0,0,0,0,0,0,0,0
60,0,"aS_45","nYB9",6.3,9,"トウヒ",266.2,269.4,271.9,NA,NA,NA,"20050913","20100830","20150930","nYB9",0,0,0,0,0,0,0,0,0
60,0,"aS_44","nYB8",6.8,9,"ウラジロカンバ",91.2,91.8,91.5,NA,NA,NA,"20050913","20100830","20150930","nYB8",0,0,0,0,0,0,0,0,0
60,0,"aS_37","nYB529",0,9.4,"オオシラビソ",89.1,91.9,94.3,NA,NA,NA,"20050915","20100830","20150930","nYB529",0,0,0,0,0,0,0,0,0
60,0,"aS_660","aS_660",6.4,0.7,"オオシラビソ",NA,NA,19,NA,NA,"nYB646をアルミタグに付け替え",NA,NA,"20150930",NA,0,0,0,-1,-1,1,0,0,0
60,10,"aS_89","nYB10",5.5,3.7,"オオシラビソ",92.4,96,98.1,NA,NA,NA,"20050913","20100830","20150930","nYB10",0,0,0,0,0,0,0,0,0
60,10,"aS_90","nYB11",8,5,"シラビソ",23.6,24.2,24.3,NA,NA,NA,"20050913","20100830","20150930","nYB11",0,0,0,0,0,0,0,0,0
60,10,"aS_91","aS_91",8.8,8.9,"オオシラビソ",NA,NA,18.8,NA,NA,"新規",NA,NA,"20150930",NA,0,0,0,-1,-1,1,0,0,0
60,10,"aS_661","aS_661",6.1,4.4,"オオシラビソ",NA,NA,16.4,NA,NA,"nYB647をアルミタグに付け替え",NA,NA,"20150930",NA,0,0,0,-1,-1,1,0,0,0
60,20,"aS_119","nYB557",0.1,0,"オオシラビソ",38.8,38.8,NA,NA,NA,"立枯","20050915","20100830","20150930","nYB557",0,0,1,0,0,0,0,0,0
60,20,"aS_120","nYB16",7.2,8.3,"コメツガ",153.9,157.8,159.9,NA,NA,NA,"20050913","20100830","20150930","nYB16",0,0,0,0,0,0,0,0,0
60,30,"aS_158","nYB530",1.4,3.2,"コメツガ",159.6,161.5,163.8,NA,NA,NA,"20050915","20100830","20150930","nYB530",0,0,0,0,0,0,0,0,0
60,30,"aS_155","nYB17",6.7,3.2,"トウヒ",215.5,219,219,NA,NA,NA,"20050913","20100830","20150930","nYB17",0,0,0,0,0,0,0,0,0
60,30,"aS_156","nYB19",7.5,8.8,"トウヒ",222.8,226.5,227.5,NA,NA,NA,"20050913","20100830","20150930","nYB19",0,0,0,0,0,0,0,0,0
60,40,"aS_222","nYB26",7.6,1,"シラビソ",52,54.8,57.2,NA,NA,NA,"20050913","20100830","20150930","nYB26",0,0,0,0,0,0,0,0,0
60,40,"nYB30","nYB30",8.2,3.4,"シラビソ",35.2,NA,NA,NA,"立枯","立枯","20050913","20100830",NA,"nYB30",0,1,2,0,0,0,0,0,0
60,40,"aS_219","nYB558",4.8,3.5,"オオシラビソ",18.5,19.1,19.4,NA,NA,"倒木生存","20050915","20100830","20150930","nYB558",0,0,0,0,0,0,0,0,0
60,40,"aS_221","nYB31",6.3,7,"オオシラビソ",19.3,20.3,21.1,NA,NA,NA,"20050913","20100830","20150930","nYB31",0,0,0,0,0,0,0,0,0
60,40,"aS_220","aS_220",2.2,4.8,"オオシラビソ",NA,NA,17.3,NA,NA,"新規",NA,NA,"20150930",NA,0,0,0,-1,-1,1,0,0,0
60,50,"aS_259","nYB559",4.2,0.3,"オオシラビソ",52.9,56,58.2,NA,NA,NA,"20050915","20100830","20150929","nYB559",0,0,0,0,0,0,0,0,0
60,50,"aS_258","nYB33",7.7,0.6,"オオシラビソ",21.2,22,22.3,NA,NA,NA,"20050913","20100830","20150929","nYB33",0,0,0,0,0,0,0,0,0
60,50,"aS_257","nYB32",9.7,0.7,"トウヒ",245.2,249.1,250.8,NA,NA,NA,"20050913","20100830","20150929","nYB32",0,0,0,0,0,0,0,0,0
60,50,"nYB560","nYB560",4.4,2.8,"オオシラビソ",NA,19.5,NA,NA,"新規加入","幹折",NA,"20100830","20150929","nYB560",0,0,1,-1,1,0,0,0,0
60,50,"aS_260","nYB561",2,3.2,"シラビソ",75.5,79.9,83.4,NA,NA,NA,"20050915","20100830","20150929","nYB561",0,0,0,0,0,0,0,0,0
60,50,"aS_261","nYB562",2.1,8.2,"コメツガ",118.1,119.9,121.1,NA,NA,NA,"20050915","20100830","20150929","nYB562",0,0,0,0,0,0,0,0,0
60,50,"aS_256","nYB563",5.5,8.4,"コメツガ",143.8,144.9,144,NA,NA,"G15再確認済、G10測定ミス","20050915","20100830","20150929","nYB563",0,0,0,0,0,0,0,0,0
60,50,"aS_255","aS_255",8.7,3.4,"オオシラビソ",NA,NA,18.3,NA,NA,"新規",NA,NA,"20150929",NA,0,0,0,-1,-1,1,0,0,0
60,50,"aS_642","aS_642",7,6.4,"オオシラビソ",NA,NA,17.6,NA,NA,"斜め",NA,NA,"20150929",NA,0,0,0,-1,-1,1,0,0,0
60,60,"aS_326","nYB564",4.6,1.1,"コメツガ",104.6,107.4,109.2,NA,NA,NA,"20050915","20100830","20150929","nYB564",0,0,0,0,0,0,0,0,0
60,60,"aS_328","nYB565",5.4,1.2,"トウヒ",180.3,177.5,177.6,NA,"05年測定ミス",NA,"20050915","20100830","20150929","nYB565",0,0,0,0,0,0,1,0,0
60,60,"Old878","Old878",3,6.5,"トウヒ",115.4,NA,NA,NA,"立枯","立枯","20050915","20100830",NA,"Old878",0,1,2,0,0,0,0,0,0
60,60,"aS_325","nYB566",4.2,7,"トウヒ",225.9,228,229,NA,NA,NA,"20050915","20100830","20150929","nYB566",0,0,0,0,0,0,0,0,0
60,60,"aS_327","nYB41",6,8.3,"オオシラビソ",41.5,42.9,44,NA,NA,NA,"20050913","20100830","20150929","nYB41",0,0,0,0,0,0,0,0,0
60,70,"aS_358","nYB43",7.7,1.6,"ダケカンバ",148.8,151,153,NA,NA,NA,"20050913","20100830","20150929","nYB43",0,0,0,0,0,0,0,0,0
60,70,"aS_363","nYB571",5.8,1.8,"シラビソ",NA,16.1,NA,NA,"新規加入","倒木落枝下",NA,"20100830","20150929","nYB571",0,0,1,-1,1,0,0,0,0
60,70,"nYB573","nYB573",3.2,2.3,"シラビソ",41,40.3,NA,NA,"05年測定ミス","幹折","20050915","20100830","20150929","nYB573",0,0,1,0,0,0,0,0,0
60,70,"aS_360","nYB572",6.4,3.1,"シラビソ",NA,16.1,16.9,NA,"新規加入",NA,NA,"20100830","20150929","nYB572",0,0,0,-1,1,0,0,0,0
60,70,"aS_357","nYB45",9.7,3.7,"オオシラビソ",35.3,36.3,37.4,NA,NA,NA,"20050913","20100830","20150929","nYB45",0,0,0,0,0,0,0,0,0
60,70,"Old884","Old884",4,6.3,"トウヒ",156,NA,NA,NA,"立枯","立枯","20050915","20100830",NA,"Old884",0,1,2,0,0,0,0,0,0
60,70,"aS_364","nYB582",0.9,7.1,"オオシラビソ",NA,19,21.5,NA,"新規加入",NA,NA,"20100830","20150929","nYB582",0,0,0,-1,1,0,0,0,0
60,70,"aS_361","nYB580",3.1,8.6,"コメツガ",131.1,131.8,134.6,NA,NA,NA,"20050915","20100830","20150929","nYB580",0,0,0,0,0,0,0,0,0
60,70,"aS_362","nYB581",1.9,9.7,"トウヒ",271.1,274.9,272.1,NA,NA,"G10測定ミス","20050915","20100830","20150929","nYB581",0,0,0,0,0,0,0,0,0
60,70,"aS_607","aS_607",3.1,0,"コメツガ",NA,NA,16.2,NA,NA,NA,NA,NA,"20150929",NA,0,0,0,-1,-1,1,0,0,0
60,70,"aS_608","aS_608",1.8,0.9,"シラビソ",NA,NA,16.5,NA,NA,NA,NA,NA,"20150929",NA,0,0,0,-1,-1,1,0,0,0
60,80,"aS_476","nYB583",0,3.7,"シラビソ",NA,18.5,20.6,NA,"新規加入",NA,NA,"20100830","20150929","nYB583",0,0,0,-1,1,0,0,0,0
60,80,"aS_475","nYB584",0.3,5.9,"シラビソ",20.6,24.5,26.6,NA,NA,NA,"20050915","20100830","20150929","nYB584",0,0,0,0,0,0,0,0,0
60,80,"aS_473","nYB48",5.5,6.3,"シラビソ",113.7,117,121.5,NA,NA,"成長よい確認済，GAP下","20050913","20100830","20150929","nYB48",0,0,0,0,0,0,0,0,0
60,80,"aS_478","nYB47",8.2,6.8,"オオシラビソ",83.7,88,90.6,NA,NA,NA,"20050913","20100830","20150929","nYB47",0,0,0,0,0,0,0,0,0
60,80,"aS_477","nYB585",0.8,9.4,"オオシラビソ",126.7,132.5,137.7,NA,NA,"成長よい確認済，GAP下","20050915","20100830","20150929","nYB585",0,0,0,0,0,0,0,0,0
60,80,"aS_481","nYB586",1.9,9.5,"コメツガ",73.3,78,84,NA,NA,"成長よい確認済，GAP下","20050915","20100830","20150929","nYB586",0,0,0,0,0,0,0,0,0
60,80,"aS_482","aS_482",2.5,6.1,"オオシラビソ",NA,NA,16.4,NA,NA,"新規",NA,NA,"20150929",NA,0,0,0,-1,-1,1,0,0,0
60,80,"aS_483","aS_483",4.9,5.6,"オオシラビソ",NA,NA,17.2,NA,NA,"新規",NA,NA,"20150929",NA,0,0,0,-1,-1,1,0,0,0
60,80,"aS_613","aS_613",0.1,8.1,"オオシラビソ",NA,NA,20.2,NA,NA,NA,NA,NA,"20150929",NA,0,0,0,-1,-1,1,0,0,0
60,90,"aS_537","nYB587",7.8,0.4,"シラビソ",60.7,67.7,76,NA,NA,"比例計算したG05=60.7cm，G10はただしいを確認済，やや被圧されているが、成長よい","20050915","20100830","20150929","nYB587",0,0,0,0,0,0,0,0,0
60,90,"aS_548","nYB588",1.3,3.5,"オオシラビソ",24.4,28.7,33,NA,NA,"先折れ，ＧＡＰ下","20050915","20100830","20150929","nYB588",0,0,0,0,0,0,0,0,0
60,90,"aS_545","nYB589",0.2,4.6,"シラビソ",NA,21,24.8,NA,"新規加入","GAP下",NA,"20100830","20150929","nYB589",0,0,0,-1,1,0,0,0,0
60,90,"Old898","Old898",5,5.3,"シラビソ",68,NA,NA,NA,"根返","根返","20050915","20100830",NA,"Old898",0,1,2,0,0,0,0,0,0
60,90,"aS_539","nYB592",3.9,5.5,"オオシラビソ",NA,22.3,28.5,NA,"新規加入","GAP下",NA,"20100830","20150929","nYB592",0,0,0,-1,1,0,0,0,0
60,90,"aS_543","nYB593",1.9,5.8,"オオシラビソ",NA,18.6,22.5,NA,"新規加入","GAP下",NA,"20100830","20150929","nYB593",0,0,0,-1,1,0,0,0,0
60,90,"nYB51","nYB51",9.5,7.2,"シラビソ",33.9,42.9,NA,NA,NA,"立枯","20050913","20100830","20150929","nYB51",0,0,1,0,0,0,0,0,0
60,90,"aS_540","nYB594",4.8,8.3,"オオシラビソ",NA,17.6,21.4,NA,"新規加入","GAP下",NA,"20100830","20150929","nYB594",0,0,0,-1,1,0,0,0,0
60,90,"aS_550","nYB591",0,8.4,"シラビソ",29.4,35,41,NA,NA,"GAP下","20050915","20100830","20150929","nYB591",0,0,0,0,0,0,0,0,0
60,90,"aS_533","nYB596",6.2,8.6,"オオシラビソ",NA,19.1,24.3,NA,"新規加入","GAP下",NA,"20100830","20150929","nYB596",0,0,0,-1,1,0,0,0,0
60,90,"aS_549","nYB590",0.4,8.7,"オオシラビソ",15.8,18.8,21.9,NA,NA,"GAP下","20050915","20100830","20150929","nYB590",0,0,0,0,0,0,0,0,0
60,90,"aS_542","nYB595",5,9.4,"オオシラビソ",16.3,23.7,30.5,NA,NA,"生長良い確認済，ＧＡＰ下","20050915","20100830","20150929","nYB595",0,0,0,0,0,0,0,0,0
60,90,"aS_534","aS_534",6,7.7,"オオシラビソ",NA,NA,17,NA,NA,"新規，GAP下",NA,NA,"20150929",NA,0,0,0,-1,-1,1,0,0,0
60,90,"aS_535","aS_535",5.8,7,"オオシラビソ",NA,NA,19.5,NA,NA,"新規，GAP下",NA,NA,"20150929",NA,0,0,0,-1,-1,1,0,0,0
60,90,"aS_536","aS_536",8.7,5.2,"オオシラビソ",NA,NA,17.2,NA,NA,"新規，GAP下",NA,NA,"20150929",NA,0,0,0,-1,-1,1,0,0,0
60,90,"aS_539","aS_539",8.4,3.9,"オオシラビソ",NA,NA,18.2,NA,NA,"新規，GAP下",NA,NA,"20150929",NA,0,0,0,-1,-1,1,0,0,0
60,90,"aS_541","aS_541",4.3,8.4,"オオシラビソ",NA,NA,15.5,NA,NA,"新規，GAP下",NA,NA,"20150929",NA,0,0,0,-1,-1,-1,0,0,0
60,90,"aS_544","aS_544",2.6,6.2,"オオシラビソ",NA,NA,19.1,NA,NA,"新規，GAP下",NA,NA,"20150929",NA,0,0,0,-1,-1,1,0,0,0
60,90,"aS_546","aS_546",0.6,5.8,"シラビソ",NA,NA,16.1,NA,NA,"新規，GAP下",NA,NA,"20150929",NA,0,0,0,-1,-1,1,0,0,0
60,90,"aS_547","aS_547",0.2,0.7,"シラビソ",NA,NA,16.2,NA,NA,"新規，GAP下",NA,NA,"20150929",NA,0,0,0,-1,-1,1,0,0,0
60,90,"aS_622","aS_622",3.3,7.5,"オオシラビソ",NA,NA,15.2,NA,NA,NA,NA,NA,"20150929",NA,0,0,0,-1,-1,-1,0,0,0
60,90,"aS_623","aS_623",1.8,9.1,"オオシラビソ",NA,NA,17.8,NA,NA,NA,NA,NA,"20150929",NA,0,0,0,-1,-1,1,0,0,0
70,0,"aS_48","nYB295",6.9,1.2,"コメツガ",173.8,176.7,179.3,NA,NA,NA,"20050914","20100830","20150930","nYB295",0,0,0,0,0,0,0,0,0
70,0,"nYB3","nYB3",2,1.4,"シラビソ",57.5,NA,NA,NA,"立枯","立枯","20050913","20100830",NA,"nYB3",0,1,2,0,0,0,0,0,0
70,0,"aS_42","nYB4",2.2,3,"コメツガ",114.8,115.9,116.4,NA,NA,NA,"20050913","20100830","20150930","nYB4",0,0,0,0,0,0,0,0,0
70,0,"aS_47","nYB5",4.6,9.2,"コメツガ",169.8,170,170.6,NA,NA,NA,"20050913","20100830","20150930","nYB5",0,0,0,0,0,0,0,0,0
70,0,"aS_46","nYB6",3.4,9.3,"シラビソ",33.2,34.6,34.6,NA,NA,NA,"20050913","20100830","20150930","nYB6",0,0,0,0,0,0,0,0,0
70,10,"aS_93","nYA619",6.9,3.2,"シラビソ",32.3,31.8,32,NA,"05年測定ミス",NA,"20050913","20100830","20150930","nYA619",0,0,0,0,0,0,0,0,0
70,10,"aS_92","nYB13",4.2,4.4,"シラビソ",35,35.6,35.7,NA,NA,NA,"20050913","20100830","20150930","nYB13",0,0,0,0,0,0,0,0,0
70,10,"nYB12","nYB12",0.8,5.2,"シラビソ",27.5,28.3,NA,NA,NA,"根返","20050913","20100830","20150930","nYB12",0,0,1,0,0,0,0,0,0
70,20,"aS_115","nYB15",3,2.4,"コメツガ",141.4,143.9,144.4,NA,NA,NA,"20050913","20100830","20150930","nYB15",0,0,0,0,0,0,0,0,0
70,20,"aS_116","nYB14",0.1,3.1,"コメツガ",121.2,123.5,123.9,NA,NA,NA,"20050913","20100830","20150930","nYB14",0,0,0,0,0,0,0,0,0
70,20,"aS_113","nYB287",8.3,5.4,"オオシラビソ",17.1,18.3,19.4,NA,NA,NA,"20050914","20100830","20150930","nYB287",0,0,0,0,0,0,0,0,0
70,20,"aS_114","nYB285",9.3,8,"オオシラビソ",18.1,18.6,19.3,NA,NA,NA,"20050914","20100830","20150930","nYB285",0,0,0,0,0,0,0,0,0
70,20,"nYB286","nYB286",7.7,9.7,"コメツガ",120,NA,NA,NA,"立枯","立枯","20050914","20100830",NA,"nYB286",0,1,2,0,0,0,0,0,0
70,30,"aS_154","nYB18",0.9,3.1,"オオシラビソ",20.5,20.9,21.5,NA,NA,NA,"20050913","20100830","20150930","nYB18",0,0,0,0,0,0,0,0,0
70,30,"aS_150","nYB282",9.3,4.1,"オオシラビソ",16.4,17.1,18.1,NA,NA,NA,"20050914","20100830","20150930","nYB282",0,0,0,0,0,0,0,0,0
70,30,"nYB20","nYB20",3.7,5.1,"オオシラビソ",17.6,17.9,NA,NA,NA,"立枯","20050913","20100830","20150930","nYB20",0,0,1,0,0,0,0,0,0
70,30,"aS_148","nYB281",9.1,5.3,"トウヒ",232.2,231.3,234.2,NA,"05年測定ミス",NA,"20050914","20100830","20150930","nYB281",0,0,0,0,0,0,0,0,0
70,30,"aS_149","nYB280",7.3,6.5,"トウヒ",185,186.2,187.6,NA,NA,NA,"20050914","20100830","20150930","nYB280",0,0,0,0,0,0,0,0,0
70,30,"aS_152","nYB21",3.3,7.7,"コメツガ",124.3,127.3,129.5,NA,NA,NA,"20050913","20100830","20150930","nYB21",0,0,0,0,0,0,0,0,0
70,30,"aS_153","nYB22",5.1,8,"コメツガ",111.1,113.2,119.3,NA,NA,"生長確認済，幹割ける","20050913","20100830","20150930","nYB22",0,0,0,0,0,0,0,0,0
70,30,"nYB23","nYB23",3,8.6,"コメツガ",76.3,NA,NA,NA,"立枯","立枯","20050913","20100830",NA,"nYB23",0,1,2,0,0,0,0,0,0
70,30,"aS_151","nYB620",3,9,"オオシラビソ",NA,16.5,16.5,NA,"新規加入",NA,NA,"20100830","20150930","nYB620",0,0,0,-1,1,0,0,0,0
70,40,"aS_224","nYB24",1.9,0.1,"トウヒ",188.9,193.5,194.8,NA,NA,NA,"20050913","20100830","20150930","nYB24",0,0,0,0,0,0,0,0,0
70,40,"aS_225","nYB25",5.1,0.8,"コメツガ",96,98.5,98,NA,NA,"生長減少確認済，前回ミス","20050913","20100830","20150930","nYB25",0,0,0,0,0,0,0,0,0
70,40,"ピA42","ピA42",4.5,1.1,"シラビソ",18.1,NA,NA,NA,"倒木落枝下","倒木落枝下","20050913","20100830",NA,"ピA42",0,1,2,0,0,0,0,0,0
70,40,"aS_226","nYB27",4.9,2.9,"オオシラビソ",20.5,20.9,21.7,NA,NA,NA,"20050913","20100830","20150930","nYB27",0,0,0,0,0,0,0,0,0
70,40,"aS_227","nYB279",7.9,3.3,"オオシラビソ",25,25.2,25.2,NA,NA,NA,"20050914","20100830","20150930","nYB279",0,0,0,0,0,0,0,0,0
70,40,"aS_223","nYB29",0.3,3.5,"シラビソ",21.9,22.4,23.7,NA,NA,"幹割れ曲がる","20050913","20100830","20150930","nYB29",0,0,0,0,0,0,0,0,0
70,40,"aS_228","nYB28",3,4.3,"オオシラビソ",21.6,22.4,23,NA,NA,"ななめ","20050913","20100830","20150930","nYB28",0,0,0,0,0,0,0,0,0
70,40,"aS_650","aS_650",0,8,"オオシラビソ",NA,NA,17,NA,NA,NA,NA,NA,"20150930",NA,0,0,0,-1,-1,1,0,0,0
70,40,"aS_665","aS_665",1,8.5,"オオシラビソ",NA,NA,23,NA,NA,"nYA868をアルミタグに付け替え,座標修正済",NA,NA,"20150930",NA,0,0,0,-1,-1,1,0,0,0
70,40,"aS_664","aS_664",2.8,6,"オオシラビソ",NA,NA,16.9,NA,NA,"nYA869をアルミタグに付け替え,座標修正済",NA,NA,"20150930",NA,0,0,0,-1,-1,1,0,0,0
70,40,"aS_663","aS_663",8.6,2.8,"オオシラビソ",NA,NA,15.6,NA,NA,"nYA870をアルミタグに付け替え,座標修正済",NA,NA,"20150930",NA,0,0,0,-1,-1,-1,0,0,0
70,50,"aS_252","nYB275",8,1.6,"コメツガ",78.4,78.1,78.1,NA,"測定誤差",NA,"20050914","20100830","20150929","nYB275",0,0,0,0,0,0,0,0,0
70,50,"aS_253","nYB34",3,3.1,"コメツガ",114.4,118,120.4,NA,NA,NA,"20050913","20100830","20150929","nYB34",0,0,0,0,0,0,0,0,0
70,50,"aS_251","nYB273",9.5,7.6,"コメツガ",146.5,148.5,151.4,NA,NA,NA,"20050914","20100830","20150929","nYB273",0,0,0,0,0,0,0,0,0
70,50,"aS_254","nYB35",2,8.9,"トウヒ",296.6,299.5,303,NA,NA,NA,"20050913","20100830","20150929","nYB35",0,0,0,0,0,0,0,0,0
70,50,"nYB36","nYB36",0.5,9.5,"シラビソ",46.4,NA,NA,NA,"立枯","立枯","20050913","20100830",NA,"nYB36",0,1,2,0,0,0,0,0,0
70,60,"aS_331","nYB37",4.9,2.8,"オオシラビソ",106.5,109.5,111,NA,NA,NA,"20050913","20100830","20150929","nYB37",0,0,0,0,0,0,0,0,0
70,60,"aS_332","nYB272",5.9,4,"シラビソ",116,119.5,123.6,NA,NA,"生長よいを確認済","20050914","20100830","20150929","nYB272",0,0,0,0,0,0,0,0,0
70,60,"aS_329","nYB38",2.7,4.8,"オオシラビソ",28,28.6,30.1,NA,NA,NA,"20050913","20100830","20150929","nYB38",0,0,0,0,0,0,0,0,0
70,60,"aS_330","nYB39",4.1,8,"オオシラビソ",19.7,20.6,21.5,NA,NA,NA,"20050913","20100830","20150929","nYB39",0,0,0,0,0,0,0,0,0
70,60,"aS_334","nYB42",1.2,9.9,"オオシラビソ",27.7,29.1,31.3,NA,NA,NA,"20050913","20100830","20150929","nYB42",0,0,0,0,0,0,0,0,0
70,60,"aS_333","nYB40",3.8,9.9,"オオシラビソ",82,83,83.5,NA,NA,"階層進級","20050913","20100830","20150929","nYB40",0,0,0,0,0,0,0,0,0
70,70,"aS_355","nYB270",8.9,0.1,"シラビソ",50,50.4,51.4,NA,NA,NA,"20050914","20100830","20150929","nYB270",0,0,0,0,0,0,0,0,0
70,70,"aS_354","nYB269",9.4,0.7,"オオシラビソ",79.2,80.9,80.9,NA,NA,NA,"20050914","20100830","20150929","nYB269",0,0,0,0,0,0,0,0,0
70,70,"aS_359","nYB44",1.1,0.8,"オオシラビソ",111,113,113.2,NA,NA,NA,"20050913","20100830","20150929","nYB44",0,0,0,0,0,0,0,0,0
70,70,"aS_352","nYB263",7.6,6.7,"トウヒ",169.4,173,176,NA,NA,NA,"20050914","20100830","20150929","nYB263",0,0,0,0,0,0,0,0,0
70,70,"aS_351","nYB262",8.9,8.4,"オオシラビソ",20,22.8,26,NA,NA,NA,"20050914","20100830","20150929","nYB262",0,0,0,0,0,0,0,0,0
70,70,"aS_356","nYB615",6.9,9.9,"オオシラビソ",NA,20.6,24.1,NA,"新規加入",NA,NA,"20100830","20150929","nYB615",0,0,0,-1,1,0,0,0,0
70,80,"aS_486","nYB258",6,3.3,"オオシラビソ",97,101,105.4,NA,NA,"成長よい確認済","20050914","20100830","20150929","nYB258",0,0,0,0,0,0,0,0,0
70,80,"nYB46","nYB46",1.2,5.1,"オオシラビソ",36.4,36.6,NA,NA,NA,"根返","20050913","20100830","20150929","nYB46",0,0,1,0,0,0,0,0,0
70,80,"aS_490","nYB614",4,5.1,"オオシラビソ",NA,15.3,18.2,NA,"新規加入",NA,NA,"20100830","20150929","nYB614",0,0,0,-1,-1,1,0,0,0
70,80,"aS_487","nYB612",2.9,5.3,"オオシラビソ",NA,16,20,NA,"新規加入","成長よい確認済",NA,"20100830","20150929","nYB612",0,0,0,-1,1,0,0,0,0
70,80,"aS_484","nYB257",5,5.9,"ダケカンバ",142,142.7,143.5,NA,NA,NA,"20050914","20100830","20150929","nYB257",0,0,0,0,0,0,0,0,0
70,80,"aS_485","nYB613",5.7,5.9,"シラビソ",NA,17,20.2,NA,"新規加入","成長よい確認済",NA,"20100830","20150929","nYB613",0,0,0,-1,1,0,0,0,0
70,80,"aS_479","nYB49",1.5,9.8,"オオシラビソ",86.1,89.2,94,NA,NA,"成長よい確認済","20050913","20100830","20150929","nYB49",0,0,0,0,0,0,0,0,0
70,80,"aS_480","nYB611",3.1,9.9,"オオシラビソ",NA,16.9,18.7,NA,"新規加入",NA,NA,"20100830","20150929","nYB611",0,0,0,-1,1,0,0,0,0
70,80,"aS_488","aS_488",3.2,5.9,"オオシラビソ",NA,NA,16.6,NA,NA,"新規",NA,NA,"20150929",NA,0,0,0,-1,-1,1,0,0,0
70,80,"aS_491","aS_491",7.2,1,"オオシラビソ",NA,NA,16.4,NA,NA,"新規",NA,NA,"20150929",NA,0,0,0,-1,-1,1,0,0,0
70,80,"aS_611","aS_611",9.5,8.8,"シラビソ",NA,NA,15.3,NA,NA,"座標修正済",NA,NA,"20150929",NA,0,0,0,-1,-1,-1,0,0,0
70,80,"aS_612","aS_612",6,2.6,"オオシラビソ",NA,NA,15,NA,NA,NA,NA,NA,"20150929",NA,0,0,0,-1,-1,-1,0,0,0
70,90,"aS_529","nYB610",2.4,1,"シラビソ",NA,17.9,20.5,NA,"新規加入",NA,NA,"20100830","20150929","nYB610",0,0,0,-1,1,0,0,0,0
70,90,"aS_530","nYB254",6,1.4,"オオシラビソ",129.6,132.1,135.4,NA,NA,NA,"20050914","20100830","20150929","nYB254",0,0,0,0,0,0,0,0,0
70,90,"nYB609","nYB609",2.9,2.1,"オオシラビソ",NA,17.2,NA,NA,"新規加入","幹折",NA,"20100830","20150929","nYB609",0,0,1,-1,1,0,0,0,0
70,90,"aS_527","nYB50",0.2,2.4,"オオシラビソ",21.1,24,25.5,NA,NA,"先折れ","20050913","20100830","20150929","nYB50",0,0,0,0,0,0,0,0,0
70,90,"aS_526","nYB608",1.8,2.7,"シラビソ",NA,16.5,17.5,NA,"新規加入",NA,NA,"20100830","20150929","nYB608",0,0,0,-1,1,0,0,0,0
70,90,"aS_518","nYB251",9.6,4.5,"シラビソ",31.1,33,33.8,NA,NA,NA,"20050914","20100830","20150929","nYB251",0,0,0,0,0,0,0,0,0
70,90,"aS_521","nYB250",6.1,4.6,"シラビソ",39.9,43,45.8,NA,NA,NA,"20050914","20100830","20150929","nYB250",0,0,0,0,0,0,0,0,0
70,90,"aS_522","nYB53",3.8,5.1,"オオシラビソ",40,42.8,44.9,NA,NA,NA,"20050913","20100830","20150929","nYB53",0,0,0,0,0,0,0,0,0
70,90,"aS_523","nYB52",2.3,5.6,"オオシラビソ",44,49,53.8,NA,NA,"GAP下","20050913","20100830","20150929","nYB52",0,0,0,0,0,0,0,0,0
70,90,"aS_531","nYB247",4.1,7,"オオカメノキ",17.2,18.7,19.1,NA,NA,NA,"20050914","20100830","20150929","nYB247",0,0,0,0,0,0,0,0,0
70,90,"aS_517","nYB245",8,6.6,"オオシラビソ",105.9,111,117,NA,NA,"生長良い確認済","20050914","20100830","20150929","nYB245",0,0,0,0,0,0,0,0,0
70,90,"aS_516","nYB244",9.8,6.8,"オオシラビソ",20.6,22.5,24,NA,NA,"斜めに測定","20050914","20100830","20150929","nYB244",0,0,0,0,0,0,0,0,0
70,90,"aS_524","nYB54",1.7,7.1,"オオシラビソ",71,72.5,74.1,NA,NA,"GAP下","20050913","20100830","20150929","nYB54",0,0,0,0,0,0,0,0,0
70,90,"aS_525","nYB55",0.7,7.6,"ダケカンバ",181,180.9,NA,NA,"測定誤差","幹折","20050913","20100830","20150929","nYB55",0,0,1,0,0,0,0,0,0
70,90,"aS_520","nYB246",5.4,7.7,"シラビソ",24.4,28.2,30.7,NA,NA,"X座標修正済，タグNo修正済,ＧＡＰ下","20050914","20100830","20150929","nYB246",0,0,0,0,0,0,0,0,0
70,90,"aS_528","aS_528",0.4,3.8,"オオシラビソ",NA,NA,19.7,NA,NA,"新規",NA,NA,"20150929",NA,0,0,0,-1,-1,1,0,0,0
80,0,"aS_49","nYB294",5.3,1.3,"コメツガ",153.7,155,157.4,NA,NA,NA,"20050914","20100830","20150930","nYB294",0,0,0,0,0,0,0,0,0
80,10,"aS_94","nYB293",5,1.5,"オオシラビソ",16.9,17.9,19.6,NA,NA,NA,"20050914","20100830","20150930","nYB293",0,0,0,0,0,0,0,0,0
80,10,"aS_97","nYB292",6.5,6.1,"オオシラビソ",18.8,19.2,19.3,NA,NA,NA,"20050914","20100830","20150930","nYB292",0,0,0,0,0,0,0,0,0
80,10,"aS_95","nYB291",3.6,8.3,"オオシラビソ",17.4,18.1,18.5,NA,NA,NA,"20050914","20100830","20150930","nYB291",0,0,0,0,0,0,0,0,0
80,10,"aS_96","nYB290",4.7,8.4,"トウヒ",273.3,274,277.1,NA,NA,NA,"20050914","20100830","20150930","nYB290",0,0,0,0,0,0,0,0,0
80,10,"aS_98","nYB301",6.4,9.7,"トウヒ",165,165.8,166.4,NA,NA,NA,"20050915","20100830","20150930","nYB301",0,0,0,0,0,0,0,0,0
80,20,"aS_112","nYB289",4.1,0,"コメツガ",71.2,72.9,73.5,NA,NA,NA,"20050914","20100830","20150930","nYB289",0,0,0,0,0,0,0,0,0
80,20,"aS_109","nYB288",2,3.1,"コメツガ",128.6,131.3,132.4,NA,NA,NA,"20050914","20100830","20150930","nYB288",0,0,0,0,0,0,0,0,0
80,20,"nYB303","nYB303",9.1,4.3,"シラビソ",25.5,NA,NA,NA,"立枯","立枯","20050915","20100830",NA,"nYB303",0,1,2,0,0,0,0,0,0
80,20,"aS_110","nYB304",6.4,8.9,"コメツガ",188.5,189.5,190,NA,NA,NA,"20050915","20100830","20150930","nYB304",0,0,0,0,0,0,0,0,0
80,20,"aS_111","nYB305",5.3,9.9,"トウヒ",182,181.7,184.2,NA,"測定誤差",NA,"20050915","20100830","20150930","nYB305",0,0,0,0,0,0,0,0,0
80,30,"aS_145","nYB284",2.8,0.6,"コメツガ",119.7,119.7,121.1,NA,NA,NA,"20050914","20100830","20150930","nYB284",0,0,0,0,0,0,0,0,0
80,30,"aS_146","nYB283",4,2,"オオシラビソ",23.5,23.9,25.3,NA,NA,NA,"20050914","20100830","20150930","nYB283",0,0,0,0,0,0,0,0,0
80,30,"aS_147","nYB308",7.1,8.6,"トウヒ",212.7,215.2,219.5,NA,NA,"生長確認済，こけ含む","20050915","20100830","20150930","nYB308",0,0,0,0,0,0,0,0,0
80,40,"aS_232","nYB312",7.9,2.8,"コメツガ",140,142.6,144.3,NA,NA,NA,"20050915","20100830","20150930","nYB312",0,0,0,0,0,0,0,0,0
80,40,"aS_231","nYB278",1.8,3.8,"オオシラビソ",20.6,20.9,21.3,NA,NA,NA,"20050914","20100830","20150930","nYB278",0,0,0,0,0,0,0,0,0
80,40,"aS_236","nYB315",7.4,7.4,"コメツガ",92.4,93.5,95.3,NA,NA,NA,"20050915","20100830","20150930","nYB315",0,0,0,0,0,0,0,0,0
80,40,"aS_230","nYB277",3.8,7.6,"トウヒ",293,294.1,297.2,NA,NA,"生長確認済，コケ含む","20050914","20100830","20150930","nYB277",0,0,0,0,0,0,0,0,0
80,40,"aS_229","nYB276",1.1,8.1,"トウヒ",287.8,288.5,290,NA,NA,NA,"20050914","20100830","20150930","nYB276",0,0,0,0,0,0,0,0,0
80,40,"aS_233","aS_233",7,1.8,"オオシラビソ",NA,NA,16.8,NA,NA,"新規",NA,NA,"20150930",NA,0,0,0,-1,-1,1,0,0,0
80,50,"nYB274","nYB274",2.3,4.6,"オオシラビソ",15.8,NA,NA,NA,"立枯","立枯","20050914","20100830",NA,"nYB274",0,1,2,0,0,0,0,0,0
80,50,"aS_250","nYB319",7.9,5.8,"コメツガ",128.9,130.5,132,NA,NA,NA,"20050915","20100830","20150929","nYB319",0,0,0,0,0,0,0,0,0
80,50,"aS_249","nYB318",9,8.5,"トウヒ",251.4,253.8,255,NA,NA,NA,"20050915","20100830","20150929","nYB318",0,0,0,0,0,0,0,0,0
80,60,"nYB320","nYB320",6.3,0.1,"シラビソ",46.3,NA,NA,NA,"幹折","幹折","20050915","20100830",NA,"nYB320",0,1,2,0,0,0,0,0,0
80,60,"nYB322","nYB322",7.8,4.2,"シラビソ",66,NA,NA,NA,"幹折","幹折","20050915","20100830",NA,"nYB322",0,1,2,0,0,0,0,0,0
80,60,"nYB271","nYB271",3.2,5.9,"コメツガ",57.5,NA,NA,NA,"幹折","幹折","20050914","20100830",NA,"nYB271",0,1,2,0,0,0,0,0,0
80,60,"nYB323","nYB323",7.5,8.7,"シラビソ",151.2,156.9,NA,NA,NA,"立枯","20050915","20100830","20150929","nYB323",0,0,1,0,0,0,0,0,0
80,70,"aS_347","nYB267",4.5,0.3,"オオシラビソ",47.5,48,48.4,NA,NA,NA,"20050914","20100830","20150929","nYB267",0,0,0,0,0,0,0,0,0
80,70,"nYB268","nYB268",1.8,0.6,"ダケカンバ",125,126.1,NA,NA,NA,"根返","20050914","20100830","20150929","nYB268",0,0,1,0,0,0,0,0,0
80,70,"aS_353","nYB265",0.2,2.6,"オオシラビソ",46.7,48,48.6,NA,NA,NA,"20050914","20100830","20150929","nYB265",0,0,0,0,0,0,0,0,0
80,70,"aS_348","nYB266",3.5,2.7,"オオシラビソ",135.5,138.5,140.1,NA,NA,NA,"20050914","20100830","20150929","nYB266",0,0,0,0,0,0,0,0,0
80,70,"aS_345","nYB326",8.2,5.7,"コメツガ",138,138.3,138.5,NA,NA,NA,"20050915","20100830","20150929","nYB326",0,0,0,0,0,0,0,0,0
80,70,"nYB264","nYB264",3.7,6.7,"オオシラビソ",21.4,22.8,NA,NA,NA,"幹折","20050914","20100830","20150929","nYB264",0,0,1,0,0,0,0,0,0
80,70,"nYB261","nYB261",0.4,9.3,"シラビソ",93.4,NA,NA,NA,"立枯","立枯","20050914","20100830",NA,"nYB261",0,1,2,0,0,0,0,0,0
80,70,"aS_349","nYB327",6.4,9.3,"シラビソ",108.6,111.1,114.1,NA,NA,NA,"20050915","20100830","20150929","nYB327",0,0,0,0,0,0,0,0,0
80,70,"aS_350","nYB260",2.9,9.4,"ダケカンバ",147.3,148.1,149.5,NA,NA,"成長よい確認済","20050914","20100830","20150929","nYB260",0,0,0,0,0,0,0,0,0
80,80,"aS_494","nYB328",9.2,1.4,"コメツガ",71.5,72.4,73.6,NA,NA,NA,"20050915","20100830","20150929","nYB328",0,0,0,0,0,0,0,0,0
80,80,"aS_496","nYB329",9.2,2.3,"トウヒ",210.5,211.4,214,NA,NA,NA,"20050915","20100830","20150929","nYB329",0,0,0,0,0,0,0,0,0
80,80,"aS_497","nYB330",7.9,2.6,"トウヒ",182.7,183.5,186.5,NA,NA,"G05=182.7,G09=184","20050915","20100830","20150929","nYB330",0,0,0,0,0,0,0,0,0
80,80,"aS_489","nYB259",0,3.5,"シラビソ",96,98,99.6,NA,NA,NA,"20050914","20100830","20150929","nYB259",0,0,0,0,0,0,0,0,0
80,80,"aS_495","nYB333",8.7,7.2,"オオシラビソ",51.4,52.5,53.1,NA,NA,NA,"20050915","20100830","20150929","nYB333",0,0,0,0,0,0,0,0,0
80,80,"aS_492","nYB256",0.6,9,"オオシラビソ",78.5,82.8,83.9,NA,NA,NA,"20050914","20100830","20150929","nYB256",0,0,0,0,0,0,0,0,0
80,80,"aS_493","nYB255",1.8,9.3,"オオシラビソ",133.8,139.4,144.1,NA,NA,"成長よい確認済","20050914","20100830","20150929","nYB255",0,0,0,0,0,0,0,0,0
80,90,"aS_511","nYB253",5,2.4,"オオシラビソ",79.4,79.4,NA,NA,NA,"立枯","20050914","20100830","20150929","nYB253",0,0,1,0,0,0,0,0,0
80,90,"aS_512","nYB252",1.1,2.7,"オオシラビソ",19.5,21,23,NA,NA,NA,"20050914","20100830","20150929","nYB252",0,0,0,0,0,0,0,0,0
80,90,"aS_505","nYB337",8.8,2.8,"オオシラビソ",76.3,80.2,80.3,NA,NA,NA,"20050915","20100830","20150929","nYB337",0,0,0,0,0,0,0,0,0
80,90,"aS_510","nYB338",6.8,5,"トウヒ",253.8,255,255.2,NA,NA,NA,"20050915","20100830","20150929","nYB338",0,0,0,0,0,0,0,0,0
80,90,"aS_513","nYB249",2.4,6,"オオシラビソ",105,107.9,111.5,NA,NA,"生長良い確認済","20050914","20100830","20150929","nYB249",0,0,0,0,0,0,0,0,0
80,90,"aS_514","nYB248",1.6,6.2,"オオシラビソ",36.3,37,38,NA,NA,NA,"20050914","20100830","20150929","nYB248",0,0,0,0,0,0,0,0,0
80,90,"aS_509","nYB339",7.6,7.3,"ダケカンバ",188.9,190.9,193,NA,NA,NA,"20050915","20100830","20150929","nYB339",0,0,0,0,0,0,0,0,0
80,90,"nYB343","nYB343",5.6,7.5,"オオシラビソ",63,NA,NA,NA,"根返","根返","20050915","20100830",NA,"nYB343",0,1,2,0,0,0,0,0,0
80,90,"aS_515","nYB644",0.9,9.5,"シラビソ",NA,15.9,16.6,NA,"新規加入",NA,NA,"20100830","20150929","nYB644",0,0,0,-1,1,0,0,0,0
80,90,"aS_506","nYB342",9.4,9.9,"コメツガ",144.4,147.6,151.3,NA,NA,NA,"20050915","20100830","20150929","nYB342",0,0,0,0,0,0,0,0,0
90,0,"aS_50","nYB296",0.8,1.8,"トウヒ",283,286.7,286.5,NA,NA,NA,"20050915","20100830","20150930","nYB296",0,0,0,0,0,0,0,0,0
90,0,"aS_51","nYB297",0.8,3.8,"コメツガ",66.2,67.9,70.3,NA,NA,NA,"20050915","20100830","20150930","nYB297",0,0,0,0,0,0,0,0,0
90,0,"aS_52","nYB511",6.8,4.3,"オオシラビソ",30.3,33,31.5,NA,NA,"G10測定ミス確認済","20050915","20100830","20150930","nYB511",0,0,0,0,0,0,0,0,0
90,0,"aS_53","nYB510",9.3,9.2,"トウヒ",285.2,289.8,295.5,NA,NA,NA,"20050915","20100830","20150930","nYB510",0,0,0,0,0,0,0,0,0
90,10,"aS_100","nYB509",7.4,0.1,"シラビソ",22.2,22.3,22.3,NA,NA,NA,"20050915","20100830","20150930","nYB509",0,0,0,0,0,0,0,0,0
90,10,"aS_99","nYB508",4.7,1.9,"オオシラビソ",24,24.4,24.8,NA,NA,NA,"20050915","20100830","20150930","nYB508",0,0,0,0,0,0,0,0,0
90,10,"nYB298","nYB298",1.6,2.8,"コメツガ",204.4,NA,NA,NA,"根返","根返","20050915","20100830",NA,"nYB298",0,1,2,0,0,0,0,0,0
90,10,"aS_101","nYB507",9.7,4.9,"コメツガ",97.8,100.1,103.5,NA,NA,NA,"20050915","20100830","20150930","nYB507",0,0,0,0,0,0,0,0,0
90,10,"nYB299","nYB299",2.8,7.2,"オオシラビソ",18.8,NA,NA,NA,"立枯","立枯","20050915","20100830",NA,"nYB299",0,1,2,0,0,0,0,0,0
90,10,"aS_103","nYB300",4.2,8,"オオシラビソ",19.5,19.6,20.1,NA,NA,NA,"20050915","20100830","20150930","nYB300",0,0,0,0,0,0,0,0,0
90,10,"aS_102","nYB506",9.1,8.5,"シラビソ",24.5,24.7,25.4,NA,NA,NA,"20050915","20100830","20150930","nYB506",0,0,0,0,0,0,0,0,0
90,20,"aS_107","nYB505",6.6,0.4,"トウヒ",251.7,254.4,259.5,NA,NA,"測定はアルミラベルの下５ｃｍ","20050915","20100830","20150930","nYB505",0,0,0,0,0,0,0,0,0
90,20,"aS_108","nYB302",0.1,1.1,"オオシラビソ",28.5,29,31,NA,NA,NA,"20050915","20100830","20150930","nYB302",0,0,0,0,0,0,0,0,0
90,20,"aS_106","nYB504",7.4,1.3,"コメツガ",46.4,43.4,46,NA,"05年測定ミス",NA,"20050915","20100830","20150930","nYB504",0,0,0,0,0,0,0,0,0
90,20,"aS_105","nYB503",7.5,2.7,"シラビソ",50.4,52.7,56.3,NA,NA,NA,"20050915","20100830","20150930","nYB503",0,0,0,0,0,0,0,0,0
90,20,"nYB502","nYB502",5.9,6.9,"シラビソ",32.7,NA,NA,NA,"根返","根返","20050915","20100830",NA,"nYB502",0,1,2,0,0,0,0,0,0
90,20,"aS_104","nYB501",9.4,9.2,"コメツガ",29.6,29.9,31.1,NA,NA,NA,"20050915","20100830","20150930","nYB501",0,0,0,0,0,0,0,0,0
90,20,"nYB500","nYB500",5.8,9.9,"シラビソ",37.7,NA,NA,NA,"根返","根返","20050915","20100830",NA,"nYB500",0,1,2,0,0,0,0,0,0
90,30,"nYB499","nYB499",8.7,0.3,"シラビソ",33,NA,NA,NA,"幹折","幹折","20050915","20100830",NA,"nYB499",0,1,2,0,0,0,0,0,0
90,30,"aS_144","nYB306",3.2,1.6,"コメツガ",69.4,69.7,71,NA,NA,NA,"20050915","20100830","20150930","nYB306",0,0,0,0,0,0,0,0,0
90,30,"aS_143","nYB307",1.7,3.6,"トウヒ",283.5,288.8,288.8,NA,NA,NA,"20050915","20100830","20150930","nYB307",0,0,0,0,0,0,0,0,0
90,30,"aS_139","nYB626",9.7,4.2,"オオシラビソ",NA,17.4,18.3,NA,"新規加入",NA,NA,"20100830","20150930","nYB626",0,0,0,-1,1,0,0,0,0
90,30,"aS_140","nYB498",6.2,5.2,"シラビソ",39.2,40.5,43,NA,NA,NA,"20050915","20100830","20150930","nYB498",0,0,0,0,0,0,0,0,0
90,30,"aS_141","nYB497",8.8,7.4,"オオシラビソ",31.6,32.2,32.7,NA,NA,NA,"20050915","20100830","20150930","nYB497",0,0,0,0,0,0,0,0,0
90,30,"aS_142","nYB309",3.5,8.5,"シラビソ",17.2,17.3,17.6,NA,NA,NA,"20050915","20100830","20150930","nYB309",0,0,0,0,0,0,0,0,0
90,30,"nYB496","nYB496",8.1,8.6,"オオシラビソ",20,NA,NA,NA,"立枯","立枯","20050915","20100830",NA,"nYB496",0,1,2,0,0,0,0,0,0
90,30,"nYB495","nYB495",6.6,8.7,"オオシラビソ",24.5,NA,NA,NA,"立枯","立枯","20050915","20100830",NA,"nYB495",0,1,2,0,0,0,0,0,0
90,40,"aS_238","nYB310",4.3,1.4,"オオシラビソ",19.8,20.8,21.2,NA,NA,NA,"20050915","20100830","20150930","nYB310",0,0,0,0,0,0,0,0,0
90,40,"aS_241","nYB494",7.5,1.4,"シラビソ",23.6,24.6,25.5,NA,NA,NA,"20050915","20100830","20150930","nYB494",0,0,0,0,0,0,0,0,0
90,40,"aS_237","nYB313",3.3,3.6,"オオシラビソ",18.4,18.5,18.9,NA,NA,NA,"20050915","20100830","20150930","nYB313",0,0,0,0,0,0,0,0,0
90,40,"aS_234","nYB311",0.4,3.8,"トウヒ",199.4,199.6,199.3,NA,NA,"生長確認済，コケなし測定？","20050915","20100830","20150930","nYB311",0,0,0,0,0,0,0,0,0
90,40,"aS_242","nYB493",5.4,5.4,"オオシラビソ",20.9,21.5,22.3,NA,NA,NA,"20050915","20100830","20150930","nYB493",0,0,0,0,0,0,0,0,0
90,40,"aS_235","nYB314",0.4,5.5,"コメツガ",88.9,90,93.4,NA,NA,"生長よいを確認済","20050915","20100830","20150930","nYB314",0,0,0,0,0,0,0,0,0
90,40,"aS_240","nYB492",6.9,6.3,"トウヒ",234.5,235.9,237.1,NA,NA,NA,"20050915","20100830","20150930","nYB492",0,0,0,0,0,0,0,0,0
90,40,"aS_239","nYB316",3.6,9,"コメツガ",77.3,78,79.3,NA,NA,NA,"20050915","20100830","20150930","nYB316",0,0,0,0,0,0,0,0,0
90,40,"aS_243","nYB491",9.6,9.1,"シラビソ",16.6,16.8,17,NA,NA,"元気ない","20050915","20100830","20150930","nYB491",0,0,0,0,0,0,0,0,0
90,50,"aS_244","nYB490",7.7,0.8,"シラビソ",27.7,28,28.5,NA,NA,NA,"20050915","20100830","20150929","nYB490",0,0,0,0,0,0,0,0,0
90,50,"nYB487","nYB487",6.8,4.4,"オオシラビソ",18.2,NA,NA,NA,"立枯","立枯","20050915","20100830",NA,"nYB487",0,1,2,0,0,0,0,0,0
90,50,"nYB489","nYB489",8.4,5.2,"シラビソ",16.5,NA,NA,NA,"立枯","立枯","20050915","20100830",NA,"nYB489",0,1,2,0,0,0,0,0,0
90,50,"aS_245","nYB486",6.7,5.6,"トウヒ",133.8,135.5,135,NA,NA,"G15再確認済、G10測定ミス","20050915","20100830","20150929","nYB486",0,0,0,0,0,0,0,0,0
90,50,"aS_246","nYB488",5.2,6.7,"コメツガ",89.1,89.8,90.8,NA,NA,NA,"20050915","20100830","20150929","nYB488",0,0,0,0,0,0,0,0,0
90,50,"nYB485","nYB485",9.8,9.4,"オオシラビソ",25.2,NA,NA,NA,"立枯","立枯","20050915","20100830",NA,"nYB485",0,1,2,0,0,0,0,0,0
90,50,"aS_248","nYB317",0.7,9.5,"コメツガ",125.9,128,129.5,NA,NA,NA,"20050915","20100830","20150929","nYB317",0,0,0,0,0,0,0,0,0
90,50,"aS_247","nYB484",8,9.7,"オオシラビソ",24.2,24.3,25,NA,NA,NA,"20050915","20100830","20150929","nYB484",0,0,0,0,0,0,0,0,0
90,60,"nYB483","nYB483",9.6,1.1,"オオシラビソ",24.3,NA,NA,NA,"立枯","立枯","20050915","20100830",NA,"nYB483",0,1,2,0,0,0,0,0,0
90,60,"nYB482","nYB482",8.9,1.5,"オオシラビソ",16.6,NA,NA,NA,"立枯","立枯","20050915","20100830",NA,"nYB482",0,1,2,0,0,0,0,0,0
90,60,"aS_340","nYB481",6.2,1.7,"トウヒ",158,158.9,159,NA,NA,NA,"20050915","20100830","20150929","nYB481",0,0,0,0,0,0,0,0,0
90,60,"aS_341","nYB480",7.2,1.9,"トウヒ",206,206.2,208.9,NA,NA,NA,"20050915","20100830","20150929","nYB480",0,0,0,0,0,0,0,0,0
90,60,"aS_335","nYB321",4.5,3.7,"コメツガ",93.5,94,95.5,NA,NA,NA,"20050915","20100830","20150929","nYB321",0,0,0,0,0,0,0,0,0
90,60,"aS_339","nYB478",8.6,3.8,"コメツガ",112,112.5,113.8,NA,NA,NA,"20050915","20100830","20150929","nYB478",0,0,0,0,0,0,0,0,0
90,60,"nYB479","nYB479",9.2,4.3,"オオシラビソ",17.8,17.8,NA,NA,NA,"立枯","20050915","20100830","20150929","nYB479",0,0,1,0,0,0,0,0,0
90,60,"nYB477","nYB477",9.1,5.3,"オオシラビソ",20.5,20.7,NA,NA,NA,"立枯","20050915","20100830","20150929","nYB477",0,0,1,0,0,0,0,0,0
90,60,"aS_338","nYB476",6.2,5.5,"シラビソ",35,35.3,35.7,NA,NA,NA,"20050915","20100830","20150929","nYB476",0,0,0,0,0,0,0,0,0
90,60,"nYB473","nYB473",8.4,7.2,"オオシラビソ",62,63,NA,NA,NA,"幹折","20050915","20100830","20150929","nYB473",0,0,1,0,0,0,0,0,0
90,60,"aS_337","nYB475",6.2,7.4,"オオシラビソ",21.3,21.5,NA,NA,NA,"立枯","20050915","20100830","20150929","nYB475",0,0,1,0,0,0,0,0,0
90,60,"nYB472","nYB472",9.9,7.7,"オオシラビソ",19.6,19.6,NA,NA,NA,"立枯","20050915","20100830","20150929","nYB472",0,0,1,0,0,0,0,0,0
90,60,"nYB324","nYB324",3.3,8.6,"オオシラビソ",43.5,44.4,NA,NA,NA,"根返","20050915","20100830","20150929","nYB324",0,0,1,0,0,0,0,0,0
90,60,"aS_336","nYB474",5.6,8.8,"トウヒ",308,309.8,311.1,NA,NA,NA,"20050915","20100830","20150929","nYB474",0,0,0,0,0,0,0,0,0
90,70,"aS_344","nYB325",3.4,4.8,"オオシラビソ",96.9,97,100.8,NA,NA,NA,"20050915","20100830","20150929","nYB325",0,0,0,0,0,0,0,0,0
90,70,"aS_342","nYB471",5.9,5.6,"ダケカンバ",143.1,143.3,144,NA,NA,NA,"20050915","20100830","20150929","nYB471",0,0,0,0,0,0,0,0,0
90,70,"nYB470","nYB470",9,8.2,"シラビソ",37.4,NA,NA,NA,"幹折","幹折","20050915","20100830",NA,"nYB470",0,1,2,0,0,0,0,0,0
90,70,"aS_343","aS_343",6.3,1.9,"オオシラビソ",NA,NA,15.9,NA,NA,"新規",NA,NA,"20150929",NA,0,0,0,-1,-1,1,0,0,0
90,80,"aS_499","nYB331",1.2,0.8,"トウヒ",129.3,130.6,130.6,NA,NA,NA,"20050915","20100830","20150929","nYB331",0,0,0,0,0,0,0,0,0
90,80,"aS_498","nYB332",3.6,3.6,"トウヒ",337.3,338.5,341.5,NA,NA,NA,"20050915","20100830","20150929","nYB332",0,0,0,0,0,0,0,0,0
90,80,"nYB469","nYB469",9.4,4.1,"オオシラビソ",51.8,NA,NA,NA,"立枯","立枯","20050915","20100830",NA,"nYB469",0,1,2,0,0,0,0,0,0
90,80,"nYB334","nYB334",5.7,9.5,"トウヒ",113.4,NA,NA,NA,"立枯","立枯","20050915","20100830",NA,"nYB334",0,1,2,0,0,0,0,0,0
90,90,"aS_504","nYB336",1.1,0.1,"オオシラビソ",77.9,79.5,81.8,NA,NA,NA,"20050915","20100830","20150929","nYB336",0,0,0,0,0,0,0,0,0
90,90,"nYB468","nYB468",5.5,1.2,"シラビソ",40.3,NA,NA,NA,"立枯","立枯","20050915","20100830",NA,"nYB468",0,1,2,0,0,0,0,0,0
90,90,"aS_503","nYB335",3.4,1.7,"オオシラビソ",80.3,82,84.6,NA,NA,NA,"20050915","20100830","20150929","nYB335",0,0,0,0,0,0,0,0,0
90,90,"aS_500","nYB467",7.4,4.7,"オオシラビソ",66,67.8,69.6,NA,NA,NA,"20050915","20100830","20150929","nYB467",0,0,0,0,0,0,0,0,0
90,90,"aS_501","nYB466",7.8,6.1,"オオシラビソ",60.4,61,61.4,NA,NA,NA,"20050915","20100830","20150929","nYB466",0,0,0,0,0,0,0,0,0
90,90,"aS_502","nYB340",3.8,6.3,"オオシラビソ",61.5,64,67.9,NA,NA,NA,"20050915","20100830","20150929","nYB340",0,0,0,0,0,0,0,0,0
90,90,"aS_507","nYB465",7.9,7.9,"ダケカンバ",149.1,150,151.3,NA,NA,NA,"20050915","20100830","20150929","nYB465",0,0,0,0,0,0,0,0,0
90,90,"aS_508","nYB464",9.6,8.8,"オオシラビソ",24.7,25.3,25.6,NA,NA,"ななめ","20050915","20100830","20150929","nYB464",0,0,0,0,0,0,0,0,0
90,90,"nYB341","nYB341",3.7,9.9,"オオシラビソ",45,46,NA,NA,NA,"立枯","20050915","20100830","20150929","nYB341",0,0,1,0,0,0,0,0,0
