#/log,DATA CREATED,データ作成日,20140220,,,,,,,,,,,,,,,
#/doc,DATA CREATER,データ作成者,杉田久志,,,,,,,,,,,,,,,
#,DATA TITLE,データ名,Temporal Change in Tree Girth at Breast Height at 御明神大滝沢,,,,,,,,,,,,,,,
#,PLOT NAME,調査地名,御明神大滝沢,,,,,,,,,,,,,,,
#,PLOT SIZE,面積,1ha,,,,,,,,,,,,,,,
#,PRAMETER DEFINITIONS,mesh_xcord,10ｍ方形区ｘ座標,,,,,,,,,,,,,,,
#,,mesh_ｙcord,10ｍ方形区ｙ座標,,,,,,,,,,,,,,,
#,,tag_no,幹タグ番号,,,,,,,,,,,,,,,
#,,,別番号,,,,,,,,,,,,,,,
#,,indv_no,個体タグ番号,,,,,,,,,,,,,,,
#,,stem_xcord,幹のx座標（10m方形区内での座標）,,,,,,,,,,,,,,,
#,,stem_ycord,幹のｙ座標（10m方形区内での座標）,,,,,,,,,,,,,,,
#,,spc_japan,種名,,,,,,,,,,,,,,,
#,,gbh,胸高周囲長〔cm〕,,,,,,,,,,,,,,,
#,,note,備考,,,,,,,,,,,,,,,
#,,s_data,調査日,,,,,,,,,,,,,,,
#/note,20090325,データ成形（石原正恵）,,,,,,,,,,,,,,,,
#,,"1991,1998,2003年のデータあり",,,,,,,,,,,,,,,,
#,,1991年台風被害をnote91.1として入力,,,,,,,,,,,,,,,,
#,,"gbh1991,1998,2003--> note.gbh91, note.gbh98, note.gbh03",,,,,,,,,,,,,,,,
#,20091224,"Data censused in 1991, 1998, 2003 were excluded because Monitoring Sites 1000 started from 2004.",,,,,,,,,,,,,,,,
#,20101220,イタヤカエデは全てアカイタヤ（杉田さんより）。イタヤカエデ->アカイタヤ,,,,,,,,,,,,,,,,
#,20171211,公開用にデータの体裁整え（日野）,,,,,,,,,,,,,,,,
#/data,,,,,,,,,,,,,,,,,,
"mesh_xcord","mesh_ycord","tag_no","indv_no","stem_xcord","stem_ycord","spc_japan","gbh08","gbh13","note08","note13","s_date08","s_date13","memo1","memo2","memo3","新No.","X","X.1","dl08","dl13","rec08","rec13","error08","error13"
10,10,138.2,"RG474",1.5,9.8,"トチノキ",10.2,13.6,"","",20081112,20130926,"RG","F","RD385　青167",474,NA,NA,0,0,-1,-1,0,0
10,10,138.1,"F138.1",0.8,7,"サワグルミ",10,NA,"","→不明",20081112,20130926,"","F","青168",NA,NA,NA,0,1,-1,-1,0,0
20,10,123,"RG475",2.5,1.8,"サワグルミ",134.6,139.4,"","",20081112,20130926,"RG","F","",475,NA,NA,0,0,0,0,0,0
20,10,123.1,"RG475",2.2,1.8,"サワグルミ",9.7,NA,"","→立枯れ",20081112,20130926,"","F","青530",NA,NA,NA,0,1,-1,-1,0,0
20,10,120,"RG477",9.2,7.2,"アカイタヤ",155.8,156.6,"","",20081112,20130926,"RG","F","",477,NA,NA,0,0,0,0,0,0
20,10,121,"RG478",9.8,9.4,"トチノキ",201.8,203.8,"","",20081112,20130926,"RG","F","",478,NA,NA,0,0,0,0,0,0
20,10,122,"RG478",9.8,9.4,"トチノキ",144.2,146,"","",20081112,20130926,"RG","F","",479,NA,NA,0,0,0,0,0,0
30,10,120.1,"RG476",0.6,1.4,"ハウチワカエデ",11.9,12.1,"","",20081112,20130926,"RG","F","青536　RA747",476,NA,NA,0,0,-1,-1,0,0
30,10,108,"RG480",5.9,5.9,"トチノキ",192,199.1,"","",20081112,20130926,"RG","F","",480,NA,NA,0,0,0,0,0,0
40,10,105,"RG483",1.6,4.8,"トチノキ",135.1,138.9,"","",20081112,20130926,"RG","F","",483,NA,NA,0,0,0,0,0,0
40,10,107.1,"RG484",4.9,0.2,"ツリバナ",12.7,13,"","",20081112,20130926,"RG","F","青541",484,NA,NA,0,0,-1,-1,0,0
40,10,104,"RG485",6.3,3,"ホオノキ",132.9,135,"","",20081112,20130926,"RG","F","",485,NA,NA,0,0,0,0,0,0
40,10,104.2,"RG485",5.8,2.9,"ホオノキ",9.1,10.4,"","",20081112,20130926,"RG","F","青542",486,NA,NA,0,0,-1,-1,0,0
40,10,NA,"RG485",NA,NA,"ホオノキ",NA,11.2,"","",20081112,20130926,"RG","","",487,NA,NA,0,0,-1,-1,0,0
40,10,103,"RG485",6.7,2.9,"ホオノキ",NA,20.7,"立ち枯れ","生きてた",20081112,20130926,"RG","F","",488,NA,NA,0,0,0,0,1,0
40,10,104.1,"RG485",5.8,3.1,"ホオノキ",NA,NA,"立ち枯れ","",20081112,20130926,"","F","RD458　WG533",NA,NA,NA,1,2,-1,-1,0,0
40,10,102,"RG489",9.4,3.4,"トチノキ",121,125,"","",20081112,20130926,"RG","F","",489,NA,NA,0,0,0,0,0,0
40,10,101,"RG489",9.7,3.1,"アカイタヤ",84.4,84.3,"","",20081112,20130926,"RG","F","",490,NA,NA,0,0,0,0,0,0
50,10,NA,"RG491",4.7,2.7,"アオダモ",NA,18.5,"","",20081112,20130926,"RG","","",491,NA,NA,0,0,-1,1,0,0
60,10,95.6,"RG494",8.8,0.6,"トチノキ",10.8,NA,"","→土石流不明",20081112,20130926,"RG","F","青554",494,NA,NA,0,1,-1,-1,0,0
70,10,NA,"RG495",NA,NA,"サワグルミ",NA,9.6,"","",20081112,20130926,"RG","","",495,NA,NA,0,0,-1,-1,0,0
70,10,88.1,"RG495",9.8,3.8,"サワグルミ",9.9,NA,"水平","細い",20081112,20130926,"","F","青592　RA751",NA,NA,NA,0,0,-1,-1,0,1
80,10,74,"RG496",7.1,2.9,"ブナ",180.1,182.6,"","",20081112,20130926,"RG","F","",496,NA,NA,0,0,0,0,0,0
80,10,88.2,"F 88.2",0.3,6,"シウリザクラ",8,NA,"","→立枯れ",20081112,20130926,"","F","青596",NA,NA,NA,0,1,-1,-1,0,0
20,20,564,"RG449",4.3,4.9,"トチノキ",140.8,142.3,"","",20081112,20130926,"RG","E","",449,NA,NA,0,0,0,0,0,0
20,20,563,"RG450",7.6,5.3,"サワグルミ",148.9,154.6,"","",20081112,20130926,"RG","E","",450,NA,NA,0,0,0,0,0,0
20,20,NA,"RG450",7.9,5.7,"サワグルミ",NA,11.7,"","",20081112,20130926,"RG","","青532",451,NA,NA,0,0,-1,-1,0,0
30,20,562,"RG452",0.1,8.6,"ブナ",125.2,NA,"","→土石流で埋まる",20081112,20130926,"RG","E","",452,NA,NA,0,1,0,0,0,0
40,20,551,"RG461",5,9.4,"ブナ",157,NA,"先折れ","→立枯れ157.7",20081112,20130926,"RG","E","",461,NA,NA,0,1,0,0,0,0
40,20,549,"RG481",1.1,3,"トチノキ",141.9,141.2,"","",20081112,20130926,"RG","E","",481,NA,NA,0,0,0,0,0,0
40,20,550,"RG481",1.5,3,"トチノキ",170.8,175.1,"","",20081112,20130926,"RG","E","WG532",482,NA,NA,0,0,0,0,0,0
50,20,545,"RG464",5.3,4.2,"ブナ",59.4,60.6,"","",20081112,20130926,"RG","E","",464,NA,NA,0,0,0,0,0,0
50,20,544,"RG465",9.7,6.9,"ブナ",191.1,196.5,"","",20081112,20130926,"RG","E","",465,NA,NA,0,0,0,0,0,0
50,20,545.1,"E545.1",5.9,1.2,"トチノキ",10.9,NA,"","→不明",20081112,20130926,"","E","青544　RA746",NA,NA,NA,0,1,-1,-1,0,0
60,20,542,"RG466",2.7,6,"トチノキ",435,436.5,"","",20081112,20130926,"RG","E","",466,NA,NA,0,0,0,0,0,0
60,20,543,"RG467",4,8,"オオバボダイジュ",24.5,24.5,"","",20081112,20130926,"RG","E","WG530",467,NA,NA,0,0,0,0,0,0
60,20,542.1,"RG492",2.5,1.7,"ブナ",9.2,10.1,"","",20081112,20130926,"RG","E","RD386 RA745",492,NA,NA,0,0,-1,-1,0,0
80,20,535,"RG497",8.7,5,"トチノキ",195.5,199.8,"","",20081112,20130926,"RG","E","",497,NA,NA,0,0,0,0,0,0
10,30,572,"RG442",8.3,8.9,"オオバボダイジュ",92.5,NA,"","→土石流で流され根返り95.5",20081112,20130926,"RG","E","",442,NA,NA,0,1,0,0,0,0
10,30,572.1,"RG442",8.1,8.1,"オオバボダイジュ",12.8,NA,"","→土石流不明",20081112,20130926,"RG","E","青133",446,NA,NA,0,1,-1,-1,0,0
10,30,569,"RG443",5.1,6.2,"ホオノキ",151.4,156.8,"ツル込み","ツルはずれ皮ハゲ",20081112,20130926,"RG","E","",443,NA,NA,0,0,0,0,0,0
10,30,568,"RG444",3.7,3.3,"スギ",121.7,122.6,"","",20081112,20130926,"RG","E","",444,NA,NA,0,0,0,0,0,0
10,30,567,"RG445",4.4,2.7,"サワグルミ",168.2,173,"","",20081112,20130926,"RG","E","",445,NA,NA,0,0,0,0,0,0
10,30,566,"RG448",7.3,2.3,"トチノキ",48.7,50.9,"","",20081112,20130926,"RG","E","",448,NA,NA,0,0,0,0,0,0
30,30,561,"RG453",5.2,7.1,"トチノキ",104.5,116,"","",20081112,20130926,"RG","E","",453,NA,NA,0,0,0,0,0,0
30,30,557,"RG454",9.1,5,"ブナ",191,202.4,"","",20081112,20130926,"RG","E","",454,NA,NA,0,0,0,0,0,0
30,30,558,"RG454",9.3,4.5,"ブナ",131.9,135.8,"","",20081112,20130926,"RG","E","",455,NA,NA,0,0,0,0,0,0
30,30,560,"RG454",9.1,5.5,"ブナ",NA,149,"","測定位置変更",20081112,20130926,"RG","E","",456,NA,NA,0,0,0,0,1,2
30,30,556,"RG457",9.2,9.7,"サワグルミ",122.7,129,"","",20081112,20130926,"RG","E","",457,NA,NA,0,0,0,0,0,0
30,30,559,"E559",9,5.3,"ブナ",30.8,NA,"","→枯れ折れ",20081112,20130926,"","E","",NA,NA,NA,0,1,0,0,0,0
40,30,552,"RG460",8.4,5.6,"ブナ",139.6,144.1,"","",20081112,20130926,"RG","E","",460,NA,NA,0,0,0,0,0,0
40,30,553,"E553",6.6,7.7,"トチノキ",139,NA,"根元割れ寄りかかり","→根返り枯れ",20081112,20130926,"","E","",NA,NA,NA,0,1,0,0,0,0
50,30,547,"RG462",2.5,3.5,"サワグルミ",106.3,110.7,"","",20081112,20130926,"RG","E","RD856",462,NA,NA,0,0,0,0,0,0
50,30,546,"RG463",8.8,8.3,"ブナ",229.3,232.1,"","",20081112,20130926,"RG","E","",463,NA,NA,0,0,0,0,0,0
60,30,541,"RG468",8.1,8,"トチノキ",158.5,161.1,"","",20081112,20130926,"RG","E","",468,NA,NA,0,0,0,0,0,0
70,30,540,"RG471",5.1,6.1,"トチノキ",211,211.7,"","",20081112,20130926,"RG","E","",471,NA,NA,0,0,0,0,0,0
10,40,208,"RG390",6.7,9.8,"トチノキ",146.9,149,"","",20081112,20130926,"RG","D","",390,NA,NA,0,0,0,0,0,0
10,40,207,"RG390",6.9,9.7,"トチノキ",41.4,40.9,"","→先枯れ土石流皮ハゲ",20081112,20130926,"RG","D","",391,NA,NA,0,0,0,0,0,0
10,40,574,"RG440",6,3.7,"アカイタヤ",166,167.2,"","",20081112,20130926,"RG","E","",440,NA,NA,0,0,0,0,0,0
10,40,576,"RG441",5.2,2.6,"ブナ",43.8,48.9,"","ナンバーはずれ",20081112,20130926,"RG","E","",441,NA,NA,0,0,0,0,0,0
10,40,573,"E573",9.4,3.5,"ホオノキ",NA,NA,"立ち枯れ","",20081112,20130926,"","E","",NA,NA,NA,1,2,-1,-1,0,0
20,40,573.1,"RG447",5.4,0.3,"ミズキ",42,NA,"","→土石流不明",20081112,20130926,"RG","E","E683　WG531",447,NA,NA,0,1,0,0,0,0
30,40,556.1,"RG458",6.1,4.6,"トチノキ",9.9,NA,"","→不明",20081112,20130926,"RG","E","青129　RA710",458,NA,NA,0,1,-1,-1,0,0
40,40,554,"RG459",8.9,4.5,"トチノキ",205.8,206.9,"","",20081112,20130926,"RG","E","",459,NA,NA,0,0,0,0,0,0
40,40,555,"E555",2.8,4.2,"サワグルミ",200.6,NA,"大枝枯れ","→立枯れ",20081112,20130926,"","E","",NA,NA,NA,0,1,0,0,0,0
60,40,171,"RG418",2,7.1,"ブナ",190,195.7,"","",20081112,20130926,"RG","D","",418,NA,NA,0,0,0,0,0,0
70,40,539,"RG469",3.4,2.8,"サワグルミ",192.4,197.7,"","",20081112,20130926,"RG","E","",469,NA,NA,0,0,0,0,0,0
70,40,538,"RG470",7.5,1.5,"ミズキ",59.4,60.1,"","",20081112,20130926,"RG","E","WG529",470,NA,NA,0,0,0,0,0,0
70,40,538.1,"RG472",9.9,1.9,"ツリバナ",NA,22,"立ち枯れ","生きてた",20081112,20130926,"RG","E","RD387　WG527",472,NA,NA,0,0,0,0,1,0
80,40,155.4,"RG438",8.3,6.5,"ハウチワカエデ",21.6,23.5,"","",20081112,20130926,"RG","D","RD389 RD826",438,NA,NA,0,0,0,0,0,0
80,40,155.5,"RG438",7.8,6.4,"ハウチワカエデ",14.7,18.8,"","",20081112,20130926,"RG","D","RD390",439,NA,NA,0,0,-1,1,0,0
80,40,538.2,"RG473",2.4,1.1,"ツリバナ",22.5,24.5,"","",20081112,20130926,"RG","E","RD388　WG528 RD786",473,NA,NA,0,0,0,0,0,0
10,50,209,"RG389",4.7,0.5,"ブナ",235.3,243.4,"","",20081112,20130926,"RG","D","",389,NA,NA,0,0,0,0,0,0
20,50,204,"RG392",0.1,5.1,"ブナ",147.1,150.2,"","",20081112,20130926,"RG","D","",392,NA,NA,0,0,0,0,0,0
20,50,205,"RG392",0.4,5,"ブナ",37.8,39.4,"","",20081112,20130926,"RG","D","",393,NA,NA,0,0,0,0,0,0
20,50,206.1,"RG394",2.9,1.7,"ウワミズザクラ",12.1,14.4,"倒伏","",20081112,20130926,"RG","D","青610　RA711",394,NA,NA,0,0,-1,-1,0,0
20,50,194,"RG395",5,7.3,"ブナ",137.4,144.6,"","隣接木根返り(2009.12)",20081112,20130926,"RG","D","",395,NA,NA,0,0,0,0,0,0
20,50,206,"D206",5.3,1,"トチノキ",267.3,NA,"","根返り枯れ(2009.12)",20081112,20130926,"","D","",NA,NA,NA,0,1,0,0,0,0
40,50,176,"RG405",9.2,6.7,"トチノキ",182.8,184.8,"","",20081112,20130926,"RG","D","",405,NA,NA,0,0,0,0,0,0
40,50,191,"RG406",5,1.2,"トチノキ",164.7,170.4,"","",20081112,20130926,"RG","D","",406,NA,NA,0,0,0,0,0,0
50,50,173,"RG407",2.9,2,"トチノキ",184.7,188.9,"","",20081112,20130926,"RG","D","",407,NA,NA,0,0,0,0,0,0
50,50,172,"RG408",2.6,0.5,"トチノキ",146,146.4,"","",20081112,20130926,"RG","D","",408,NA,NA,0,0,0,0,0,0
50,50,174,"RG409",6.4,4.6,"トチノキ",307.6,312.6,"","",20081112,20130926,"RG","D","",409,NA,NA,0,0,0,0,0,0
50,50,175,"D175",1.4,6.5,"トチノキ",77.4,NA,"","→立枯れ",20081112,20130926,"","D","",NA,NA,NA,0,1,0,0,0,0
70,50,166,"RG417",1,9.4,"トチノキ",97.8,99.6,"","",20081112,20130926,"RG","D","",416,NA,NA,0,0,0,0,0,0
70,50,167,"RG417",0.3,9.3,"トチノキ",268.8,269.5,"","",20081112,20130926,"RG","D","",417,NA,NA,0,0,0,0,0,0
70,50,167.1,"RG419",3.6,8.8,"ツリバナ",8.9,9,"","",20081112,20130926,"RG","D","青607",419,NA,NA,0,0,-1,-1,0,0
70,50,161.2,"RG428",6.9,8.1,"ツリバナ",8.8,8.9,"","",20081112,20130926,"RG","D","RD350　WG523",428,NA,NA,0,0,-1,-1,0,0
80,50,161,"RG426",2.8,5.2,"トチノキ",291.9,288.8,"","→大枝落ち'13Oct",20081112,20130926,"RG","D","",426,NA,NA,0,0,0,0,0,0
80,50,161.1,"RG427",2.7,4.6,"ノリウツギ",11.9,14,"","",20081112,20130926,"RG","D","RD346",427,NA,NA,0,0,-1,-1,0,0
80,50,NA,"RG429",0.6,1.3,"ウワミズザクラ",NA,15.5,"","→落枝下敷傾き'13Oct",20081112,20130926,"RG","","",429,NA,NA,0,0,-1,-1,0,0
80,50,NA,"RG430",1.4,0.2,"ウワミズザクラ",NA,10.3,"RG429同株","",20081112,20130926,"RG","","青604",430,NA,NA,0,0,-1,-1,0,0
80,50,160.1,"RG431",5.6,5.6,"アオダモ",10.2,12.5,"","",20081112,20130926,"RG","D","RD345　WG521",431,NA,NA,0,0,-1,-1,0,0
80,50,160,"RG432",8.4,9.6,"ノリウツギ",24.4,29,"","",20081112,20130926,"RG","D","WG517 RD776",432,NA,NA,0,0,0,0,0,0
80,50,155.1,"RG437",9.8,0.2,"サワグルミ",15.6,21.2,"","",20081112,20130926,"RG","D","RD344　WG518",437,NA,NA,0,0,-1,1,0,0
10,60,197,"RG375",8.4,9.7,"ホオノキ",143.5,145.5,"","",20081112,20130926,"RG","D","RD789",375,NA,NA,0,0,0,0,0,0
10,60,198,"RG375",8,9.5,"ホオノキ",42.5,51.1,"","",20081112,20130926,"RG","D","",376,NA,NA,0,0,0,0,0,0
10,60,199,"RG375",8.1,9.4,"ホオノキ",14.9,16.8,"","",20081112,20130926,"RG","D","",377,NA,NA,0,0,-1,1,0,0
10,60,200,"RG375",8,9.3,"ホオノキ",18.6,19.3,"","",20081112,20130926,"RG","D","",378,NA,NA,0,0,0,0,0,0
10,60,197.2,"RG375",8.3,9.6,"ホオノキ",17.3,17.8,"","",20081112,20130926,"RG","D","RD351　WG533",379,NA,NA,0,0,0,0,0,0
10,60,475.3,"RG375",7.9,9.6,"ホオノキ",16.1,17.7,"","",20081112,20130926,"RG","C","RD293 WG534",380,NA,NA,0,0,0,0,0,0
10,60,477,"RG375",8.4,10,"ホオノキ",24.5,NA,"","→立枯れ",20081112,20130926,"","C","",NA,NA,NA,0,1,0,0,0,0
10,60,197.1,"RG375",7.9,9.7,"ホオノキ",16,NA,"","→不明",20081112,20130926,"","D","RD293　WG534",NA,NA,NA,0,1,0,0,0,0
10,60,197.3,"RG375",8.8,9.2,"ホオノキ",11.1,NA,"","→不明",20081112,20130926,"","D","RD295　WG536",NA,NA,NA,0,1,-1,-1,0,0
10,60,197.4,"RG375",8.9,9.4,"ホオノキ",16.4,NA,"","→不明",20081112,20130926,"","D","RD294　WG535",NA,NA,NA,0,1,0,0,0,0
10,60,475,"RG381",8.8,9.8,"ホオノキ",177.3,181.7,"","",20081112,20130926,"RG","C","",381,NA,NA,0,0,0,0,0,0
10,60,476,"RG381",8.4,10,"ホオノキ",28.7,31,"","",20081112,20130926,"RG","C","",382,NA,NA,0,0,0,0,0,0
10,60,475.2,"RG381",8.9,9.5,"ホオノキ",16.4,20.3,"","",20081112,20130926,"RG","C","RD294 WG535",383,NA,NA,0,0,0,0,0,0
10,60,475.1,"RG381",8.7,9.2,"ホオノキ",10.9,11,"","",20081112,20130926,"RG","C","RD295 WG536",384,NA,NA,0,0,-1,-1,0,0
10,60,202,"RG386",10,6.8,"ヒバ",NA,59.5,"","→枝1本のみ",20081112,20130926,"RG","D","",386,NA,NA,0,0,0,0,1,0
10,60,210,"RG387",5.4,0.2,"サワグルミ",136.5,138.9,"","",20081112,20130926,"RG","D","",387,NA,NA,0,0,0,0,0,0
20,60,203,"RG388",0,3.1,"ヒバ",132.1,131.4,"","",20081112,20130926,"RG","D","",388,NA,NA,0,0,0,0,0,0
30,60,196,"RG396",1.3,8.9,"サワグルミ",116,122.9,"","",20081112,20130926,"RG","D","",396,NA,NA,0,0,0,0,0,0
30,60,NA,"RG396",1,9,"サワグルミ",NA,12.9,"","",20081112,20130926,"RG","","",397,NA,NA,0,0,-1,-1,0,0
30,60,192,"D192",5.1,7,"ブナ",NA,NA,"立ち枯れ","",20081112,20130926,"","D","",NA,NA,NA,1,2,-1,-1,0,0
40,60,184,"RG398",0.8,3.3,"サワグルミ",181.7,186.9,"","",20081112,20130926,"RG","D","",398,NA,NA,0,0,0,0,0,0
40,60,187,"RG398",0.5,2.5,"サワグルミ",77.8,85.4,"","",20081112,20130926,"RG","D","",399,NA,NA,0,0,0,0,0,0
40,60,185,"RG398",0.5,2.8,"サワグルミ",NA,NA,"立ち枯れ","",20081112,20130926,"","D","",NA,NA,NA,1,2,-1,-1,0,0
40,60,186,"RG398",0.4,2.8,"サワグルミ",NA,NA,"立ち枯れ","",20081112,20130926,"","D","",NA,NA,NA,1,2,-1,-1,0,0
40,60,189,"RG398",1.2,2.7,"サワグルミ",NA,NA,"立ち枯れ","",20081112,20130926,"","D","",NA,NA,NA,1,2,-1,-1,0,0
40,60,188,"RG400",0.8,1.9,"シウリザクラ",73.4,73.3,"","",20081112,20130926,"RG","D","",400,NA,NA,0,0,0,0,0,0
40,60,182,"RG401",6.8,8.2,"シウリザクラ",93.8,94.1,"","",20081112,20130926,"RG","D","",401,NA,NA,0,0,0,0,0,0
40,60,180,"RG403",7.4,4.2,"トチノキ",172.7,179.9,"","",20081112,20130926,"RG","D","",403,NA,NA,0,0,0,0,0,0
50,60,178,"D178",1.4,3.2,"トチノキ",138.4,141.6,"","",20081112,20130926,"RG","D","",404,NA,NA,0,0,0,0,0,0
60,60,170,"RG410",0.6,6.9,"トチノキ",173.3,181.7,"","",20081112,20130926,"RG","D","",410,NA,NA,0,0,0,0,0,0
60,60,169.1,"RG411",1.5,9.5,"ヒバ",9.5,11,"","",20081112,20130926,"RG","D","青1159",411,NA,NA,0,0,-1,-1,0,0
60,60,170.1,"Rg412",3,2.5,"ツリバナ",9.2,10,"","→下敷き倒伏",20081112,20130926,"RG","D","青1174",412,NA,NA,0,0,-1,-1,0,0
60,60,167.2,"RG414",9.6,2.7,"ツリバナ",8.9,10.3,"","",20081112,20130926,"RG","D","青1175",414,NA,NA,0,0,-1,-1,0,0
60,60,168.1,"RG415",9.8,8.6,"シウリザクラ",10.1,9.6,"","",20081112,20130926,"RG","D","青1165",415,NA,NA,0,0,-1,-1,0,0
60,60,168,"D168",9.2,6.5,"ヒバ",30.4,NA,"","→根返り枯れ",20081112,20130926,"","D","",NA,NA,NA,0,1,0,0,0,0
70,60,NA,"RG413",0.5,4.3,"ヒバ",NA,10.5,"","",20081112,20130926,"RG","","青1178",413,NA,NA,0,0,-1,-1,0,0
70,60,164.2,"RG420",5.9,2.9,"ウワミズザクラ",8.9,11.1,"倒伏","",20081112,20130926,"RG","D","青1183",420,NA,NA,0,0,-1,-1,0,0
70,60,165,"RG421",8.4,5.8,"サワグルミ",125.6,126.9,"","",20081112,20130926,"RG","D","",421,NA,NA,0,0,0,0,0,0
70,60,165.3,"RG422",9.7,6.7,"ツリバナ",9.7,10.5,"","→土石流皮むけ",20081112,20130926,"RG","D","青1188",422,NA,NA,0,0,-1,-1,0,0
70,60,165.2,"RG423",9.9,5.9,"ツリバナ",8.2,9.5,"","→土石流皮むけ",20081112,20130926,"RG","D","青1187　PE897",423,NA,NA,0,0,-1,-1,0,0
70,60,164,"D164",6,4.4,"アカイタヤ",NA,NA,"立ち枯れ","",20081112,20130926,"","D","",NA,NA,NA,1,2,-1,-1,0,0
70,60,164.1,"D164.1",6.9,4.4,"アオダモ",18.1,NA,"倒伏","→不明",20081112,20130926,"","D","RD349　WG526",NA,NA,NA,0,1,0,0,0,0
80,60,165.1,"RG424",1.1,5.6,"アオダモ",11,14.5,"","→土石流皮むけアーチ",20081112,20130926,"RG","D","RD347　WG525",424,NA,NA,0,0,-1,-1,0,0
80,60,163.1,"RG425",0.1,1.3,"アオダモ",11.9,14.2,"","",20081112,20130926,"RG","D","RD348　WG524",425,NA,NA,0,0,-1,-1,0,0
80,60,157.1,"RG434",7.6,3.7,"ツリバナ",10.5,13.3,"","",20081112,20130926,"RG","D","青1271",434,NA,NA,0,0,-1,-1,0,0
80,60,157.2,"RG435",8.3,3.2,"ツリバナ",9,10.5,"","",20081112,20130926,"RG","D","青1272",435,NA,NA,0,0,-1,-1,0,0
80,60,157,"RG436",5.9,8.1,"トチノキ",157.1,164.2,"","",20081112,20130926,"RG","D","",436,NA,NA,0,0,0,0,0,0
80,60,156,"D156",8.2,8,"アオダモ",19.3,NA,"","→不明",20081112,20130926,"","D","WG514",NA,NA,NA,0,1,0,0,0,0
80,60,163,"D163",0.8,0.8,"アカイタヤ",74.9,NA,"","→根元折れ枯れ",20081112,20130926,"","D","",NA,NA,NA,0,1,0,0,0,0
10,70,488,"RG291",2,9.8,"ヒバ",28.7,28.7,"","",20081112,20130926,"RG","C","",291,NA,NA,0,0,0,0,0,0
10,70,479.5,"RG297",6.8,5.8,"ヒバ",11.5,12.8,"","",20081112,20130926,"RG","C","RD292",297,NA,NA,0,0,-1,-1,0,0
10,70,NA,"RG381",8.8,0.1,"ホオノキ",NA,10.7,"","",20081112,20130926,"RG","","青616",385,NA,NA,0,0,-1,-1,0,0
10,70,479,"C479",4.7,8.8,"ヒバ",NA,NA,"根元折れ枯れ","",20081112,20130926,"","C","",NA,NA,NA,1,2,-1,-1,0,0
20,70,465,"RG306",6.6,5.7,"ブナ",194.2,203.8,"","",20081112,20130926,"RG","C","",306,NA,NA,0,0,0,0,0,0
30,70,461.1,"RG327",5.9,9.1,"トチノキ",11.6,12.4,"","",20081112,20130926,"RG","C","F410　 青95　RA744",327,NA,NA,0,0,-1,-1,0,0
40,70,462,"RG326",0.8,8.9,"シウリザクラ",86.6,88.3,"","",20081112,20130926,"RG","C","",326,NA,NA,0,0,0,0,0,0
40,70,463,"RG328",1.6,5.4,"トチノキ",209.8,213.5,"","",20081112,20130926,"RG","C","",328,NA,NA,0,0,0,0,0,0
50,70,434,"RG335",4.4,8.3,"ブナ",18.7,18.7,"","",20081112,20130926,"RG","C","WG461",335,NA,NA,0,0,0,0,0,0
50,70,433,"RG336",2.3,6.1,"シウリザクラ",80,80.4,"","",20081112,20130926,"RG","C","",336,NA,NA,0,0,0,0,0,0
50,70,432,"RG337",3.9,5.8,"ホオノキ",114.8,116.3,"","",20081112,20130926,"RG","C","",337,NA,NA,0,0,0,0,0,0
50,70,431,"RG338",9.7,6.8,"ホオノキ",157.9,164,"","",20081112,20130926,"RG","C","",338,NA,NA,0,0,0,0,0,0
50,70,430,"RG339",5.1,2.1,"ヒバ",91.3,92.1,"","",20081112,20130926,"RG","C","",339,NA,NA,0,0,0,0,0,0
50,70,429,"RG340",9.7,3.4,"ヒバ",127.7,129.6,"","",20081112,20130926,"RG","C","",340,NA,NA,0,0,0,0,0,0
50,70,181,"RG402",1.6,0.4,"トチノキ",145.1,154.5,"","",20081112,20130926,"RG","D","RF999",402,NA,NA,0,0,0,0,0,0
60,70,426,"RG349",0.7,6.9,"ヒバ",78.5,78.9,"","",20081112,20130926,"RG","C","",349,NA,NA,0,0,0,0,0,0
60,70,427,"RG350",2.8,6.4,"ミズキ",38.4,41.8,"","",20081112,20130926,"RG","C","",350,NA,NA,0,0,0,0,0,0
60,70,407,"RG351",5.5,0.2,"ヒバ",127.3,129.1,"","",20081112,20130926,"RG","C","",351,NA,NA,0,0,0,0,0,0
60,70,406,"RG352",7.7,0.8,"シウリザクラ",68,68,"","",20081112,20130926,"RG","C","",352,NA,NA,0,0,0,0,0,0
60,70,408.5,"RG353",9.2,8.3,"ウワミズザクラ",17.9,NA,"","→土石流で流され18.5",20081112,20130926,"RG","C","RD300　WG455",353,NA,NA,0,1,0,0,0,0
60,70,406.1,"C406.1",6.7,0.1,"ヒバ",NA,NA,"立ち枯れ","",20081112,20130926,"","C","RD301　WG457",NA,NA,NA,1,2,-1,-1,0,0
60,70,428,"C428",0.2,3.5,"ヒバ",NA,NA,"立ち枯れ","",20081112,20130926,"","C","",NA,NA,NA,1,2,-1,-1,0,0
70,70,409,"RG354",2.3,9,"サワグルミ",19,NA,"","→根元くの字→土石流で流され20.6",20081112,20130926,"RG","C","",354,NA,NA,0,1,0,0,0,0
70,70,NA,"RG368",9.2,9.5,"ウワミズザクラ",NA,9.7,"","",20081112,20130926,"RG","","青1158",368,NA,NA,0,0,-1,-1,0,0
70,70,NA,"RG369",9.5,8.5,"ウワミズザクラ",NA,12.7,"","",20081112,20130926,"RG","","PE890",369,NA,NA,0,0,-1,-1,0,0
70,70,405.3,"RG374",10,0.6,"ウワミズザクラ",8.6,12.5,"","",20081112,20130926,"RG","C","PE898",374,NA,NA,0,0,-1,-1,0,0
70,70,406.2,"C406.2",3.7,0.4,"ツリバナ",12.5,NA,"","→下敷き枯れ",20081112,20130926,"","C","青1154",NA,NA,NA,0,1,-1,-1,0,0
70,70,410,"C410",2.7,8.7,"サワグルミ",NA,NA,"立ち枯れ","",20081112,20130926,"","C","",NA,NA,NA,1,2,-1,-1,0,0
70,70,410.5,"C410",2.8,8.2,"サワグルミ",14.5,NA,"","→立枯れ",20081112,20130926,"","C","RD299　WG456",NA,NA,NA,0,1,-1,-1,0,0
80,70,404,"RG367",0.3,9.6,"ミズナラ",176.9,182.8,"","",20081112,20130926,"RG","C","",367,NA,NA,0,0,0,0,0,0
80,70,405.2,"RG370",5,8.8,"ウワミズザクラ",11.4,16.5,"","",20081112,20130926,"RG","C","青1540",370,NA,NA,0,0,-1,1,0,0
80,70,405.1,"RG371",3.3,8.8,"ハリギリ",14.1,14.1,"","→根元くの字倒伏",20081112,20130926,"RG","C","RD303　WG453",371,NA,NA,0,0,-1,-1,0,0
80,70,391.6,"RG373",5.6,2,"ツリバナ",11.8,NA,"","→崩壊行方不明",20081112,20130926,"RG","C","青1526 RA833",373,NA,NA,0,1,-1,-1,0,0
80,70,391.7,"C391.7",7,8.2,"アカイタヤ",88.7,NA,"","→立枯れ",20081112,20130926,"","C","RD309　YG120 RD815",NA,NA,NA,0,1,0,0,0,0
10,80,485,"RG288",0.9,3.4,"ヒバ",91.5,92.8,"","",20081112,20130926,"RG","C","",288,NA,NA,0,0,0,0,0,0
10,80,487,"RG289",1.5,0.5,"ヒバ",124.9,127.8,"","",20081112,20130926,"RG","C","WG467",289,NA,NA,0,0,0,0,0,0
10,80,486,"RG290",2.3,2.6,"ヒバ",101.3,102.7,"","",20081112,20130926,"RG","C","",290,NA,NA,0,0,0,0,0,0
10,80,482,"RG292",4.4,5.1,"ヒバ",94.6,95.5,"","",20081112,20130926,"RG","C","",292,NA,NA,0,0,0,0,0,0
10,80,481.5,"RG293",5.4,3.9,"ヒバ",10.9,11.9,"","",20081112,20130926,"RG","C","RD291　WG466",293,NA,NA,0,0,-1,-1,0,0
10,80,481,"RG294",6,4,"スギ",189.5,189,"","",20081112,20130926,"RG","C","WG465",294,NA,NA,0,0,0,0,0,0
10,80,483,"RG295",7.4,9,"ブナ",42.3,42.7,"","",20081112,20130926,"RG","C","",295,NA,NA,0,0,0,0,0,0
10,80,478,"RG296",7.9,0.2,"トチノキ",187.8,188.3,"","",20081112,20130926,"RG","C","",296,NA,NA,0,0,0,0,0,0
10,80,480,"C480",5,3.2,"スギ",NA,NA,"立ち枯れ","",20081112,20130926,"","C","",NA,NA,NA,1,2,-1,-1,0,0
20,80,474,"RG298",4.3,4.6,"トチノキ",169.1,174.4,"","",20081112,20130926,"RG","C","",298,NA,NA,0,0,0,0,0,0
20,80,470,"RG300",9.5,9.5,"ヒバ",49,49.3,"","ほとんど根返り",20081112,20130926,"RG","C","",300,NA,NA,0,0,0,0,0,0
20,80,NA,"RG301",8.4,7.4,"スギ",NA,8.6,"","",20081112,20130926,"RG","","青766",301,NA,NA,0,0,-1,-1,0,0
20,80,469,"RG302",8.9,6.1,"ハウチワカエデ",42.8,43.3,"","",20081112,20130926,"RG","C","",302,NA,NA,0,0,0,0,0,0
20,80,469.1,"RG303",6.8,5.8,"ヒバ",12.4,14.2,"","",20081112,20130926,"RG","C","RD296",303,NA,NA,0,0,-1,-1,0,0
20,80,467,"RG304",5.5,1.5,"ヒバ",44.7,47.4,"","",20081112,20130926,"RG","C","",304,NA,NA,0,0,0,0,0,0
20,80,467.1,"RG305",6.7,0.2,"ヒバ",11.7,12.3,"","",20081112,20130926,"RG","C","青763",305,NA,NA,0,0,-1,-1,0,0
30,80,471,"RG307",4.6,9.5,"ヒバ",114.4,115.3,"","",20081112,20130926,"RG","C","",307,NA,NA,0,0,0,0,0,0
30,80,556.3,"B556.3",6.4,6.1,"クサギ",10.3,NA,"","→不明",20081112,20130926,"","B","青62",NA,NA,NA,0,1,-1,-1,0,0
40,80,451,"RG310",1.5,5.9,"スギ",111.2,111.5,"","",20081112,20130926,"RG","C","",310,NA,NA,0,0,0,0,0,0
40,80,448,"RG311",2.3,7,"スギ",276.9,280.3,"","",20081112,20130926,"RG","C","",311,NA,NA,0,0,0,0,0,0
40,80,449,"RG312",4.2,9.4,"スギ",371.9,375.5,"","",20081112,20130926,"RG","C","",312,NA,NA,0,0,0,0,0,0
40,80,457,"RG321",7.3,4.8,"スギ",72.6,72.8,"","",20081112,20130926,"RG","C","WG464",321,NA,NA,0,0,0,0,0,0
40,80,458,"RG322",4.7,2.9,"スギ",67.6,68.3,"","",20081112,20130926,"RG","C","WG463",322,NA,NA,0,0,0,0,0,0
40,80,459,"RG323",1.7,1.1,"スギ",23.1,23.1,"","",20081112,20130926,"RG","C","WG462",323,NA,NA,0,0,0,0,0,0
40,80,460,"RG324",1,0.8,"スギ",23.4,23.2,"裂け進行測定位置変更2.6m","",20081112,20130926,"RG","C","RD814",324,NA,NA,0,0,0,0,0,0
40,80,461,"RG325",0.8,1,"スギ",66.6,67.3,"","",20081112,20130926,"RG","C","",325,NA,NA,0,0,0,0,0,0
50,80,441,"RG318",2.7,9.8,"アカイタヤ",92.4,93,"","",20081112,20130926,"RG","C","",318,NA,NA,0,0,0,0,0,0
50,80,440,"RG319",2.3,8.7,"ブナ",83.2,84.2,"","",20081112,20130926,"RG","C","",319,NA,NA,0,0,0,0,0,0
50,80,439,"RG320",1.5,6.2,"アカイタヤ",130,134.2,"","",20081112,20130926,"RG","C","",320,NA,NA,0,0,0,0,0,0
50,80,438,"RG329",2.6,3.8,"トチノキ",90,92,"","",20081112,20130926,"RG","C","",329,NA,NA,0,0,0,0,0,0
50,80,437,"RG330",4.4,2.2,"サワグルミ",175.4,179.5,"","",20081112,20130926,"RG","C","",330,NA,NA,0,0,0,0,0,0
50,80,436,"RG333",8.7,3.6,"ヒバ",152.1,153.4,"","",20081112,20130926,"RG","C","",333,NA,NA,0,0,0,0,0,0
50,80,435,"RG334",6.6,0,"ヒバ",44.3,43.9,"","",20081112,20130926,"RG","C","",334,NA,NA,0,0,0,0,0,0
50,80,423,"C423",9.6,4.3,"ヒバ",NA,NA,"立ち枯れ","",20081112,20130926,"","C","",NA,NA,NA,1,2,-1,-1,0,0
60,80,425,"RG348",5.5,1.8,"ヒバ",141.6,143.7,"","",20081112,20130926,"RG","C","",348,NA,NA,0,0,0,0,0,0
70,80,411,"RG356",3.6,5.3,"ヒバ",41,41.2,"","",20081112,20130926,"RG","C","",355,NA,NA,0,0,0,0,0,0
70,80,412,"RG356",3.7,5.6,"ヒバ",90.8,91.3,"","",20081112,20130926,"RG","C","",356,NA,NA,0,0,0,0,0,0
70,80,396,"RG357",7.6,6.9,"ヒバ",98.6,98.8,"","",20081112,20130926,"RG","C","",357,NA,NA,0,0,0,0,0,0
70,80,395,"RG358",8.2,8.2,"ヒバ",116.4,116.1,"","",20081112,20130926,"RG","C","",358,NA,NA,0,0,0,0,0,0
70,80,403,"RG366",9.9,0.8,"サワグルミ",137.8,138.6,"","",20081112,20130926,"RG","C","",366,NA,NA,0,0,0,0,0,0
70,80,401,"C401",9.4,4.8,"ヒバ",15.7,NA,"","→不明",20081112,20130926,"","C","",NA,NA,NA,0,1,0,0,0,0
70,80,402.5,"C402.5",9.2,3.6,"ヒバ",8.4,NA,"","細い",20081112,20130926,"","C","RD302　WG454",NA,NA,NA,0,0,-1,-1,0,1
80,80,394,"RG359",0.2,9.4,"ヒバ",131.8,132.7,"","",20081112,20130926,"RG","C","",359,NA,NA,0,0,0,0,0,0
80,80,398,"RG360",2.5,6.7,"ヒバ",118.2,119.7,"","",20081112,20130926,"RG","C","",360,NA,NA,0,0,0,0,0,0
80,80,386,"RG362",9.8,4.2,"ヒバ",54.5,57,"","",20081112,20130926,"RG","C","",362,NA,NA,0,0,0,0,0,0
80,80,400,"RG363",3.1,2.6,"アカイタヤ",256.2,260.5,"","",20081112,20130926,"RG","C","",363,NA,NA,0,0,0,0,0,0
80,80,405,"RG364",3.1,1.2,"アカイタヤ",184.3,193.2,"ツル含み","→幹裂け",20081112,20130926,"RG","C","RF1000",364,NA,NA,0,0,0,0,0,0
80,80,402,"RG365",0.5,1.9,"ヒバ",48.7,51.1,"","",20081112,20130926,"RG","C","",365,NA,NA,0,0,0,0,0,0
80,80,388,"RG372",9.4,1.3,"トチノキ",32.9,NA,"","→崩壊行方不明",20081112,20130926,"RG","C","",372,NA,NA,0,1,0,0,0,0
80,80,397,"C397",2.9,7.2,"ヒバ",56,NA,"裂け目あり","→幹折れ枯れ",20081112,20130926,"","C","",NA,NA,NA,0,1,0,0,0,0
80,80,399,"C399",0.9,6.1,"ヒバ",NA,NA,"根元裂け枯れ","",20081112,20130926,"","C","",NA,NA,NA,1,2,-1,-1,0,0
10,90,662,"RG179",6.1,7.5,"ブナ",163.1,171.6,"","",20081112,20130926,"RG","B","",179,NA,NA,0,0,0,0,0,0
10,90,661,"RG180",9,9.9,"トチノキ",240.7,242.3,"","",20081112,20130926,"RG","B","RF994",180,NA,NA,0,0,0,0,0,0
10,90,484,"RG287",4.1,4,"アカイタヤ",184.8,186.1,"","",20081112,20130926,"RG","C","",287,NA,NA,0,0,0,0,0,0
20,90,619,"RG181",3.1,8.5,"ブナ",176.7,184.9,"","",20081112,20130926,"RG","B","",181,NA,NA,0,0,0,0,0,0
20,90,616,"RG182",7.6,8.7,"スギ",196.3,202.6,"","",20081112,20130926,"RG","B","WG421 ",182,NA,NA,0,0,0,0,0,0
20,90,473,"RG299",7.7,1.3,"ヒバ",149.6,150,"","",20081112,20130926,"RG","C","",299,NA,NA,0,0,0,0,0,0
20,90,618,"B618",5.7,8.3,"スギ",NA,NA,"立ち枯れ","",20081112,20130926,"","B","",NA,NA,NA,1,2,-1,-1,0,0
20,90,473.1,"C473.1",3,4.8,"ヒバ",11.6,NA,"","細い",20081112,20130926,"","C","青878",NA,NA,NA,0,0,-1,-1,0,1
30,90,615,"RG183",0.8,9,"ミズナラ",234.7,240.6,"","",20081112,20130926,"RG","B","",183,NA,NA,0,0,0,0,0,0
30,90,613,"RG226",8.1,5.5,"ヒバ",74.4,74.3,"円周の1/3材ハゲ","→4mくの字寄りかかり",20081112,20130926,"RG","B","",226,NA,NA,0,0,0,0,0,0
30,90,446,"RG308",6.8,3.3,"トチノキ",142.4,144.4,"","",20081112,20130926,"RG","C","",308,NA,NA,0,0,0,0,0,0
30,90,447,"RG309",7.2,1.6,"ヒバ",79.9,80.3,"","",20081112,20130926,"RG","C","",309,NA,NA,0,0,0,0,0,0
40,90,556.1,"RG227",9.5,8.6,"トチノキ",10.3,12.1,"","",20081112,20130926,"RG","B","青64",227,NA,NA,0,0,-1,-1,0,0
40,90,556.2,"RG229",9.9,9,"スギ",13.2,12.7,"","",20081112,20130926,"RG","B","青63",229,NA,NA,0,0,-1,-1,0,0
40,90,443,"RG313",8.9,1.4,"ヒバ",68.7,69.4,"","",20081112,20130926,"RG","C","",313,NA,NA,0,0,0,0,0,0
40,90,445,"RG314",8.9,4.9,"トチノキ",127.8,129.2,"","",20081112,20130926,"RG","C","",314,NA,NA,0,0,0,0,0,0
40,90,444,"RG315",9.7,4.9,"ヒバ",88.9,91.3,"","",20081112,20130926,"RG","C","",315,NA,NA,0,0,0,0,0,0
50,90,556,"RG228",1.3,7.6,"サワグルミ",143.3,146.3,"","",20081112,20130926,"RG","B","",228,NA,NA,0,0,0,0,0,0
50,90,555,"RG230",4.6,9.1,"サワグルミ",134.8,137.2,"","",20081112,20130926,"RG","B","",230,NA,NA,0,0,0,0,0,0
50,90,552.1,"RG235",7.6,9.4,"ヒバ",14.7,16,"","",20081112,20130926,"RG","B","RD265,青71",235,NA,NA,0,0,-1,1,0,0
50,90,441.5,"RG316",2.9,3.9,"ヒバ",81.6,82.5,"","",20081112,20130926,"RG","C","RD297",316,NA,NA,0,0,0,0,0,0
50,90,NA,"RG317",5.8,5.8,"ヒバ",NA,10.9,"","RG230の下",20081112,20130926,"RG","","青69",317,NA,NA,0,0,-1,-1,0,0
50,90,421,"RG331",9.6,0.4,"ホオノキ",82.2,82.8,"","",20081112,20130926,"RG","C","",331,NA,NA,0,0,0,0,0,0
50,90,419,"RG332",9.6,1.1,"ヒバ",24.9,25,"","",20081112,20130926,"RG","C","WG460",332,NA,NA,0,0,0,0,0,0
60,90,550,"RG270",4,9.2,"トチノキ",31.7,33.5,"","",20081112,20130926,"RG","B","",270,NA,NA,0,0,0,0,0,0
60,90,551,"RG271",2.4,5.1,"ブナ",97.2,98.1,"","",20081112,20130926,"RG","B","",271,NA,NA,0,0,0,0,0,0
60,90,417,"RG341",2,3,"ホオノキ",168.7,173.9,"","",20081112,20130926,"RG","C","",341,NA,NA,0,0,0,0,0,0
60,90,417.5,"RG341",1.7,3.3,"ホオノキ",23.2,24,"","RG341萌芽",20081112,20130926,"RG","C","RD298　WG459",342,NA,NA,0,0,0,0,0,0
60,90,418,"RG341",1.6,2.7,"ホオノキ",33.2,34.4,"","RG341萌芽",20081112,20130926,"RG","C","",343,NA,NA,0,0,0,0,0,0
60,90,NA,"RG341",1.9,2.4,"ホオノキ",NA,14.5,"","RG341萌芽",20081112,20130926,"RG","","",344,NA,NA,0,0,-1,-1,0,0
60,90,422,"RG345",2.4,0.9,"ヒバ",38.8,39.5,"","",20081112,20130926,"RG","C","",345,NA,NA,0,0,0,0,0,0
60,90,416,"RG346",7.1,3.3,"ヒバ",112.1,112.8,"","",20081112,20130926,"RG","C","",346,NA,NA,0,0,0,0,0,0
60,90,415,"RG347",9.9,1.1,"ブナ",269.6,274.4,"","",20081112,20130926,"RG","C","",347,NA,NA,0,0,0,0,0,0
70,90,498,"RG272",8.3,9.2,"ヒバ",128.1,129.5,"","",20081112,20130926,"RG","B","",272,NA,NA,0,0,0,0,0,0
70,90,499,"B499",9.6,7.8,"ヒバ",NA,NA,"立ち枯れ","",20081112,20130926,"","B","RD267　WG438 ",NA,NA,NA,1,2,-1,-1,0,0
80,90,499.5,"RG283",0.4,8.6,"ヒバ",9.8,10,"","",20081112,20130926,"RG","B","RD268",283,NA,NA,0,0,-1,-1,0,0
80,90,392,"RG361",7.4,2.6,"トチノキ",208,214.9,"","",20081112,20130926,"RG","C","WG439",361,NA,NA,0,0,0,0,0,0
10,100,657,"RG177",6.2,8,"ミズナラ",274.7,276.8,"","",20081112,20130926,"RG","B","",177,NA,NA,0,0,0,0,0,0
10,100,659,"RG178",7.3,3.3,"ヒバ",62.9,65.1,"","",20081112,20130926,"RG","B","",178,NA,NA,0,0,0,0,0,0
10,100,663.5,"YB 99",1,0.5,"ヒバ",12.1,13.2,"","",20081112,20130926,"YB","B","RD263",99,NA,NA,0,0,-1,-1,0,0
10,100,660,"B660",8.5,3.4,"ヒバ",NA,NA,"幹裂け1m枯れ","",20081112,20130926,"","B","",NA,NA,NA,1,2,-1,-1,0,0
20,100,629,"RG171",8.6,9.3,"ヒバ",80.5,80.4,"","",20081112,20130926,"RG","B","",171,NA,NA,0,0,0,0,0,0
20,100,628,"RG172",8.6,9.1,"ヒバ",40.1,40.1,"","",20081112,20130926,"RG","B","",172,NA,NA,0,0,0,0,0,0
20,100,627,"RG173",8.4,8.2,"スギ",229.4,233,"","",20081112,20130926,"RG","B","RF996",173,NA,NA,0,0,0,0,0,0
30,100,624,"RG184",0.7,2.7,"ミズナラ",140.4,144,"","",20081112,20130926,"RG","B","",184,NA,NA,0,0,0,0,0,0
30,100,623,"RG185",1.5,3.2,"ヒバ",82.8,82.4,"先折れ　枯枝多い","",20081112,20130926,"RG","B","",185,NA,NA,0,0,0,0,0,0
30,100,620,"RG186",4,2.1,"ヒバ",32.7,32.9,"","",20081112,20130926,"RG","B","Rf995",186,NA,NA,0,0,0,0,0,0
30,100,621,"RG187",4.1,3.6,"スギ",135.4,137.2,"","",20081112,20130926,"RG","B","",187,NA,NA,0,0,0,0,0,0
30,100,625,"RG188",3.7,6.7,"ヒバ",65.8,67.2,"","",20081112,20130926,"RG","B","",188,NA,NA,0,0,0,0,0,0
30,100,606,"RG200",7.8,8.7,"ヒバ",50,50.6,"","",20081112,20130926,"RG","B","WG423",200,NA,NA,0,0,0,0,0,0
30,100,611,"RG224",7,2.5,"スギ",193.5,194.4,"","",20081112,20130926,"RG","B","WG422",224,NA,NA,0,0,0,0,0,0
30,100,610,"RG225",5.5,3.2,"ヒバ",61.5,63.1,"","",20081112,20130926,"RG","B","",225,NA,NA,0,0,0,0,0,0
40,100,609,"RG201",0.2,8.1,"ブナ",222.6,229.9,"","",20081112,20130926,"RG","B","",201,NA,NA,0,0,0,0,0,0
40,100,574,"RG202",3,9.4,"アカイタヤ",29.6,30.1,"","",20081112,20130926,"RG","B","",202,NA,NA,0,0,0,0,0,0
40,100,573,"RG203",3.4,9.5,"ホオノキ",37.9,39.2,"","",20081112,20130926,"RG","B","",203,NA,NA,0,0,0,0,0,0
40,100,575,"RG204",3.4,8.2,"アカイタヤカレ",175,175.9,"","",20081112,20130926,"RG","B","",204,NA,NA,0,0,0,0,0,0
40,100,572,"RG205",4,9.6,"オオバボダイジュ",29.8,30,"","",20081112,20130926,"RG","B","",205,NA,NA,0,0,0,0,0,0
40,100,566,"RG221",9.4,5.6,"トチノキ",78.2,83,"","",20081112,20130926,"RG","B","",221,NA,NA,0,0,0,0,0,0
40,100,570,"RG222",4.6,3.3,"オオバボダイジュ",100.5,100.4,"上半分枯れ","",20081112,20130926,"RG","B","",222,NA,NA,0,0,0,0,0,0
40,100,568,"RG223",5.1,1,"スギ",99.5,103.2,"","",20081112,20130926,"RG","B","",223,NA,NA,0,0,0,0,0,0
40,100,571,"B571",3.7,6.7,"オオバボダイジュ",62.5,NA,"","→幹折れ枯れ",20081112,20130926,"","B","",NA,NA,NA,0,1,0,0,0,0
50,100,562,"RG219",5.1,9.4,"ブナ",98.8,103.6,"","",20081112,20130926,"RG","B","",219,NA,NA,0,0,0,0,0,0
50,100,564,"RG220",1.6,8.9,"トチノキ",94.9,98.3,"","",20081112,20130926,"RG","B","",220,NA,NA,0,0,0,0,0,0
50,100,554,"RG231",5.1,2.3,"トチノキ",49.8,53.6,"","",20081112,20130926,"RG","B","",231,NA,NA,0,0,0,0,0,0
50,100,553,"RG232",5.4,3.2,"トチノキ",71.1,72.8,"","",20081112,20130926,"RG","B","",232,NA,NA,0,0,0,0,0,0
50,100,560,"RG233",7.3,7.4,"ブナ",112.6,114.1,"","",20081112,20130926,"RG","B","",233,NA,NA,0,0,0,0,0,0
50,100,561,"RG234",8.9,8.8,"トチノキ",65.2,65.2,"上半分枯れ下枝のみ","",20081112,20130926,"RG","B","",234,NA,NA,0,0,0,0,0,0
50,100,552,"B552",9.3,1.6,"ブナ",NA,NA,"立ち枯れ","",20081112,20130926,"","B","",NA,NA,NA,1,2,-1,-1,0,0
60,100,538,"RG238",2.1,10,"ミズキ",20.6,20.9,"","",20081112,20130926,"RG","B","WG435",240,NA,NA,0,0,0,0,0,0
60,100,539,"RG241",2.3,9.8,"サワグルミ",80.3,80,"","",20081112,20130926,"RG","B","",241,NA,NA,0,0,0,0,0,0
60,100,540,"RG242",1,9.2,"トチノキ",107.5,111.8,"","",20081112,20130926,"RG","B","",242,NA,NA,0,0,0,0,0,0
60,100,542,"RG243",0.7,6.7,"トチノキ",144.3,148.7,"","",20081112,20130926,"RG","B","",243,NA,NA,0,0,0,0,0,0
60,100,547,"RG244",1.1,5.1,"サワグルミ",57.7,57.8,"","",20081112,20130926,"RG","B","",244,NA,NA,0,0,0,0,0,0
60,100,548,"RG245",2.1,0.3,"オオバボダイジュ",97.2,97.6,"","",20081112,20130926,"RG","B","",245,NA,NA,0,0,0,0,0,0
60,100,514,"RG246",5.5,3.5,"コハウチワカエデ",53.6,53.8,"","",20081112,20130926,"RG","B","",246,NA,NA,0,0,0,0,0,0
60,100,515,"RG247",8.3,7,"ヒバ",199.6,202,"","",20081112,20130926,"RG","B","",247,NA,NA,0,0,0,0,0,0
70,100,509,"RG262",5.4,9.7,"ヒバ",52.5,53.4,"","",20081112,20130926,"RG","B","",262,NA,NA,0,0,0,0,0,0
70,100,506,"RG263",5.7,6.2,"ヒバ",141.9,141,"","",20081112,20130926,"RG","B","",263,NA,NA,0,0,0,0,0,0
70,100,507,"RG264",5.6,5.1,"ホオノキ",68.6,73.4,"","",20081112,20130926,"RG","B","",264,NA,NA,0,0,0,0,0,0
70,100,508,"RG264",5.8,5.4,"ホオノキ",82.1,84,"","",20081112,20130926,"RG","B","",265,NA,NA,0,0,0,0,0,0
70,100,505,"RG266",1.7,3,"ヒバ",147.6,151.7,"","",20081112,20130926,"RG","B","",266,NA,NA,0,0,0,0,0,0
70,100,503,"RG267",2.1,2.4,"ヒバ",56.4,56.6,"","",20081112,20130926,"RG","B","",267,NA,NA,0,0,0,0,0,0
70,100,501,"RG268",1.8,0.6,"ホオノキ",144.5,147.8,"","",20081112,20130926,"RG","B","",268,NA,NA,0,0,0,0,0,0
70,100,NA,"RG268",2.1,1,"ホオノキ",NA,8.8,"","",20081112,20130926,"RG","","",269,NA,NA,0,0,-1,-1,0,0
70,100,497,"RG273",9.9,1.3,"ヒバ",80.7,83.5,"","",20081112,20130926,"RG","B","",273,NA,NA,0,0,0,0,0,0
70,100,496,"RG274",8.2,2,"ヒバ",42.9,42.8,"","",20081112,20130926,"RG","B","",274,NA,NA,0,0,0,0,0,0
70,100,508.5,"RG275",7.7,5.4,"ヒバ",29.6,30.3,"","",20081112,20130926,"RG","B","RD266",275,NA,NA,0,0,0,0,0,0
70,100,497.5,"B497.5",9.9,1.1,"ヒバ",NA,NA,"根返り枯れ","",20081112,20130926,"","B","RD269",NA,NA,NA,1,2,-1,-1,0,0
80,100,491,"RG276",1.1,8.3,"ホオノキ",120.4,123.8,"","",20081112,20130926,"RG","B","",276,NA,NA,0,0,0,0,0,0
80,100,490,"RG276",1.3,8.6,"ホオノキ",26,26.4,"","",20081112,20130926,"RG","B","",277,NA,NA,0,0,0,0,0,0
80,100,492,"RG279",4.6,8.7,"ヒバ",41.7,41.8,"","",20081112,20130926,"RG","B","",279,NA,NA,0,0,0,0,0,0
80,100,479,"RG280",5.9,8.5,"ヒバ",75.6,77.9,"","",20081112,20130926,"RG","B","",280,NA,NA,0,0,0,0,0,0
80,100,495,"RG281",1.6,3.6,"ホオノキ",104.4,105.1,"","",20081112,20130926,"RG","B","",281,NA,NA,0,0,0,0,0,0
80,100,478,"RG282",7.9,2.1,"トチノキ",276.2,280.9,"","",20081112,20130926,"RG","B","",282,NA,NA,0,0,0,0,0,0
80,100,494,"RG284",0.9,4.2,"ヒバ",14.9,15,"","",20081112,20130926,"RG","B","",284,NA,NA,0,0,-1,-1,0,0
80,100,480,"B480",6.8,8.8,"スギ",NA,NA,"立ち枯れ","",20081112,20130926,"","B","",NA,NA,NA,1,2,-1,-1,0,0
80,100,493,"B493",1.4,6.1,"ヒバ",44.4,NA,"","→幹折れ枯れ",20081112,20130926,"","B","",NA,NA,NA,0,1,0,0,0,0
10,110,653,"RG156",3.7,9.1,"アオハダ",62.4,62.6,"","",20081112,20130926,"RG","B","WG417",156,NA,NA,0,0,0,0,0,0
10,110,654,"RG157",3.2,6.5,"ヒバ",87.8,89.6,"","",20081112,20130926,"RG","B","",157,NA,NA,0,0,0,0,0,0
10,110,649,"RG158",7.5,8.6,"アオハダ",28.5,28.8,"","",20081112,20130926,"RG","B","WG418",158,NA,NA,0,0,0,0,0,0
10,110,650,"RG159",8.3,7.1,"アカイタヤ",152.9,153.7,"","",20081112,20130926,"RG","B","",159,NA,NA,0,0,0,0,0,0
20,110,645,"RG160",2.6,8.1,"ヒバ",132.8,137.7,"","",20081112,20130926,"RG","B","",160,NA,NA,0,0,0,0,0,0
20,110,633,"RG161",5.5,5.8,"ヒバ",113.3,116.4,"","",20081112,20130926,"RG","B","",161,NA,NA,0,0,0,0,0,0
20,110,631,"RG174",6.8,2.3,"ヒバ",22.8,22.5,"","",20081112,20130926,"RG","B","WG420 ",174,NA,NA,0,0,0,0,0,0
20,110,632,"RG175",4.9,4.7,"ヒバ",26.1,27.1,"","",20081112,20130926,"RG","B","",175,NA,NA,0,0,0,0,0,0
20,110,631.1,"RG176",4,0.7,"ヒバ",11.6,13,"","",20081112,20130926,"RG","B","青866　RD807",176,NA,NA,0,0,-1,-1,0,0
20,110,646,"B646",2.9,7.7,"ヒバ",20.1,NA,"根元裂け倒伏生存","枯れ(2009)",20081112,20130926,"","B","",NA,NA,NA,0,1,0,0,0,0
30,110,642,"RG163",3.4,8.5,"ウダイカンバ",179.4,183.9,"寄りかかられ","",20081112,20130926,"RG","B","",163,NA,NA,0,0,0,0,0,0
30,110,601,"RG164",4.8,4.8,"ヒバ",88.8,91.1,"","",20081112,20130926,"RG","B","WG424",164,NA,NA,0,0,0,0,0,0
30,110,640,"RG165",3,5.1,"ヒバ",58.1,58,"","倒木に頭抑えられ先枯れ",20081112,20130926,"RG","B","WG425 ",165,NA,NA,0,0,0,0,0,0
30,110,635,"RG166",0.7,5,"ヒバ",41.3,42.2,"","",20081112,20130926,"RG","B","",166,NA,NA,0,0,0,0,0,0
30,110,638,"RG167",3,4.6,"ヒバ",19.8,20.6,"解放","",20081112,20130926,"RG","B","WG426",167,NA,NA,0,0,0,0,0,0
30,110,637,"RG168",2.8,3.7,"ヒバ",17.6,18.3,"","",20081112,20130926,"RG","B","",168,NA,NA,0,0,0,0,0,0
30,110,637.1,"RG169",3.7,2.5,"ヒバ",10.6,10.7,"","",20081112,20130926,"RG","B","青75",169,NA,NA,0,0,-1,-1,0,0
30,110,636,"RG170",3.8,1.6,"ヒバ",14.4,14.8,"","",20081112,20130926,"RG","B","",170,NA,NA,0,0,-1,-1,0,0
30,110,600,"RG189",7.3,6.2,"ヒバ",36.2,36.7,"","",20081112,20130926,"RG","B","",189,NA,NA,0,0,0,0,0,0
30,110,597,"RG190",8.9,7.1,"ヒバ",49.2,50.8,"","",20081112,20130926,"RG","B","",190,NA,NA,0,0,0,0,0,0
30,110,596,"RG191",9.9,7.7,"ヒバ",54,56.1,"","",20081112,20130926,"RG","B","",191,NA,NA,0,0,0,0,0,0
30,110,602,"RG197",7.9,4.2,"ホオノキ",39.9,40.6,"","",20081112,20130926,"RG","B","",195,NA,NA,0,0,0,0,0,0
30,110,NA,"RG197",7.5,3.6,"ホオノキ",NA,25.4,"","",20081112,20130926,"RG","","青76",196,NA,NA,0,0,-1,1,0,0
30,110,603,"RG197",8.1,3.9,"ホオノキ",208.8,213.5,"B603とB604合わせて測定B603のみ120.7","",20081112,20130926,"RG","B","RD806",197,NA,NA,0,0,0,0,0,0
30,110,604,"RG197",8.1,3.9,"ホオノキ",NA,NA,"B604のみ113.2","",20081112,20130926,"RG","B","",197.1,NA,NA,0,0,0,0,1,1
30,110,598,"B598",7.6,8.2,"ヒバ",NA,NA,"立ち枯れ","",20081112,20130926,"","B","WG427",NA,NA,NA,1,2,-1,-1,0,0
30,110,599,"B599",6.8,7,"アオダモ",31.1,NA,"","→下敷き折れ枯れ",20081112,20130926,"","B","",NA,NA,NA,0,1,0,0,0,0
30,110,641,"B641",4.5,9.1,"ヒバ",NA,NA,"寄りかかられ幹く10m枯","",20081112,20130926,"","B","",NA,NA,NA,1,2,-1,-1,0,0
40,110,587,"RG192",3.6,9.8,"ヒバ",70.1,70.4,"","",20081112,20130926,"RG","B","",192,NA,NA,0,0,0,0,0,0
40,110,586,"RG193",6.3,8.1,"ヒバ",117.7,122.3,"","",20081112,20130926,"RG","B","",193,NA,NA,0,0,0,0,0,0
40,110,588,"RG194",4.2,7.7,"アカイタヤ",93.7,94.9,"","",20081112,20130926,"RG","B","",194,NA,NA,0,0,0,0,0,0
40,110,593,"RG198",4.5,3.1,"ヒバ",100.6,101.8,"","",20081112,20130926,"RG","B","",198,NA,NA,0,0,0,0,0,0
40,110,591,"RG199",5.4,3.5,"ヒバ",55.9,55.8,"","",20081112,20130926,"RG","B","",199,NA,NA,0,0,0,0,0,0
40,110,576,"RG206",7.8,1.6,"ブナ",66.8,67.3,"","",20081112,20130926,"RG","B","",206,NA,NA,0,0,0,0,0,0
40,110,577,"RG208",8.9,1.8,"アカイタヤ",20.6,20.5,"","",20081112,20130926,"RG","B","WG428",208,NA,NA,0,0,0,0,0,0
40,110,589,"B589",5.3,3.9,"ヒバ",51.7,NA,"","→立枯れ",20081112,20130926,"","B","",NA,NA,NA,0,1,0,0,0,0
40,110,594,"B594",4.1,2.4,"コハウチワカエデ",NA,NA,"立ち枯れ","",20081112,20130926,"","B","",NA,NA,NA,1,2,-1,-1,0,0
50,110,579,"RG207",0.6,2.3,"ヒバ",126.2,129.3,"","",20081112,20130926,"RG","B","RD808",207,NA,NA,0,0,0,0,0,0
50,110,583,"RG209",2.8,8.5,"ヒバ",65.7,66.4,"","",20081112,20130926,"RG","B","",209,NA,NA,0,0,0,0,0,0
50,110,582,"RG210",3.4,7.8,"ヒバ",121,126.2,"","",20081112,20130926,"RG","B","WG429",210,NA,NA,0,0,0,0,0,0
50,110,582.7,"RG212",4.3,6.2,"ハウチワカエデ",11.6,12.4,"","",20081112,20130926,"RG","B","RD264　WG430",211,NA,NA,0,0,-1,-1,0,0
50,110,582.6,"RG212",5,6.1,"ハウチワカエデ",21.4,21.4,"","",20081112,20130926,"RG","B","PF230",212,NA,NA,0,0,0,0,0,0
50,110,582.4,"RG213",4.7,6.5,"ハクウンボク",56.6,56.9,"","",20081112,20130926,"RG","B","PF228 WG431",213,NA,NA,0,0,0,0,0,0
50,110,582.5,"RG213",5,5.7,"ハクウンボク",57.1,57.7,"","",20081112,20130926,"RG","B","PF229 WG432",214,NA,NA,0,0,0,0,0,0
50,110,582.3,"RG215",6.9,7.4,"ヒバ",82.9,84.9,"","",20081112,20130926,"RG","B","PF227",215,NA,NA,0,0,0,0,0,0
50,110,582.2,"RG216",7.2,9.3,"ヒバ",92.2,95.1,"","",20081112,20130926,"RG","B","PF226 WG433",216,NA,NA,0,0,0,0,0,0
50,110,582.1,"RG217",8.3,8.2,"ヒバ",103.2,106.7,"","",20081112,20130926,"RG","B","PF225 WG434",217,NA,NA,0,0,0,0,0,0
60,110,533,"RG218",0,9.1,"ヒバ",150.4,153.8,"","",20081112,20130926,"RG","B","",218,NA,NA,0,0,0,0,0,0
60,110,534,"RG236",2.2,2.7,"ヒバ",108.9,110.2,"","",20081112,20130926,"RG","B","",236,NA,NA,0,0,0,0,0,0
60,110,535,"RG237",4.5,2.7,"トチノキ",37.7,37.6,"","",20081112,20130926,"RG","B","",237,NA,NA,0,0,0,0,0,0
60,110,537,"RG238",2.6,0.1,"ホオノキ",119.4,123.1,"","",20081112,20130926,"RG","B","",238,NA,NA,0,0,0,0,0,0
60,110,NA,"RG238",2.3,0.3,"ホオノキ",NA,10.9,"","",20081112,20130926,"RG","","",239,NA,NA,0,0,-1,-1,0,0
60,110,517.3,"RG248",9.8,0.5,"ホオノキ",10.2,11.1,"","",20081112,20130926,"RG","B","青1145",249,NA,NA,0,0,-1,-1,0,0
60,110,517.1,"RG248",9.5,0,"ホオノキ",10.2,12.4,"","",20081112,20130926,"RG","B","青1143",250,NA,NA,0,0,-1,-1,0,0
60,110,NA,"RG248",9.8,0.5,"ホオノキ",NA,10.5,"","",20081112,20130926,"RG","","青1146",252,NA,NA,0,0,-1,-1,0,0
60,110,525,"RG253",8.2,5.6,"ヒバ",80.1,79.7,"","",20081112,20130926,"RG","B","",253,NA,NA,0,0,0,0,0,0
60,110,522,"RG254",9.9,5.4,"ヒバ",71.1,71,"","→幹折れ枝1本",20081112,20130926,"RG","B","",254,NA,NA,0,0,0,0,0,0
60,110,529,"RG255",8.1,8.6,"ヒバ",64.2,64.9,"傾いた木に押され","",20081112,20130926,"RG","B","",255,NA,NA,0,0,0,0,0,0
60,110,528,"RG256",9.3,9.4,"ヒバ",38.2,38.2,"","",20081112,20130926,"RG","B","",256,NA,NA,0,0,0,0,0,0
60,110,527,"RG257",9.5,8.7,"ヒバ",48,48.4,"傾いた木に押され","",20081112,20130926,"RG","B","",257,NA,NA,0,0,0,0,0,0
60,110,517.2,"RG248",9.7,0.4,"ホオノキ",8.3,NA,"","→立枯れ",20081112,20130926,"","B","青1144",NA,NA,NA,0,1,-1,-1,0,0
60,110,523,"B523",9.2,5.4,"ヒバ",86,NA,"","→幹折れ枯れ",20081112,20130926,"","B","",NA,NA,NA,0,1,0,0,0,0
60,110,530,"B530",6.2,7.5,"ヒバ",42.3,NA,"","09立枯れ",20081112,20130926,"","B","",NA,NA,NA,0,1,0,0,0,0
70,110,517,"RB248",0,0.1,"ホオノキ",146.9,153.1,"","",20081112,20130926,"RG","B","WG437",248,NA,NA,0,0,0,0,0,0
70,110,NA,"RB248",0.3,0.6,"ホオノキ",NA,10.9,"","",20081112,20130926,"RG","","",251,NA,NA,0,0,-1,-1,0,0
70,110,521,"RG258",2.2,6.8,"ヒバ",55.4,57.2,"","",20081112,20130926,"RG","B","",258,NA,NA,0,0,0,0,0,0
70,110,519,"RG259",3.7,5.1,"ブナ",185.3,191.3,"","",20081112,20130926,"RG","B","",259,NA,NA,0,0,0,0,0,0
70,110,487,"RG260",8.1,7.9,"ヒバ",243.3,247,"","",20081112,20130926,"RG","B","",260,NA,NA,0,0,0,0,0,0
70,110,488,"RG261",7,4.2,"ヒバ",59.8,60.1,"上半分枯れ","",20081112,20130926,"RG","B","",261,NA,NA,0,0,0,0,0,0
70,110,489,"RG278",9.4,0.9,"ヒバ",109.8,116,"枝1本のみ","測定部位変わった?",20081112,20130926,"RG","B","",278,NA,NA,0,0,0,0,0,0
70,110,486,"B486",9.9,8.6,"ヒバ",NA,NA,"立ち枯れ","",20081112,20130926,"","B","",NA,NA,NA,1,2,-1,-1,0,0
80,110,484,"RG285",9.7,7.2,"アカイタヤ",97.8,NA,"","→ほとんど枯れ傾き50°→枯れ98.2",20081112,20130926,"RG","B","",285,NA,NA,0,1,0,0,0,0
80,110,484.1,"RG286",5.6,9.2,"ヒバ",10.5,12.3,"","",20081112,20130926,"RG","B","青1693",286,NA,NA,0,0,-1,-1,0,0
80,110,485,"B485",0.9,7.7,"ヒバ",NA,NA,"幹折れ　枯れ","",20081112,20130926,"","B","",NA,NA,NA,1,2,-1,-1,0,0
10,120,NA,"RG 25",2.4,9.8,"リョウブ",7.1,10.3,"","",20081112,20130926,"RG","","PC767",25,NA,NA,0,0,-1,-1,0,0
10,120,NA,"RG 26",0.4,9.9,"ウワミズザクラ",NA,12.3,"","",20081112,20130926,"RG","","PC784",26,NA,NA,0,0,-1,-1,0,0
10,120,200.69,"RG 27",5,8.6,"ホオノキ",8,9.2,"","",20081112,20130926,"RG","E","PC716",27,NA,NA,0,0,-1,-1,0,0
10,120,213,"RG 28",6.6,8.5,"ヒバ",78.8,83.2,"","",20081112,20130926,"RG","E","",28,NA,NA,0,0,0,0,0,0
10,120,200.67,"29",6.7,7.4,"ウワミズザクラ",10.9,12.7,"","",20081112,20130926,"RG","E","PC711",29,NA,NA,0,0,-1,-1,0,0
10,120,212,"RG 30",9.2,9.3,"ヒバ",NA,32.1,"","倒れ",20081112,20130926,"RG","E","WG398",30,NA,NA,0,0,0,0,1,0
10,120,NA,"RG 31",8.1,9.8,"ハクウンボク",3.1,9.2,"","",20081112,20130926,"RG","","青911",31,NA,NA,0,0,-1,-1,0,0
10,120,216,"RG 32",8.5,6.2,"アオハダ",95.1,97.3,"","→幹裂け倒伏",20081112,20130926,"RG","E","WG399",32,NA,NA,0,0,0,0,0,0
10,120,218,"RG 33",8.4,4.1,"ヒバ",85.3,85.6,"","",20081112,20130926,"RG","E","",33,NA,NA,0,0,0,0,0,0
10,120,229,"RG 34",3.3,1.9,"ヒバ",152.3,155.9,"","",20081112,20130926,"RG","E","",34,NA,NA,0,0,0,0,0,0
10,120,230,"RG 35",2.5,3,"ヒバ",43.3,45.2,"","",20081112,20130926,"RG","E","",35,NA,NA,0,0,0,0,0,0
10,120,227,"RG 36",7.6,0.8,"ヒバ",52.3,52,"","",20081112,20130926,"RG","E","",36,NA,NA,0,0,0,0,0,0
10,120,226,"RG 37",9.3,1.7,"ヒバ",71.9,75.4,"","",20081112,20130926,"RG","E","",37,NA,NA,0,0,0,0,0,0
10,120,648,"B648",9,2.5,"ヒバ",59.1,NA,"","09幹くの字枯れ",20081112,20130926,"","B","",NA,NA,NA,0,1,0,0,0,0
10,120,200.68,"E200.68",4.9,8,"クサギ",11.8,NA,"","→立枯れ",20081112,20130926,"","E","PC715",NA,NA,NA,0,1,-1,-1,0,0
20,120,220,"RG 38",3,5,"ヒバ",100,101.4,"上半分枯れ","",20081112,20130926,"RG","E","RD768",38,NA,NA,0,0,0,0,0,0
20,120,NA,"RG 39",3.4,5,"リョウブ",6.9,9.5,"","",20081112,20130926,"RG","","",39,NA,NA,0,0,-1,-1,0,0
20,120,221,"RG 40",5.4,4.3,"ヒバ",117.2,122.3,"","",20081112,20130926,"RG","E","",40,NA,NA,0,0,0,0,0,0
20,120,223,"RG 41",7.3,3,"ヒバ",117.5,118.3,"","",20081112,20130926,"RG","E","",41,NA,NA,0,0,0,0,0,0
20,120,224,"RG 42",5.9,2.3,"ヒバ",30,29.8,"","",20081112,20130926,"RG","E","",42,NA,NA,0,0,0,0,0,0
20,120,644,"RG 43",2,0.4,"ホオノキ",75.2,77.8,"","",20081112,20130926,"RG","B","",43,NA,NA,0,0,0,0,0,0
20,120,644.1,"RG 44",1.8,0.6,"ホオノキ",18.3,19.3,"","",20081112,20130926,"RG","B","WG419 ",44,NA,NA,0,0,0,0,0,0
20,120,NA,"RG 45",2.1,0.8,"ホオノキ",NA,10.4,"","",20081112,20130926,"RG","","",45,NA,NA,0,0,-1,-1,0,0
20,120,200.75,"RG 52",8.7,6.8,"リョウブ",9,11.3,"","",20081112,20130926,"RG","E","RC774",52,NA,NA,0,0,-1,-1,0,0
20,120,196,"RG 53",3.9,8.3,"サワグルミ",145.9,153,"","",20081112,20130926,"RG","E","",53,NA,NA,0,0,0,0,0,0
20,120,200.62,"RG 54",4.2,9.7,"リョウブ",9.1,11.3,"","",20081112,20130926,"RG","E","PC636",54,NA,NA,0,0,-1,-1,0,0
20,120,200.57,"RG 59.1",7.444733083,9.213518657,"リョウブ",8.3,8.2,"","RG59近く",20081112,20130926,"RG","E","PC622",59.1,NA,NA,0,0,-1,-1,0,0
20,120,200.76,"RG 60",8.5,10.2,"リョウブ",9.3,9,"","",20081112,20130926,"RG","E","G229",60,NA,NA,0,0,-1,-1,0,0
30,120,183,"RG 46",0,0.5,"サワグルミカレ",151.5,152.7,"","",20081112,20130926,"RG","E","",46,NA,NA,0,0,0,0,0,0
30,120,NA,"RG 47",0.3,3.7,"リョウブ",NA,9.1,"","",20081112,20130926,"RG","","",47,NA,NA,0,0,-1,-1,0,0
30,120,NA,"RG 48",0.3,4.7,"リョウブ",NA,9.4,"","",20081112,20130926,"RG","","",48,NA,NA,0,0,-1,-1,0,0
30,120,185,"RG 49",3.7,5.6,"サワグルミ",95.6,98.9,"","",20081112,20130926,"RG","E","",49,NA,NA,0,0,0,0,0,0
30,120,186,"RG 50",4.4,4.9,"サワグルミ",63.3,70.3,"","",20081112,20130926,"RG","E","",50,NA,NA,0,0,0,0,0,0
30,120,NA,"RG 51",4.3,8.6,"リョウブ",NA,9.1,"","",20081112,20130926,"RG","","",51,NA,NA,0,0,-1,-1,0,0
30,120,200.5,"RG 61",0.10914771,9.671348824,"リョウブ",8.5,10.2,"","",20081112,20130926,"RG","E","PC578",61,NA,NA,0,0,-1,-1,0,0
30,120,200.51,"RG 61",0.121428267,9.793188008,"リョウブ",8,10.4,"","",20081112,20130926,"RG","E","PC579",62,NA,NA,0,0,-1,-1,0,0
30,120,174.1,"RG 93",8.2,9.6,"ホオノキ",14.5,19.2,"","",20081112,20130926,"RG","E","RD252　WG395",93,NA,NA,0,0,-1,1,0,0
30,120,174.2,"RG 93",8.3,9.5,"ホオノキ",10.3,11,"","",20081112,20130926,"RG","E","RD251　WG394",94,NA,NA,0,0,-1,-1,0,0
30,120,175.1,"RG 96",7.6,6.9,"ホオノキ",18.2,30.3,"","",20081112,20130926,"RG","E","PC552",95,NA,NA,0,0,0,0,0,0
30,120,175,"RG 96",7.8,6.8,"トチノキ",89.7,93.8,"","",20081112,20130926,"RG","E","",96,NA,NA,0,0,0,0,0,0
30,120,179,"RG102",6.7,2.8,"？カレ",134.2,133.6,"","",20081112,20130926,"RG","E","",102,NA,NA,0,0,0,0,0,0
30,120,643,"RG162",0.3,0,"アオハダ",73.8,74.9,"","",20081112,20130926,"RG","B","",162,NA,NA,0,0,0,0,0,0
30,120,177,"E177",7.5,4.6,"トチノキカレ",NA,NA,"幹裂け1m寄りかかり枯れ","",20081112,20130926,"","E","WG396",NA,NA,NA,1,2,-1,-1,0,0
30,120,181,"E181",4.2,0.9,"トチノキ",97,NA,"","→幹折れ7m枯れ",20081112,20130926,"","E","",NA,NA,NA,0,1,0,0,0,0
30,120,182,"E182",2.1,2.5,"シウリザクラ",103.6,NA,"","→幹折れ1m枯れ",20081112,20130926,"","E","",NA,NA,NA,0,1,0,0,0,0
40,120,156,"RG103",1,6.6,"アオダモ",87.4,91.3,"","",20081112,20130926,"RG","E","",103,NA,NA,0,0,0,0,0,0
40,120,153,"RG104",1.8,1.2,"ヒバ",116,118.4,"","",20081112,20130926,"RG","E","",104,NA,NA,0,0,0,0,0,0
40,120,150,"RG105",5.6,2.1,"ヒバ",87.7,88.9,"","",20081112,20130926,"RG","E","",105,NA,NA,0,0,0,0,0,0
40,120,NA,"RG106",6,2.7,"クサギ",NA,11.7,"","RG105の北1m",20081112,20130926,"RG","","",106,NA,NA,0,0,-1,-1,0,0
40,120,134,"RG107",8.4,4.5,"ヒバ",107,106.9,"幹折れ生存","",20081112,20130926,"RG","E","",107,NA,NA,0,0,0,0,0,0
40,120,131,"RG108",9.6,5.5,"ヒバ",150,153.4,"","",20081112,20130926,"RG","E","",108,NA,NA,0,0,0,0,0,0
40,120,132,"E132",9.3,6.1,"ヒバ",28.7,NA,"寄りかかり","→枯れ",20081112,20130926,"","E","",NA,NA,NA,0,1,0,0,0,0
40,120,148,"E148",7.3,7.8,"アオハダ",NA,NA,"不明","",20081112,20130926,"","E","PH479",NA,NA,NA,1,2,-1,-1,0,0
50,120,130,"RG109",0.4,6.4,"ヒバ",86.7,87.5,"","",20081112,20130926,"RG","E","",109,NA,NA,0,0,0,0,0,0
50,120,129,"RG110",1.6,6.3,"ヒバ",73.4,75.5,"","",20081112,20130926,"RG","E","",110,NA,NA,0,0,0,0,0,0
50,120,128,"RG111",1.6,5.9,"ヒバ",46.2,46.3,"","",20081112,20130926,"RG","E","",111,NA,NA,0,0,0,0,0,0
50,120,112,"RG122",8.6,8.9,"ヒバ",111.5,113.1,"","",20081112,20130926,"RG","E","",122,NA,NA,0,0,0,0,0,0
50,120,113,"RG123",6.5,6.2,"ヒバ",117.4,120.4,"","",20081112,20130926,"RG","E","",123,NA,NA,0,0,0,0,0,0
50,120,116,"RG124",6,3.6,"ヒバ",123.1,126.4,"","",20081112,20130926,"RG","E","",124,NA,NA,0,0,0,0,0,0
50,120,117,"RG125",7.1,3.6,"ヒバ",61,61.7,"","",20081112,20130926,"RG","E","",125,NA,NA,0,0,0,0,0,0
50,120,118,"RG126",7.6,3.8,"ヒバ",45.8,46.5,"","",20081112,20130926,"RG","E","",126,NA,NA,0,0,0,0,0,0
50,120,114,"RG127",4.7,7.3,"ヒバ",43.7,43.4,"","",20081112,20130926,"RG","E","RI962",127,NA,NA,0,0,0,0,0,0
60,120,82,"RG128",2.3,4.6,"ブナ",77.3,85.5,"","",20081112,20130926,"RG","E","",128,NA,NA,0,0,0,0,0,0
60,120,87,"RG129",0.2,7.8,"ヒバ",136.9,141.3,"","",20081112,20130926,"RG","E","",129,NA,NA,0,0,0,0,0,0
60,120,86,"E 86",1,8.8,"ヒバ",42.4,NA,"根返りしかけ斜め　","→根返り水平→枯れ41.6",20081112,20130926,"","E","",NA,NA,NA,0,1,0,0,0,0
60,120,85,"RG130",3,8.2,"ミズナラ",84.4,85.7,"","",20081112,20130926,"RG","E","",130,NA,NA,0,0,0,0,0,0
60,120,84,"RG131",2.7,7,"ヒバ",35.5,37.2,"","",20081112,20130926,"RG","E","",131,NA,NA,0,0,0,0,0,0
60,120,78,"RG133",2.8,4.3,"ハウチワカエデ",26.4,26.7,"","",20081112,20130926,"RG","E","",132,NA,NA,0,0,0,0,0,0
60,120,81,"RG133",2.8,4.2,"ハウチワカエデ",58.3,59.2,"","",20081112,20130926,"RG","E","",133,NA,NA,0,0,0,0,0,0
60,120,76,"RG134",4.6,1.6,"ヒバ",61.6,63.9,"","",20081112,20130926,"RG","E","",134,NA,NA,0,0,0,0,0,0
60,120,74,"RG135",6,4.7,"ブナ",217.5,217.4,"","",20081112,20130926,"RG","E","WG380",135,NA,NA,0,0,0,0,0,0
60,120,NA,"RG137",8.6,9.1,"ヒバ",6.3,12.8,"","",20081112,20130926,"RG","","青1139",137,NA,NA,0,0,-1,-1,0,0
60,120,72,"RG138",9.3,9.5,"アカイタヤ",148.9,151.2,"","",20081112,20130926,"RG","E","",138,NA,NA,0,0,0,0,0,0
60,120,74.2,"RG143",6.4,3.9,"ヒバ",11.2,11.8,"","",20081112,20130926,"RG","E","RD255",143,NA,NA,0,0,-1,-1,0,0
60,120,75,"RG144",6.5,0.2,"ヒバ",50.6,51,"","",20081112,20130926,"RG","E","",144,NA,NA,0,0,0,0,0,0
60,120,80,"E 80",2.7,4.4,"ハウチワカエデ",NA,NA,"立ち枯れ","",20081112,20130926,"","E","",NA,NA,NA,1,2,-1,-1,0,0
60,120,84.1,"E 84.1",2.22,6.67,"ヒバ",NA,NA,"立ち枯れ","",20081112,20130926,"","E","RD253",NA,NA,NA,1,2,-1,-1,0,0
70,120,74.1,"RG145",1.29,0.883,"ヒバ",56.2,58.2,"","",20081112,20130926,"RG","E","WG436",145,NA,NA,0,0,0,0,0,0
70,120,31,"RG146",9.260967,8.620939,"ヒバ",75.4,77.5,"","",20081112,20130926,"RG","E","",146,NA,NA,0,0,0,0,0,0
70,120,32.1,"E 32.1",4.801352,4.837334,"コハウチワカエデ",NA,NA,"立ち枯れ","",20081112,20130926,"","E","E686　WG379",NA,NA,NA,1,2,-1,-1,0,0
80,120,29,"RG148",2.337848,7.934958,"ヒバ",67.1,69.5,"","",20081112,20130926,"RG","E","",148,NA,NA,0,0,0,0,0,0
80,120,27,"RG149",1.365799,5.966006,"トチノキ",88.8,91.9,"","",20081112,20130926,"RG","E","",149,NA,NA,0,0,0,0,0,0
80,120,26,"RG150",0.267895,3.759639,"ハリギリ",195,199.5,"","",20081112,20130926,"RG","E","",150,NA,NA,0,0,0,0,0,0
80,120,25,"RG151",0.678443,3.009212,"ヒバ",70,72.2,"","",20081112,20130926,"RG","E","",151,NA,NA,0,0,0,0,0,0
80,120,24,"RG152",1.129112,1.147685,"ハリギリ",195.9,203.9,"","",20081112,20130926,"RG","E","",152,NA,NA,0,0,0,0,0,0
80,120,23,"RG153",3.285554,1.053659,"ヒバ",44.8,45.8,"先枯れ","",20081112,20130926,"RG","E","",153,NA,NA,0,0,0,0,0,0
80,120,19,"RG154",6.602241,4.407598,"ヒバ",48,51.6,"","",20081112,20130926,"RG","E","RD770",154,NA,NA,0,0,0,0,0,0
80,120,15,"RG155",8.30735,6.851033,"アカイタヤ",156.5,155.9,"","",20081112,20130926,"RG","E","RD769",155,NA,NA,0,0,0,0,0,0
80,120,18,"E 18",8.906022,5.031037,"ヒバ",62.8,NA,"下敷き根返り生存","→枯れ",20081112,20130926,"","E","",NA,NA,NA,0,1,0,0,0,0
80,120,22,"E 22",7.830708,0.358652,"トチノキ",63.8,NA,"","→立枯れ",20081112,20130926,"","E","",NA,NA,NA,0,1,0,0,0,0
10,125,234,"RG  1",0.539946,4.142114,"ヒバ",121.7,123,"","",20081112,20130926,"RG","E","",1,NA,NA,0,0,0,0,0,0
10,125,200.03,"RG  2",3.157883655,4.373416477,"リョウブ",11.1,16.6,"","",20081112,20130926,"RG","E","PC404",2,NA,NA,0,0,-1,1,0,0
10,125,200.05,"RG  3",5.276732676,5.449902176,"サワグルミ",16.8,30.3,"","",20081112,20130926,"RG","E","PC407　RA715",3,NA,NA,0,0,0,0,0,0
10,125,200.09,"RG  4",8.962881737,4.224078074,"ホオノキ",14,17.8,"","",20081112,20130926,"RG","E","PC424",4,NA,NA,0,0,-1,1,0,0
10,125,200.11,"RG  5",10.02277342,3.404481555,"ホオノキ",13.6,20.9,"","",20081112,20130926,"RG","E","PC428",5,NA,NA,0,0,-1,1,0,0
10,125,NA,"RG 21",9.49,2.06,"ホオノキ",7.2,11.5,"","",20081112,20130926,"RG","","PC666.1",21,NA,NA,0,0,-1,-1,0,0
10,125,NA,"RG 22",9.82,0.79,"トチノキ",3.8,11.4,"","",20081112,20130926,"RG","","PC667.1",22,NA,NA,0,0,-1,-1,0,0
10,125,200.66,"RG 23",7.122371527,3.201665697,"ホオノキ",15.5,21.9,"","",20081112,20130926,"RG","E","PC671",23,NA,NA,0,0,-1,1,0,0
10,125,NA,"RG 24",4.6,1.1,"リョウブ",7.2,9.2,"","",20081112,20130926,"RG","","PC695",24,NA,NA,0,0,-1,-1,0,0
20,125,200.12,"RG  6",0.022773419,3.404481555,"ホオノキ",25.9,31.6,"","",20081112,20130926,"RG","E","PC429",6,NA,NA,0,0,0,0,0,0
20,125,200.13,"RG  7",0.284831295,3.31933379,"ホオノキ",21.4,26.7,"","",20081112,20130926,"RG","E","PC430",7,NA,NA,0,0,0,0,0,0
20,125,200.14,"RG  8",2.392808236,4.220549987,"ホオノキ",10.9,10.9,"","",20081112,20130926,"RG","E","PC443",8,NA,NA,0,0,-1,-1,0,0
20,125,200.15,"RG  9",1.890413026,5.100092769,"ホオノキ",25.7,29.3,"","",20081112,20130926,"RG","E","PC444",9,NA,NA,0,0,0,0,0,0
20,125,200.16,"RG 10",3.821187401,4.786991182,"リョウブ",8,9.3,"","",20081112,20130926,"RG","E","PC449",10,NA,NA,0,0,-1,-1,0,0
20,125,200.18,"RG 11",4.884766369,4.246759798,"ホオノキ",23.1,28.5,"","",20081112,20130926,"RG","E","PC455",11,NA,NA,0,0,0,0,0,0
20,125,200.19,"RG 12",5.744518395,4.005861185,"ホオノキ",23.1,27,"","",20081112,20130926,"RG","E","PC456",12,NA,NA,0,0,0,0,0,0
20,125,200.74,"RG 13",4.465378634,2.834710116,"ホオノキ",11.7,11.9,"","",20081112,20130926,"RG","E","RC813",13,NA,NA,0,0,-1,-1,0,0
20,125,200.22,"RG 14",3.854663599,3.184467803,"ホオノキ",20.1,23.8,"","",20081112,20130926,"RG","E","PC460",14,NA,NA,0,0,0,0,0,0
20,125,200.23,"RG 15",4.183004822,2.660958681,"ホオノキ",11.7,12.6,"","",20081112,20130926,"RG","E","PC465",15,NA,NA,0,0,-1,-1,0,0
20,125,200.21,"RG 16",3.323424143,3.263454177,"ホオノキ",12.8,14.3,"","",20081112,20130926,"RG","E","PC459",16,NA,NA,0,0,-1,-1,0,0
20,125,200.64,"RG 17",2.81435067,1.665231945,"ホオノキ",16.7,20.1,"","",20081112,20130926,"RG","E","PC655",17,NA,NA,0,0,0,0,0,0
20,125,200.63,"RG 18",3.46142837,1.516656971,"リョウブ",8,10,"","",20081112,20130926,"RG","E","PC654",18,NA,NA,0,0,-1,-1,0,0
20,125,200.01,"RG 19",3.847008817,1.539277325,"ホオノキ",16.5,20.8,"","",20081112,20130926,"RG","E","RD284　G501",19,NA,NA,0,0,0,0,0,0
20,125,200.65,"RG 20",1.429873293,2.115112076,"ホオノキ",10.5,11.3,"","",20081112,20130926,"RG","E","PC660",20,NA,NA,0,0,-1,-1,0,0
20,125,200.6,"RG 55",4.890035544,0.920887869,"リョウブ",8.6,10.2,"","",20081112,20130926,"RG","E","PC633",55,NA,NA,0,0,-1,-1,0,0
20,125,200.59,"RG 56",5.463345659,0.222940433,"リョウブ",11.5,15,"","",20081112,20130926,"RG","E","PC632",56,NA,NA,0,0,-1,-1,0,0
20,125,200.61,"RG 57",5.661035735,0.136312375,"ノリウツギ",11.1,10.1,"","",20081112,20130926,"RG","E","PC634",57,NA,NA,0,0,-1,-1,0,0
20,125,NA,"RG 58",7.2,0.3,"リョウブ",6.9,10.4,"","",20081112,20130926,"RG","","PC624",58,NA,NA,0,0,-1,-1,0,0
20,125,NA,"RG 59",8,0.1,"ハクウンボク",6,10.5,"","",20081112,20130926,"RG","","G132",59,NA,NA,0,0,-1,-1,0,0
20,125,200.56,"RG 69",8.320261309,1.749719436,"リョウブ",15.2,18.1,"","",20081112,20130926,"RG","E","PC603",69,NA,NA,0,0,-1,1,0,0
20,125,200.53,"RG 69.1",8.606270701,3.308800097,"リョウブ",9.5,11.2,"","",20081112,20130926,"RG","E","PC592",69.1,NA,NA,0,0,-1,-1,0,0
20,125,200.55,"RG 70",7.048029438,2.085838842,"リョウブ",12.4,15.4,"","",20081112,20130926,"RG","E","PC597",70,NA,NA,0,0,-1,-1,0,0
20,125,200.54,"RG 71",7.732742688,1.840866597,"リョウブ",9,10.2,"","",20081112,20130926,"RG","E","PC596",71,NA,NA,0,0,-1,-1,0,0
20,125,200.7,"RG 72",6.9,1.8,"リョウブ",8.4,8.8,"","",20081112,20130926,"RG","E","PC790",72,NA,NA,0,0,-1,-1,0,0
20,125,200.58,"RG 73",5.793614735,1.749719436,"ホオノキ",22.4,27.7,"","",20081112,20130926,"RG","E","PC628",73,NA,NA,0,0,0,0,0,0
20,125,200.24,"RG 74",5.628624212,3.012482281,"ホオノキ",16.7,22.7,"","",20081112,20130926,"RG","E","PC471",74,NA,NA,0,0,0,0,0,0
20,125,200.2,"RG 75",5.791776893,4.318201941,"ハクウンボク",10.8,14.7,"","",20081112,20130926,"RG","E","PC457",75,NA,NA,0,0,-1,-1,0,0
20,125,200.26,"RG 76",6.489434572,4.540500371,"リョウブ",11.2,11.4,"","",20081112,20130926,"RG","E","PC476",76,NA,NA,0,0,-1,-1,0,0
20,125,200.4,"RG 77",8.354365408,4.126622867,"ホオノキ",11,14.7,"","",20081112,20130926,"RG","E","PC515.1",77,NA,NA,0,0,-1,-1,0,0
20,125,200.39,"RG 78",6.959404002,5.041806768,"リョウブ",8.8,10.4,"","",20081112,20130926,"RG","E","PC515",78,NA,NA,0,0,-1,-1,0,0
20,125,200.41,"RG 79",7.755355219,4.570784015,"ホオノキ",13,16.5,"","",20081112,20130926,"RG","E","PC516",79,NA,NA,0,0,-1,1,0,0
20,125,200.27,"RG 80",6.235803274,4.896054376,"リョウブ",12.6,13.5,"","",20081112,20130926,"RG","E","PC479",80,NA,NA,0,0,-1,-1,0,0
20,125,200.43,"RG 81",8.89469789,4.302303542,"リョウブ",10.8,13.3,"","",20081112,20130926,"RG","E","PC518",81,NA,NA,0,0,-1,-1,0,0
20,125,200.42,"RG 82",8.237981709,4.245248337,"リョウブ",12.7,17.5,"","",20081112,20130926,"RG","E","PC517",82,NA,NA,0,0,-1,1,0,0
20,125,200.25,"E200.25",5.908122286,3.044518198,"リョウブ",7.7,NA,"","細い",20081112,20130926,"","E","PC472",NA,NA,NA,0,0,-1,-1,0,1
30,125,200.52,"RG 63",0.927068652,0.264793651,"ホオノキ",17.8,25.7,"","",20081112,20130926,"RG","E","PC582",63,NA,NA,0,0,0,0,0,0
30,125,NA,"RG 64",1.5,1,"ホオノキ",6.5,9,"","",20081112,20130926,"RG","","PC585",64,NA,NA,0,0,-1,-1,0,0
30,125,NA,"RG 65",2.2,1.5,"ホオノキ",6.8,9.6,"","",20081112,20130926,"RG","","PC587",65,NA,NA,0,0,-1,-1,0,0
30,125,198,"RG 66",2.613217,0.609597,"ホオノキ",132.5,133.4,"先枯れ　材ハゲ","",20081112,20130926,"RG","E","",66,NA,NA,0,0,0,0,0,0
30,125,NA,"RG 67",2.5,2.9,"リョウブ",6.4,11.6,"","",20081112,20130926,"RG","","PC528",67,NA,NA,0,0,-1,-1,0,0
30,125,NA,"RG 68",4.2,2,"リョウブ",7.3,10.2,"","",20081112,20130926,"RG","","PC529",68,NA,NA,0,0,-1,-1,0,0
30,125,200.45,"RG 83",1.202243674,4.439903857,"リョウブ",10.6,10.8,"","",20081112,20130926,"RG","E","PC524",83,NA,NA,0,0,-1,-1,0,0
30,125,200.44,"RG 84",1.08597301,4.163641908,"リョウブ",8.3,8.7,"","",20081112,20130926,"RG","E","PC522",84,NA,NA,0,0,-1,-1,0,0
30,125,NA,"RG 85",1.1,4.2,"リョウブ",6.8,8.6,"","",20081112,20130926,"RG","","PC521",85,NA,NA,0,0,-1,-1,0,0
30,125,200.46,"RG 86",1.564125388,4.309827761,"リョウブ",11.3,11.7,"","",20081112,20130926,"RG","E","PC525",86,NA,NA,0,0,-1,-1,0,0
30,125,200.48,"RG 87",3.993654877,3.983520169,"リョウブ",13.7,17.7,"","",20081112,20130926,"RG","E","PC531",87,NA,NA,0,0,-1,1,0,0
30,125,200.47,"RG 88",4.513988246,4.752384834,"リョウブ",10.6,11.9,"","",20081112,20130926,"RG","E","PC530",88,NA,NA,0,0,-1,-1,0,0
30,125,167,"RG 89",7.229216,2.197191,"トチノキ",128.8,127.4,"下枝1本のみ","材ハゲ",20081112,20130926,"RG","E","",89,NA,NA,0,0,0,0,0,0
30,125,165,"RG 90",8.493296,2.767197,"サワグルミ",61.6,64.6,"","",20081112,20130926,"RG","E","",90,NA,NA,0,0,0,0,0,0
30,125,169,"RG 91",8.357029,2.008093,"トチノキ",73.7,80.1,"","",20081112,20130926,"RG","E","",91,NA,NA,0,0,0,0,0,0
30,125,170,"RG 92",8.009541,1.055286,"トチノキ",49.8,55.2,"","",20081112,20130926,"RG","E","",92,NA,NA,0,0,0,0,0,0
40,125,164,"RG 97",0.229537,1.465635,"アカイタヤ",62.5,62.8,"下枝のみ","材ハゲ",20081112,20130926,"RG","E","",97,NA,NA,0,0,0,0,0,0
40,125,160,"RG 98",0.383326,3.04577,"ノリウツギ",67.9,71.3,"","",20081112,20130926,"RG","E","",98,NA,NA,0,0,0,0,0,0
40,125,161,"RG 99",0.616868,2.508661,"トチノキ",66.7,73.5,"","",20081112,20130926,"RG","E","",99,NA,NA,0,0,0,0,0,0
40,125,162,"RG100",1.61397,1.824502,"サワグルミ",111.7,113.8,"","",20081112,20130926,"RG","E","",100,NA,NA,0,0,0,0,0,0
40,125,NA,"RG101",2.7,3.43,"ヒバ",NA,13.2,"","RG100の北東2m",20081112,20130926,"RG","","",101,NA,NA,0,0,-1,-1,0,0
40,125,144,"RG112",8.987711484,0.617349223,"ヒバ",38.5,38.5,"","水平",20081112,20130926,"RG","E","PH480　WG393",112,NA,NA,0,0,0,0,0,0
50,125,139,"RG113",0.630787,2.13141,"ヒバ",90,89.5,"上1/3幹折れ生存","",20081112,20130926,"RG","E","",113,NA,NA,0,0,0,0,0,0
50,125,136,"RG114",2.099209,2.616488,"ヒバ",99.1,100.5,"","",20081112,20130926,"RG","E","",114,NA,NA,0,0,0,0,0,0
50,125,135,"RG115",2.956427,3.324981,"ヒバ",110.4,112.2,"","",20081112,20130926,"RG","E","",115,NA,NA,0,0,0,0,0,0
50,125,109,"RG116",4.860505,2.693147,"ハクウンボク",60.1,60.5,"","",20081112,20130926,"RG","E","WG391",116,NA,NA,0,0,0,0,0,0
50,125,107,"RG117",6.814084,3.385562,"ヒバ",48.4,49.6,"","",20081112,20130926,"RG","E","WG390",117,NA,NA,0,0,0,0,0,0
50,125,106,"RG118",7.083727,3.450241,"トチノキカレ",52.3,53.8,"","",20081112,20130926,"RG","E","WG389",118,NA,NA,0,0,0,0,0,0
50,125,105,"RG119",7.991575,3.974433,"トチノキ",99.5,103.9,"","",20081112,20130926,"RG","E","WG388",119,NA,NA,0,0,0,0,0,0
50,125,102,"RG121",9.345953,4.315174,"トチノキ",24.4,24.6,"","",20081112,20130926,"RG","E","WG386",120,NA,NA,0,0,0,0,0,0
50,125,103,"RG121",9.466854,4.434036,"ホオノキ",83.1,82.9,"","",20081112,20130926,"RG","E","WG387",121,NA,NA,0,0,0,0,0,0
60,125,85.1,"RG136",3.89,0.83,"ヒバ",16.5,16,"","→根元裂け倒伏生存",20081112,20130926,"RG","E","RD254",136,NA,NA,0,0,0,0,0,0
60,125,69,"RG139",9.0152,4.040569,"ミズナラ",162.5,164.3,"","",20081112,20130926,"RG","E","WG382",139,NA,NA,0,0,0,0,0,0
70,125,68,"RG140",1.363226,4.212948,"ミズナラ",199.9,204.8,"","",20081112,20130926,"RG","E","",140,NA,NA,0,0,0,0,0,0
70,125,35,"RG141",2.57863,0.548777,"ヒバ",19.8,21,"","",20081112,20130926,"RG","E","",141,NA,NA,0,0,0,0,0,0
70,125,34,"142RG",2.678096,0.170373,"ヒバ",28.9,30.3,"","",20081112,20130926,"RG","E","",142,NA,NA,0,0,0,0,0,0
70,125,71,"E 71",1.664982,2.489395,"ハクウンボク",NA,NA,"立ち枯れ","",20081112,20130926,"","E","WG381",NA,NA,NA,1,2,-1,-1,0,0
80,125,30,"RG147",4.195563,0.651366,"トチノキ",79.8,83.8,"","",20081112,20130926,"RG","E","",147,NA,NA,0,0,0,0,0,0
80,125,8,"E  8",9.003564,4.643183,"ヒバ",NA,NA,"巻き添え　幹折れ2m枯","",20081112,20130926,"","E","",NA,NA,NA,1,2,-1,-1,0,0
80,125,12,"E 12",6.661031,3.282954,"ヒバ",NA,NA,"立ち枯れ","",20081112,20130926,"","E","",NA,NA,NA,1,2,-1,-1,0,0
