#/log,DATA CREATED,データ作成日,20180320,,,,,,,,,,,
#/doc,DATA CREATER,データ作成者,金子信博,,,,,,,,,,,
#,DATA TITLE,データ名,Temporal Change in Tree Girth at Breast Height at Nishi Tanzawa (TZ-DB1). ,,,,,,,,,,,
#,SITE NAME,サイト名,丹沢,,,,,,,,,,,
#,PLOT NAME,調査区名,,,,,,,,,,,,
#,PLOT CODE,調査区コード,TZ-DB1,,,,,,,,,,,
#,PLOT SIZE,面積,1ha,,,,,,,,,,,
#,PRAMETER DEFINITIONS,mesh_xcord,10ｍ方形区ｘ座標,,,,,,,,,,,
#,,mesh_ｙcord,10ｍ方形区ｙ座標,,,,,,,,,,,
#,,tag_no,幹タグ番号,,,,,,,,,,,
#,,indv_no,個体タグ番号,,,,,,,,,,,
#,,stem_xcord,幹のx座標（10m方形区内での座標）,,,,,,,,,,,
#,,stem_ycord,幹のｙ座標（10m方形区内での座標）,,,,,,,,,,,
#,,spc_japan,種名,,,,,,,,,,,
#,,gbh,胸高周囲長〔cm〕,,,,,,,,,,,
#,,note,備考,,,,,,,,,,,
#,,s_data,調査日,,,,,,,,,,,
#/note,20090324,データ成形（石原正恵）,,,,,,,,,,,,
#,,タグ重複：466、467、345、346がそれぞれ重複-→20090409段階では不明のため現状維持（仮番号をつけた),,,,,,,,,,,,
#,,１）478     178　　−−＞個体番号478に訂正,,,,,,,,,,,,
#,,２） 124     123     −−＞個体番号124に訂正,,,,,,,,,,,,
#,,３） 644     643     −−＞個体番号644に訂正,,,,,,,,,,,,
#,,マメツツジ？-->ndに,,,,,,,,,,,,
#,20091020,"mesh_xcord,mesh_ycord　をモニ1000フォーマットに変更",,,,,,,,,,,,
#,20171018,データ確認（日野貴文）,,,,,,,,,,,,
#,,新規個体の前年までのセルが空白→「na」を入力,,,,,,,,,,,,
#,,種名がイタヤカエデ？などのように「？」がついている個体はモニ1000仕様に合わせをndにして、noteに転記,,,,,,,,,,,,
#,,,,,,,,,,,,,,
#/data,,,,,,,,,,,,,,
#VALUE!,#VALUE!,C184,C184,？,？,ブナ,35.7 ,nd,倒木（生きている）＊座標忘れ；原点座標は暫定,行方不明,,na,na,B2
"mesh_xcord","mesh_ycord","tag_no","indv_no","stem_xcord","stem_ycord","spc_japan","gbh08","gbh13","note08","note13","note13_2","s_date08","s_date13","mesh_site_original","dl08","dl13","rec08","rec13","error08","error13"
"7.4 ",5.2,"346","346",7.4,5.2,"ブナ",22.1,22.1,"","","",NA,NA,"A0",0,0,0,0,0,0
"6.4 ",4,"349","349",6.4,4,"ブナ",87.1,90,"","","",NA,NA,"A0",0,0,0,0,0,0
"4.1 ",3,"352","352",4.1,3,"ヤマザクラ",141.9,142.2,"","ツル込み","",NA,NA,"A0",0,0,0,0,0,0
"4.5 ",5.8,"353","353",4.5,5.8,"ブナ",23.7,23.8,"","","",NA,NA,"A0",0,0,0,0,0,0
"8.5 ",0.7,"355","355",8.5,0.7,"イタヤカエデ",124.7,128.1,"","","",NA,NA,"A0",0,0,0,0,0,0
"4.0 ",8.8,"560","560",4,8.8,"イトマキイタヤ",79.3,83.7,"","","",NA,NA,"A0",0,0,0,0,0,0
"1.9 ",7.7,"577","577",1.9,7.7,"ブナ",206,209.7,"","","",NA,NA,"A0",0,0,0,0,0,0
"1.5 ",6.8,"578","578",1.5,6.8,"ホオノキ",103.4,104.1,"","","",NA,NA,"A0",0,0,0,0,0,0
"1.3 ",7,"576","578",1.3,7,"ホオノキ",19.6,19.4,"","","",NA,NA,"A0",0,0,0,0,0,0
"2.7 ",5.8,"579","579",2.7,5.8,"タンナサワフタギ",24.3,23.9,"","","",NA,NA,"A0",0,0,0,0,0,0
"7.4 ",7.1,"345","345",7.4,7.1,"ブナ",21,21.6,"","345?→345タグ変更","",NA,NA,"A0",0,0,0,0,0,0
"7.8 ",19.8,"C23","C23",7.8,9.8,"ブナ",28.1,31.1,"","高さ変更釘打ち直し、GBH27.2cm（変更後）に次回から変更","",NA,NA,"A1",0,0,0,0,0,0
"7.8 ",19.8,"301","C23",7.8,9.8,"ブナ",NA,16.7,"","枝","",NA,NA,"A1",0,0,-1,1,0,0
"5.6 ",16.6,"C24","C24",5.6,6.6,"ブナ",120.2,122.2,"","","",NA,NA,"A1",0,0,0,0,0,0
"2.0 ",11.2,"C25","C25",2,1.2,"コミネカエデ",77.3,78,"","","",NA,NA,"A1",0,0,0,0,0,0
"1.9 ",12.5,"C26","C26",1.9,2.5,"サラサドウダン",27.8,28.1,"","","",NA,NA,"A1",0,0,0,0,0,0
"1.8 ",14.5,"C27","C27",1.8,4.5,"ブナ",22.3,23.3,"伏状更新1","","",NA,NA,"A1",0,0,0,0,0,0
"1.0 ",12.8,"C28","C28",1,2.8,"ブナ",18,18.3,"伏状更新2","","",NA,NA,"A1",0,0,0,0,0,0
"2.2 ",17.5,"C29","C29",2.2,7.5,"サラサドウダン",19.8,NA,"","行方不明","",NA,NA,"A1",0,0,0,0,0,1
"0.5 ",20.6,"C188","C188",0.5,0.6,"クマシデ",41.4,NA,"","行方不明","",NA,NA,"A2",0,0,0,0,0,1
"4.8 ",30.1,"C186","C186",4.8,0.1,"ブナ",81.6,83.6,"","","",NA,NA,"A3",0,0,0,0,0,0
"3.0 ",39.5,"C187","C187",3,9.5,"サワグルミ",34.2,35.7,"ツル込み","","",NA,NA,"A3",0,0,0,0,0,0
"3.7 ",48.2,"C101","C101",3.7,8.2,"ブナ",127.4,127.5,"","前回GBHデータ、27.4→127.4","",NA,NA,"A4",0,0,0,0,0,0
"6.0 ",46.2,"C102","C102",6,6.2,"ブナ",136.4,148.5,"ツル込み","","",NA,NA,"A4",0,0,0,0,0,0
"1.3 ",46.7,"C103","C103",1.3,6.7,"オオモミジ",57.3,58.9,"","","",NA,NA,"A4",0,0,0,0,0,0
"8.5 ",45.7,"C104","C104",8.5,5.7,"リョウブ",45.8,NA,"根がえり、倒木、瀕死、株立ち","枯死","",NA,NA,"A4",0,1,0,0,0,0
"8.5 ",45.7,"C105","C104",8.5,5.7,"リョウブ",39,NA,"根がえり、倒木、瀕死、株立ち","枯死","",NA,NA,"A4",0,1,0,0,0,0
"8.5 ",45.7,"C106","C104",8.5,5.7,"リョウブ",23.7,NA,"根がえり、倒木、瀕死、株立ち","枯死","",NA,NA,"A4",0,1,0,0,0,0
"8.0 ",56.4,"944","944",8,6.4,"イトマキイタヤ",171.1,177.7,"","","",NA,NA,"A5",0,0,0,0,0,0
"6.8 ",50.6,"945","945",6.8,0.6,"リョウブ",31.2,32,"","","",NA,NA,"A5",0,0,0,0,0,0
"6.4 ",50.4,"946","946",6.4,0.4,"リョウブ",28,NA,"","行方不明","",NA,NA,"A5",0,0,0,0,0,1
"3.8 ",58,"947","947",3.8,8,"サワシバ",35.7,36.7,"","","",NA,NA,"A5",0,0,0,0,0,0
"2.8 ",59.5,"948","948",2.8,9.5,"リョウブ",29.2,29.9,"","","",NA,NA,"A5",0,0,0,0,0,0
"2.8 ",59.5,"949","948",2.8,9.5,"リョウブ",16.7,18.1,"","","",NA,NA,"A5",0,0,0,0,0,0
"2.8 ",59.5,"950","948",2.8,9.5,"リョウブ",18.7,18.9,"","","",NA,NA,"A5",0,0,0,0,0,0
"2.8 ",59.5,"951","948",2.8,9.5,"リョウブ",33.8,33.8,"","","",NA,NA,"A5",0,0,0,0,0,0
"2.8 ",59.5,"952","948",2.8,9.5,"リョウブ",31.5,31.6,"枝分かれ","","",NA,NA,"A5",0,0,0,0,0,0
"0.3 ",58.2,"953","953",0.3,8.2,"アオダモ",65.2,70.9,"","","",NA,NA,"A5",0,0,0,0,0,0
"8.8 ",64.7,"685","685",8.8,4.7,"ブナ",95.1,99.5,"","","",NA,NA,"A6",0,0,0,0,0,0
"4.1 ",61.2,"686","686",4.1,1.2,"オオモミジ",85.5,87,"","","",NA,NA,"A6",0,0,0,0,0,0
"3.6 ",61.9,"687","687",3.6,1.9,"サワシバ",91,93.6,"","","",NA,NA,"A6",0,0,0,0,0,0
"2.6 ",60.2,"688","688",2.6,0.2,"イトマキイタヤ",22.5,22.9,"","","",NA,NA,"A6",0,0,0,0,0,0
"2.6 ",63.7,"689","689",2.6,3.7,"アオダモ",24.4,24.8,"","前回GBHデータ、34.4→24.4","",NA,NA,"A6",0,0,0,0,0,0
"2.1 ",64.3,"690","690",2.1,4.3,"リョウブ",25.7,26,"","","",NA,NA,"A6",0,0,0,0,0,0
"2.4 ",65.7,"691","691",2.4,5.7,"サワシバ",58.7,61.4,"","","",NA,NA,"A6",0,0,0,0,0,0
"1.7 ",65.7,"692","692",1.7,5.7,NA,15,NA,"樹皮真赤、ツル　？","行方不明","",NA,NA,"A6",0,0,-1,-1,0,1
"1.1 ",65.7,"693","693",1.1,5.7,"シナノキ",50.6,54.6,"","","",NA,NA,"A6",0,0,0,0,0,0
"2.7 ",66.9,"694","694",2.7,6.9,"タンナサワフタギ",21.1,21.9,"","","タンナサワフタギ？→サワフタギ",NA,NA,"A6",0,0,0,0,0,0
"1.3 ",69.5,"695","695",1.3,9.5,"タンナサワフタギ",26,26.9,"","前回GBHデータ、29.0→26.0cm","サワフタギ？→サワフタギ",NA,NA,"A6",0,0,0,0,0,0
"8.5 ",68.5,"302","302",8.5,8.5,"タンナサワフタギ",NA,31.1,"","","",NA,NA,"A6",0,0,-1,1,0,0
"8.0 ",77.4,"427","427",8,7.4,"タンナサワフタギ",17.8,19.2,"","","",NA,NA,"A7",0,0,0,0,0,0
"7.2 ",72,"428","428",7.2,2,"マメザクラ",27.5,33.9,"","","",NA,NA,"A7",0,0,0,0,0,0
"0.0 ",70.4,"429","429",0,0.4,"シナノキ",31.8,36.2,"","","",NA,NA,"A7",0,0,0,0,0,0
"0.8 ",72.8,"430","430",0.8,2.8,"ブナ",45.8,47.9,"","","",NA,NA,"A7",0,0,0,0,0,0
"2.1 ",76.6,"431","431",2.1,6.6,"ミズキ",133,140,"","","",NA,NA,"A7",0,0,0,0,0,0
"3.0 ",77.8,"432","432",3,7.8,"コミネカエデ",38.2,42.5,"","","",NA,NA,"A7",0,0,0,0,0,0
"3.0 ",79.2,"433","433",3,9.2,"シナノキ",122.7,122.8,"","","",NA,NA,"A7",0,0,0,0,0,0
"8.0 ",88,"434","434",8,8,"ミヤマイボタ",22.8,22.8,"","","",NA,NA,"A8",0,0,0,0,0,0
"6.0 ",87.3,"435","435",6,7.3,"ホオノキ",81.1,92.2,"","成長良いため同じ位置にタグ打ち直し","",NA,NA,"A8",0,0,0,0,0,0
"6.0 ",87.3,"436","435",6,7.3,"ホオノキ",31.6,31.9,"","","",NA,NA,"A8",0,0,0,0,0,0
"6.0 ",87.3,"437","435",6,7.3,"ホオノキ",74.5,76,"","成長良いため同じ位置にタグ打ち直し","",NA,NA,"A8",0,0,0,0,0,0
"6.0 ",85.9,"438","438",6,5.9,"マメザクラ",19.9,20,"","","",NA,NA,"A8",0,0,0,0,0,0
"3.4 ",86.6,"439","439",3.4,6.6,"マメザクラ",16.2,16.4,"","","",NA,NA,"A8",0,0,0,0,0,0
"9.2 ",89.2,"696","696",9.2,9.2,"ミズキ",101.1,105.5,"","","",NA,NA,"A8",0,0,0,0,0,0
"8.9 ",84,"697","697",8.9,4,"タンナサワフタギ",32,NA,"","","",NA,NA,"A8",0,1,0,0,0,0
"0.4 ",83.3,"957","957",0.4,3.3,"ヒナウチワカエデ",87.6,90.4,"","","",NA,NA,"A8",0,0,0,0,0,0
"6.4 ",81.4,"958","958",6.4,1.4,"アオダモ",15.6,16.1,"","","",NA,NA,"A8",0,0,-1,1,0,0
"6.4 ",81.4,"959","958",6.4,1.4,"アオダモ",41.6,NA,"","","",NA,NA,"A8",0,1,0,0,0,0
"6.4 ",81.4,"960","958",6.4,1.4,"アオダモ",29.1,30.2,"","","",NA,NA,"A8",0,0,0,0,0,0
"5.3 ",94.4,"C263","C263",5.3,4.4,"アオダモ",34.2,37.7,"","","",NA,NA,"A9",0,0,0,0,0,0
"4.5 ",95,"C264","C264",4.5,5,"サワシバ",48.5,51.5,"","","",NA,NA,"A9",0,0,0,0,0,0
"5.0 ",96.1,"C265","C265",5,6.1,"アオダモ",45.6,51,"","","",NA,NA,"A9",0,0,0,0,0,0
"3.1 ",95,"C266","C266",3.1,5,"カマツカ",18.5,20.6,"","","",NA,NA,"A9",0,0,0,0,0,0
"3.1 ",95,"303","C266",3.1,5,"カマツカ",NA,17.7,"","枝","",NA,NA,"A9",0,0,-1,1,0,0
"3.1 ",95.9,"C267","C267",3.1,5.9,"ツクバネウツギ",15,15,"","","",NA,NA,"A9",0,0,-1,-1,0,0
"6.7 ",99.7,"C268","C268",6.7,9.7,"タンナサワフタギ",35.6,35.3,"","","",NA,NA,"A9",0,0,0,0,0,0
"7.7 ",98.7,"C269","C269",7.7,8.7,"ノリウツギ",15,NA,"","","",NA,NA,"A9",0,1,-1,-1,0,0
"10.0 ",98.5,"C270","C270",10,8.5,"リョウブ",47.9,49.5,"","","",NA,NA,"A9",0,0,0,0,0,0
"10.0 ",98.5,"C271","C270",10,8.5,"リョウブ",21.7,23.5,"","","",NA,NA,"A9",0,0,0,0,0,0
"10.0 ",98.5,"C272","C270",10,8.5,"リョウブ",45.1,48.5,"","","",NA,NA,"A9",0,0,0,0,0,0
"10.0 ",98.5,"C273","C270",10,8.5,"リョウブ",46.6,50,"","","",NA,NA,"A9",0,0,0,0,0,0
"10.0 ",98.5,"C274","C270",10,8.5,"リョウブ",16.6,16.6,"","","",NA,NA,"A9",0,0,0,0,0,0
"10.0 ",98.5,"C275","C270",10,8.5,"リョウブ",21.9,23,"","","",NA,NA,"A9",0,0,0,0,0,0
"18.7 ",7.8,"341","341",8.7,7.8,"ブナ",183.9,183.5,"","","",NA,NA,"B0",0,0,0,0,0,0
"14.3 ",3.3,"342","342",4.3,3.3,"タンナサワフタギ",24.6,26.2,"","","",NA,NA,"B0",0,0,0,0,0,0
"15.9 ",1.9,"344","344",5.9,1.9,"ミズキ",42.4,47,"","","",NA,NA,"B0",0,0,0,0,0,0
"16.8 ",0.8,"347","347",6.8,0.8,"ブナ",186.3,187.3,"","","",NA,NA,"B0",0,0,0,0,0,0
"12.0 ",5.6,"356","356",2,5.6,"ブナ",143.6,143.9,"","","",NA,NA,"B0",0,0,0,0,0,0
"18.8 ",5.3,"357","357",8.8,5.3,"ブナ",70.1,71,"","","",NA,NA,"B0",0,0,0,0,0,0
"19.0 ",27,"C181","C181",9,7,"ブナ",42,NA,"","行方不明","",NA,NA,"B2",0,0,0,0,0,1
"14.0 ",25,"C182","C182",4,5,"ブナ",28.3,29,"","","",NA,NA,"B2",0,0,0,0,0,0
"14.0 ",25,"C183","C182",4,5,"ブナ",57.3,62,"","","",NA,NA,"B2",0,0,0,0,0,0
"20.0 ",36.7,"C146","C146",10,6.7,"ブナ",80.7,85.5,"","","",NA,NA,"B3",0,0,0,0,0,0
"15.9 ",34.7,"C147","C147",5.9,4.7,"ミズキ",154.5,156,"","","",NA,NA,"B3",0,0,0,0,0,0
"15.5 ",36.9,"C148","C148",5.5,6.9,"サラサドウダン",20,21,"","","",NA,NA,"B3",0,0,0,0,0,0
"15.5 ",36.9,"C149","C148",5.5,6.9,"サラサドウダン",16.5,17.1,"","","",NA,NA,"B3",0,0,0,0,0,0
"15.5 ",39.1,"C150","C150",5.5,9.1,"タンナサワフタギ",16.5,16.7,"","","",NA,NA,"B3",0,0,0,0,0,0
"15.5 ",39.1,"C151","C150",5.5,9.1,"タンナサワフタギ",17.7,17.7,"","こぶ下で計測","",NA,NA,"B3",0,0,0,0,0,0
"11.2 ",39.7,"C152","C152",1.2,9.7,"イトマキイタヤ",30,32,"","","",NA,NA,"B3",0,0,0,0,0,0
"12.0 ",49,"400","400",2,9,"リョウブ",NA,39,"","","",NA,NA,"B４",0,0,0,0,1,0
"15.0 ",48,"C107","C107",5,8,"ブナ",141.2,144.2,"","","",NA,NA,"B4",0,0,0,0,0,0
"19.4 ",57.4,"931","931",9.4,7.4,"ブナ",37.9,38,"","","",NA,NA,"B5",0,0,0,0,0,0
"19.4 ",58.8,"932","932",9.4,8.8,"サワシバ",76.5,79.2,"","","",NA,NA,"B5",0,0,0,0,0,0
"17.9 ",58.2,"933","933",7.9,8.2,"アオダモ",47.6,49,"","","",NA,NA,"B5",0,0,0,0,0,0
"16.3 ",50.6,"934","934",6.3,0.6,"ブナ",20.6,20.9,"","","",NA,NA,"B5",0,0,0,0,0,0
"15.0 ",54.4,"935","935",5,4.4,"アオダモ",41.8,44.9,"","","",NA,NA,"B5",0,0,0,0,0,0
"15.0 ",54.4,"936","935",5,4.4,"アオダモ",24.2,24.2,"枝分かれ","","",NA,NA,"B5",0,0,0,0,0,0
"14.0 ",56.9,"937","937",4,6.9,"マメザクラ",18.4,19.2,"","","",NA,NA,"B5",0,0,0,0,0,0
"14.0 ",56.9,"938","937",4,6.9,"マメザクラ",16.2,15.5,"","","",NA,NA,"B5",0,0,0,0,0,0
"12.9 ",57.6,"939","939",2.9,7.6,"リョウブ",21.1,23.4,"","","",NA,NA,"B5",0,0,0,0,0,0
"13.4 ",52.6,"941","941",3.4,2.6,"リョウブ",44.3,45.8,"","根返り","",NA,NA,"B5",0,0,0,0,0,0
"13.4 ",52.6,"942","941",3.4,2.6,"リョウブ",27.9,28.5,"","根返り","",NA,NA,"B5",0,0,0,0,0,0
"13.4 ",52.6,"943","941",3.4,2.6,"リョウブ",21,NA,"","行方不明","",NA,NA,"B5",0,0,0,0,0,1
"11.9 ",69.6,"684","684",1.9,9.6,"オオモミジ",120.4,123.8,"","","",NA,NA,"B6",0,0,0,0,0,0
"15.6 ",63.6,"994","994",5.6,3.6,"リョウブ",39.7,40.5,"","","",NA,NA,"B6",0,0,0,0,0,0
"15.6 ",63.6,"995","994",5.6,3.6,"リョウブ",33.4,33.4,"","","",NA,NA,"B6",0,0,0,0,0,0
"12.4 ",61.2,"996","996",2.4,1.2,"リョウブ",49.9,NA,"","","",NA,NA,"B6",0,1,0,0,0,0
"10.8 ",61.2,"997","997",0.8,1.2,"サワシバ",125,129.2,"","","",NA,NA,"B6",0,0,0,0,0,0
"18.6 ",67,"998","998",8.6,7,"カジカエデ",125.3,128.2,"","","",NA,NA,"B6",0,0,0,0,0,0
"18.6 ",67,"999","998",8.6,7,"カジカエデ",26.7,26,"","","",NA,NA,"B6",0,0,0,0,0,0
"18.6 ",67,"1000","998",8.6,7,"カジカエデ",68.9,76,"","","",NA,NA,"B6",0,0,0,0,0,0
"18.6 ",67,"681","998",8.6,7,"カジカエデ",20.8,20.9,"","","",NA,NA,"B6",0,0,0,0,0,0
"18.6 ",67,"682","998",8.6,7,"カジカエデ",52.1,53.5,"","","",NA,NA,"B6",0,0,0,0,0,0
"18.6 ",67,"683","998",8.6,7,"カジカエデ",18.4,18,"","","",NA,NA,"B6",0,0,0,0,0,0
"14.0 ",79.2,"395","395",4,9.2,"ブナ",196.1,197.2,"","","",NA,NA,"B7",0,0,0,0,0,0
"14.0 ",79.7,"396","396",4,9.7,"ツルアジサイ",29.5,31.1,"","","前回？→ツルアジサイ",NA,NA,"B7",0,0,0,0,0,0
"18.7 ",76.6,"397","397",8.7,6.6,"タンナサワフタギ",20.5,20.5,"","","",NA,NA,"B7",0,0,0,0,0,0
"20.0 ",75.7,"398","398",10,5.7,"アオダモ",69,73.4,"","","",NA,NA,"B7",0,0,0,0,0,0
"20.0 ",75.7,"399","398",10,5.7,"アオダモ",27,27.5,"","","",NA,NA,"B7",0,0,0,0,0,0
"13.4 ",73.4,"421","421",3.4,3.4,"リョウブ",18.2,18.7,"","","",NA,NA,"B7",0,0,0,0,0,0
"13.4 ",73.4,"422","421",3.4,3.4,"リョウブ",28.5,30.3,"","","",NA,NA,"B7",0,0,0,0,0,0
"13.4 ",73.4,"423","421",3.4,3.4,"リョウブ",17.4,19.2,"","","",NA,NA,"B7",0,0,0,0,0,0
"13.4 ",73.4,"424","421",3.4,3.4,"リョウブ",38.6,40.2,"","","",NA,NA,"B7",0,0,0,0,0,0
"12.8 ",74.8,"425","425",2.8,4.8,"タンナサワフタギ",20.3,20.5,"","","",NA,NA,"B7",0,0,0,0,0,0
"12.8 ",74.8,"426","425",2.8,4.8,"タンナサワフタギ",17.8,18.3,"","","",NA,NA,"B7",0,0,0,0,0,0
"19.2 ",72,"440","440",9.2,2,"ブナ",68.8,77.8,"","","",NA,NA,"B7",0,0,0,0,0,0
"10.5 ",89,"C276","C276",0.5,9,"マメザクラ",18.9,18.9,"","","",NA,NA,"B8",0,0,0,0,0,0
"13.4 ",88.4,"C277","C277",3.4,8.4,"シナノキ",26.2,27.9,"","前回GBHデータ36.2→26.2に変更","",NA,NA,"B8",0,0,0,0,0,0
"14.0 ",87.7,"C278","C278",4,7.7,"アオダモ",20.4,NA,"","倒れ","",NA,NA,"B8",0,1,0,0,0,0
"14.0 ",87.7,"C279","C278",4,7.7,"アオダモ",46.1,NA,"","倒れ","",NA,NA,"B8",0,1,0,0,0,0
"14.0 ",87.7,"C280","C278",4,7.7,"アオダモ",27.9,NA,"計測位置　150cm　height","倒れ","",NA,NA,"B8",0,1,0,0,0,0
"14.0 ",87.7,"C281","C278",4,7.7,"アオダモ",52,NA,"計測位置　150cm　height","倒れ","",NA,NA,"B8",0,1,0,0,0,0
"13.8 ",85.2,"C282","C282",3.8,5.2,"カマツカ",22.7,22.7,"","","",NA,NA,"B8",0,0,0,0,0,0
"12.7 ",85.4,"C283","C283",2.7,5.4,"ヒナウチワカエデ",100.8,104,"計測位置　150cm　H","","",NA,NA,"B8",0,0,0,0,0,0
"16.6 ",85.9,"C284","C284",6.6,5.9,"アオダモ",24.3,NA,"","","",NA,NA,"B8",0,1,0,0,0,0
"19.6 ",85,"C285","C285",9.6,5,"ブナ",62.1,64.9,"","","",NA,NA,"B8",0,0,0,0,0,0
"10.7 ",88.5,"304","304",0.7,8.5,"アオダモ",NA,17,"","","",NA,NA,"B8",0,0,-1,1,0,0
"15.7 ",90.5,"C250","C250",5.7,0.5,"マメザクラ",32.7,32.9,"","","",NA,NA,"B9",0,0,0,0,0,0
"13.6 ",92,"C251","C251",3.6,2,"リョウブ",40.7,42,"","","",NA,NA,"B9",0,0,0,0,0,0
"13.6 ",92,"C252","C251",3.6,2,"リョウブ",16.2,16.6,"","","",NA,NA,"B9",0,0,0,0,0,0
"13.6 ",92,"C253","C251",3.6,2,"リョウブ",49.8,50.7,"","","",NA,NA,"B9",0,0,0,0,0,0
"13.6 ",92,"C254","C251",3.6,2,"リョウブ",22.9,NA,"","","",NA,NA,"B9",0,1,0,0,0,0
"13.6 ",92,"C255","C251",3.6,2,"リョウブ",43,44.5,"","","",NA,NA,"B9",0,0,0,0,0,0
"11.6 ",96.1,"C256","C256",1.6,6.1,"カマツカ",19.6,20.3,"","","",NA,NA,"B9",0,0,0,0,0,0
"17.2 ",94,"C257","C257",7.2,4,"ヒナウチワカエデ",111,117.5,"","","",NA,NA,"B9",0,0,0,0,0,0
"14.1 ",95.9,"C258","C258",4.1,5.9,"カジカエデ",18.8,21.3,"","","",NA,NA,"B9",0,0,0,0,0,0
"17.1 ",94.8,"C259","C259",7.1,4.8,"ブナ",65.2,67.7,"","","",NA,NA,"B9",0,0,0,0,0,0
"17.2 ",95.5,"C260","C260",7.2,5.5,"コシアブラ",32.4,36,"","","",NA,NA,"B9",0,0,0,0,0,0
"19.5 ",99.5,"C261","C261",9.5,9.5,"シナノキ",40.5,40.7,"","","",NA,NA,"B9",0,0,0,0,0,0
"19.4 ",99.9,"C262","C262",9.4,9.9,"マユミ",40.7,41.5,"","","",NA,NA,"B9",0,0,0,0,0,0
"24.7 ",5.6,"340","340",4.7,5.6,"ヒナウチワカエデ",88.4,91.6,"","","",NA,NA,"C0",0,0,0,0,0,0
"26.9 ",5.5,"343","343",6.9,5.5,"ミヤマイボタ",21.3,21.4,"","","",NA,NA,"C0",0,0,0,0,0,0
"26.9 ",5.5,"500","343",6.9,5.5,"ミヤマイボタ",NA,16.4,"","","",NA,NA,"C0",0,0,-1,1,0,0
"26.0 ",4.6,"350","350",6,4.6,"タンナサワフタギ",18.8,18.4,"","","",NA,NA,"C0",0,0,0,0,0,0
"25.3 ",3.5,"351","351",5.3,3.5,"タンナサワフタギ",25.6,25.1,"","","",NA,NA,"C0",0,0,0,0,0,0
"23.4 ",1.6,"358","358",3.4,1.6,"ブナ",16.5,17.9,"","","",NA,NA,"C0",0,0,0,0,0,0
"22.2 ",5.6,"348","348",2.2,5.6,"ホオノキ",83.3,86.7,"","345?→348タグ変更","",NA,NA,"C0",0,0,0,0,0,0
"21.7 ",5.6,"359","359",1.7,5.6,"ブナ",101.5,100,"","354?→359タグ変更","",NA,NA,"C0",0,0,0,0,0,0
"21.5 ",5,"354","354",1.5,5,"イタヤカエデ",108.8,111.8,"","354?→354タグ変更","",NA,NA,"C0",0,0,0,0,0,0
"29.9 ",18,"C13","C13",9.9,8,"アオダモ",18,22,"","","",NA,NA,"C1",0,0,0,0,0,0
"29.9 ",18,"402","C13",9.9,8,"アオダモ",NA,17.5,"","","",NA,NA,"C1",0,0,-1,1,0,0
"29.9 ",14.3,"C14","C14",9.9,4.3,"イトマキイタヤ",25.6,NA,"","行方不明","",NA,NA,"C1",0,0,0,0,0,1
"28.1 ",10.4,"C15","C15",8.1,0.4,"ハウチワカエデ",18,NA,"","行方不明","",NA,NA,"C1",0,0,0,0,0,1
"28.1 ",10.4,"C16","C15",8.1,0.4,"ハウチワカエデ",23.6,NA,"","行方不明","",NA,NA,"C1",0,0,0,0,0,1
"28.1 ",10.4,"C17","C15",8.1,0.4,"ハウチワカエデ",29.7,NA,"","行方不明","",NA,NA,"C1",0,0,0,0,0,1
"28.1 ",10.4,"C18","C15",8.1,0.4,"ハウチワカエデ",25.8,NA,"","行方不明","",NA,NA,"C1",0,0,0,0,0,1
"28.1 ",10.4,"C19","C15",8.1,0.4,"ハウチワカエデ",25.3,NA,"","行方不明","",NA,NA,"C1",0,0,0,0,0,1
"25.5 ",10.8,"C20","C20",5.5,0.8,"ブナ",27.4,NA,"","行方不明","",NA,NA,"C1",0,0,0,0,0,1
"23.3 ",19.4,"C21","C21",3.3,9.4,"リョウブ",24.2,NA,"","行方不明","",NA,NA,"C1",0,0,0,0,0,1
"29.0 ",19.3,"C22","C22",9,9.3,"ブナ",15.4,NA,"","行方不明","",NA,NA,"C1",0,0,-1,-1,0,1
"29.5 ",20.6,"C211","C211",9.5,0.6,"ホオノキ",164,NA,"","行方不明","",NA,NA,"C2",0,0,0,0,0,1
"29.5 ",20.6,"C212","C212",9.5,0.6,"ツルアジサイ",25.4,NA,"","行方不明","",NA,NA,"C2",0,0,0,0,0,1
"27.0 ",21.2,"C213","C213",7,1.2,"イトマキイタヤ",38.4,40.9,"","","",NA,NA,"C2",0,0,0,0,0,0
"24.5 ",25,"C214","C214",4.5,5,"カジカエデ",82.4,85,"","","",NA,NA,"C2",0,0,0,0,0,0
"28.0 ",24.5,"C215","C215",8,4.5,"アオダモ",29.4,31,"","","",NA,NA,"C2",0,0,0,0,0,0
"24.0 ",27,"C216","C216",4,7,"ヤマボウシ",63.4,64.8,"","","",NA,NA,"C2",0,0,0,0,0,0
"24.0 ",23,"C217","C217",4,3,"コミネカエデ",24.7,28.1,"","","",NA,NA,"C2",0,0,0,0,0,0
"23.0 ",23,"C218","C218",3,3,"ブナ",99.4,106.6,"","","",NA,NA,"C2",0,0,0,0,0,0
"22.0 ",20,"C219","C219",2,0,"サラサドウダン",16.6,NA,"","行方不明","",NA,NA,"C2",0,0,0,0,0,1
"22.0 ",20,"C220","C219",2,0,"サラサドウダン",46.4,NA,"","行方不明","",NA,NA,"C2",0,0,0,0,0,1
"22.0 ",20,"C180","C219",2,0,"サラサドウダン",21.2,NA,"","行方不明","",NA,NA,"C2",0,0,0,0,0,1
"27.8 ",24.6,"401","401",7.8,4.6,"リョウブ",NA,18.8,"","","",NA,NA,"C2",0,0,-1,1,0,0
"26.4 ",39.6,"C138","C138",6.4,9.6,"アオダモ",33,33.7,"","","",NA,NA,"C3",0,0,0,0,0,0
"26.4 ",39.6,"C139","C138",6.4,9.6,"アオダモ",17.4,18.2,"","","",NA,NA,"C3",0,0,0,0,0,0
"24.1 ",37.2,"C140","C140",4.1,7.2,"ブナ",192,197,"","","",NA,NA,"C3",0,0,0,0,0,0
"24.4 ",33.8,"C141","C141",4.4,3.8,"オオモミジ",30.7,33.9,"","","",NA,NA,"C3",0,0,0,0,0,0
"22.2 ",30,"403","403",2.2,0,"ハリギリ",202.7,210.4,"","C142→403タグ変更","",NA,NA,"C3",0,0,0,0,0,0
"21.4 ",39.7,"C143","C143",1.4,9.7,"カジカエデ",121.2,122.7,"","","",NA,NA,"C3",0,0,0,0,0,0
"21.4 ",39.7,"C144","C143",1.4,9.7,"カジカエデ",26.3,27.5,"","","",NA,NA,"C3",0,0,0,0,0,0
"21.4 ",39.4,"C145","C145",1.4,9.4,"ツルアジサイ",17.3,18.1,"","","",NA,NA,"C3",0,0,0,0,0,0
"20.5 ",47.1,"C108","C108",0.5,7.1,"リョウブ",27.9,28.5,"","","",NA,NA,"C4",0,0,0,0,0,0
"22.4 ",48.6,"C109","C109",2.4,8.6,"ブナ",134.9,139.5,"","","",NA,NA,"C4",0,0,0,0,0,0
"23.7 ",41.8,"C110","C110",3.7,1.8,"リョウブ",22,22.7,"","","",NA,NA,"C4",0,0,0,0,0,0
"24.7 ",42.5,"C111","C111",4.7,2.5,"アオダモ",26.1,NA,"根がえり、瀕死","","",NA,NA,"C4",0,1,0,0,0,0
"26.3 ",40.5,"C112","C112",6.3,0.5,"アオダモ",31.8,28.6,"ツル込み","","",NA,NA,"C4",0,0,0,0,0,0
"26.3 ",42.6,"C113","C113",6.3,2.6,"ミツバツツジ",21.8,22.5,"","","",NA,NA,"C4",0,0,0,0,0,0
"26.3 ",42.6,"C114","C113",6.3,2.6,"ミツバツツジ",23.1,23.5,"","","",NA,NA,"C4",0,0,0,0,0,0
"26.3 ",42.6,"C115","C113",6.3,2.6,"ミツバツツジ",15.2,16,"","","",NA,NA,"C4",0,0,-1,1,0,0
"26.3 ",42.6,"C116","C113",6.3,2.6,"ミツバツツジ",21.3,21.4,"","","",NA,NA,"C4",0,0,0,0,0,0
"27.0 ",49,"C117","C117",7,9,"ブナ",231.1,233.2,"","","",NA,NA,"C4",0,0,0,0,0,0
"27.9 ",46.6,"C118","C118",7.9,6.6,"サワシバ",51.8,53,"","","サワシバ？→サワシバ",NA,NA,"C4",0,0,0,0,0,0
"28.2 ",49.9,"414","414",8.2,9.9,"リョウブ",NA,20,"","","",NA,NA,"C4",0,0,-1,1,0,0
"27.4 ",55.4,"924","924",7.4,5.4,"リョウブ",34.7,34.4,"","","",NA,NA,"C5",0,0,0,0,0,0
"26.8 ",54.4,"925","925",6.8,4.4,"ブナ",89.1,90.6,"","","",NA,NA,"C5",0,0,0,0,0,0
"27.8 ",56.6,"926","926",7.8,6.6,"アオダモ",22.6,22.6,"","","",NA,NA,"C5",0,0,0,0,0,0
"27.8 ",56.6,"927","926",7.8,6.6,"アオダモ",52,54.9,"","","",NA,NA,"C5",0,0,0,0,0,0
"27.8 ",56.6,"928","926",7.8,6.6,"アオダモ",16.2,NA,"","行方不明","",NA,NA,"C5",0,0,0,0,0,1
"21.4 ",56.4,"929","929",1.4,6.4,"クロビイタヤ",51.8,53.4,"","","",NA,NA,"C5",0,0,0,0,0,0
"20.6 ",54.4,"930","930",0.6,4.4,"ブナ",171,176.8,"ツル込み","","",NA,NA,"C5",0,0,0,0,0,0
"26.6 ",54.4,"416","416",6.6,4.4,"ツルアジサイ",NA,25.6,"","","",NA,NA,"C5",0,0,-1,1,0,0
"26.3 ",63.2,"197","197",6.3,3.2,"リョウブ",27.4,NA,"","幹折れ","",NA,NA,"C6",0,1,0,0,0,0
"26.3 ",65.9,"198","197",6.3,5.9,"リョウブ",16.2,16.1,"","","",NA,NA,"C6",0,0,0,0,0,0
"28.3 ",65.9,"199","199",8.3,5.9,"リョウブ",16.5,16.2,"枝分かれ","","",NA,NA,"C6",0,0,0,0,0,0
"28.3 ",65.9,"981","199",8.3,5.9,"リョウブ",18,NA,"","幹折れ","",NA,NA,"C6",0,1,0,0,0,0
"28.3 ",62.6,"980","980",8.3,2.6,NA,38,38.5,"タンナサワフタギ？","","",NA,NA,"C6",0,0,0,0,0,0
"28.6 ",66.7,"982","982",8.6,6.7,"ブナ",285,291.5,"","","",NA,NA,"C6",0,0,0,0,0,0
"28.6 ",67.2,"983","983",8.6,7.2,"ツルアジサイ",19.8,21.2,"982のツル","死んでない","",NA,NA,"C6",0,0,0,0,0,0
"22.6 ",61.3,"984","984",2.6,1.3,"リョウブ",69.3,59.9,"","","",NA,NA,"C6",0,0,0,0,0,0
"22.6 ",61.3,"985","984",2.6,1.3,"リョウブ",17,19,"","","",NA,NA,"C6",0,0,0,0,0,0
"20.4 ",62.8,"986","986",0.4,2.8,"アオダモ",61.1,64.7,"","","",NA,NA,"C6",0,0,0,0,0,0
"20.4 ",62.8,"987","986",0.4,2.8,"アオダモ",17.5,17.6,"枝分かれ","","",NA,NA,"C6",0,0,0,0,0,0
"20.4 ",62.8,"988","986",0.4,2.8,"アオダモ",17.4,17.3,"枝分かれ","","",NA,NA,"C6",0,0,0,0,0,0
"22.6 ",64.7,"989","989",2.6,4.7,"サラサドウダン",24.7,24.5,"枝分かれ","","",NA,NA,"C6",0,0,0,0,0,0
"22.6 ",64.7,"990","989",2.6,4.7,"サラサドウダン",25.8,25.4,"","","",NA,NA,"C6",0,0,0,0,0,0
"23.0 ",69.3,"991","991",3,9.3,"リョウブ",55,55.8,"","","",NA,NA,"C6",0,0,0,0,0,0
"23.0 ",69.3,"992","991",3,9.3,"リョウブ",35.7,36.4,"","","",NA,NA,"C6",0,0,0,0,0,0
"23.0 ",69.3,"993","991",3,9.3,"リョウブ",38.6,40.2,"","","",NA,NA,"C6",0,0,0,0,0,0
"24.0 ",76,"386","386",4,6,NA,36.7,36.8,"同株","","不明→サラサドウダンツツジ？",NA,NA,"C7",0,0,0,0,0,0
"24.0 ",76,"387","386",4,6,NA,19.4,19.5,"同株","","不明→サラサドウダンツツジ？",NA,NA,"C7",0,0,0,0,0,0
"24.0 ",76,"388","386",4,6,NA,43,43.8,"同株","","不明→サラサドウダンツツジ？",NA,NA,"C7",0,0,0,0,0,0
"24.0 ",76,"389","386",4,6,NA,35.9,38,"同株","","不明→サラサドウダンツツジ？",NA,NA,"C7",0,0,0,0,0,0
"24.0 ",76,"390","386",4,6,NA,29.4,29.6,"同株","","不明→サラサドウダンツツジ？",NA,NA,"C7",0,0,0,0,0,0
"24.0 ",76,"391","386",4,6,NA,17,17.4,"同株","","不明→サラサドウダンツツジ？",NA,NA,"C7",0,0,0,0,0,0
"29.2 ",76,"392","392",9.2,6,"ブナ",50.7,52.3,"","","",NA,NA,"C7",0,0,0,0,0,0
"28.8 ",70.4,"393","393",8.8,0.4,"シナノキ",49.5,52.5,"","","",NA,NA,"C7",0,0,0,0,0,0
"24.5 ",73.7,"394","394",4.5,3.7,"コミネカエデ",51,56.8,"","","",NA,NA,"C7",0,0,0,0,0,0
NA,83.6,"260","260",3.6,3.6,NA,16,NA,"","イワガラミ？","",NA,NA,"Ｃ8",0,0,0,0,0,1
"21.4 ",93.3,"910","910",1.4,3.3,"未同定",205.8,NA,"","存在なし","",NA,NA,"C9",0,0,0,0,0,1
"28.8 ",95.2,"C242","C242",8.8,5.2,"ブナ",118.8,119.4,"","","",NA,NA,"C9",0,0,0,0,0,0
"21.1 ",97.3,"C243","C243",1.1,7.3,"リョウブ",54.4,55.3,"","","",NA,NA,"C9",0,0,0,0,0,0
"21.1 ",97.3,"C244","C243",1.1,7.3,"リョウブ",28.9,24.4,"","","",NA,NA,"C9",0,0,0,0,0,0
"21.1 ",97.3,"C245","C243",1.1,7.3,"リョウブ",22.6,22.3,"","","",NA,NA,"C9",0,0,0,0,0,0
"23.0 ",99.5,"C247","C247",3,9.5,"ブナ",20.5,21.1,"","","",NA,NA,"C9",0,0,0,0,0,0
"22.9 ",99.7,"C248","C248",2.9,9.7,"サワシバ",47.4,47.5,"","","",NA,NA,"C9",0,0,0,0,0,0
"28.4 ",97.6,"C249","C249",8.4,7.6,"アオダモ",45.5,47.4,"","","",NA,NA,"C9",0,0,0,0,0,0
"29.2 ",93.2,"C910","C910",9.2,3.2,"イトマキイタヤ",206.9,218.6,"タグに切れ込み無し","","",NA,NA,"C9",0,0,0,0,0,0
"32.4 ",7,"405","405",2.4,7,"ミズメ",38.2,38.8,"","","",NA,NA,"D0",0,0,0,0,0,0
"36.7 ",2,"413","413",6.7,2,"タンナサワフタギ",22.4,23.6,"","","",NA,NA,"D0",0,0,0,0,0,0
"32.3 ",3.6,"414","414",2.3,3.6,"ブナ",130.7,128.7,"","ツルなし測定","",NA,NA,"D0",0,0,0,0,0,2
"31.2 ",5.7,"415","415",1.2,5.7,"タンナサワフタギ",21.6,21.1,"","","",NA,NA,"D0",0,0,0,0,0,0
"32.0 ",7.8,"417","417",2,7.8,"ミズキ",46.5,NA,"","崩壊で無くなった","",NA,NA,"D0",0,0,0,0,0,1
"37.8 ",2.5,"418","418",7.8,2.5,"ブナ",84.7,85.7,"","","",NA,NA,"D0",0,0,0,0,0,0
"39.7 ",0.7,"419","419",9.7,0.7,"タンナサワフタギ",28.2,27.8,"","","",NA,NA,"D0",0,0,0,0,0,0
"38.4 ",16.9,"C10","C10",8.4,6.9,"ハリギリ",179.5,189.3,"","前回データ変更79.5→179.5","",NA,NA,"D1",0,0,0,0,0,0
"37.7 ",14.5,"C11","C11",7.7,4.5,"ハウチワカエデ",20.3,22.8,"","","",NA,NA,"D1",0,0,0,0,0,0
"37.7 ",14.5,"C12","C11",7.7,4.5,"ハウチワカエデ",15.7,19.3,"","","",NA,NA,"D1",0,0,0,0,0,0
"39.2 ",18.8,"C6","C6",9.2,8.8,"ブナ",114.8,117.4,"","","",NA,NA,"D1",0,0,0,0,0,0
"39.9 ",18,"C7","C7",9.9,8,"サワシバ",51.3,52,"","","",NA,NA,"D1",0,0,0,0,0,0
"38.4 ",17.5,"C8","C8",8.4,7.5,"シナノキ",31.6,33.6,"","","",NA,NA,"D1",0,0,0,0,0,0
"38.4 ",17.5,"C9","C8",8.4,7.5,"シナノキ",20.5,23.5,"","","",NA,NA,"D1",0,0,0,0,0,0
"33.0 ",22.5,"C202","C202",3,2.5,"クマシデ",17.4,20.1,"","","",NA,NA,"D2",0,0,0,0,0,0
"33.0 ",22.5,"C203","C203",3,2.5,"クマシデ",15.8,16.5,"","","",NA,NA,"D2",0,0,0,0,0,0
"30.5 ",28,"C204","C204",0.5,8,"ブナ",40.5,43.3,"","","",NA,NA,"D2",0,0,0,0,0,0
"32.0 ",26.3,"C205","C205",2,6.3,"ミズキ",121.8,129,"","","",NA,NA,"D2",0,0,0,0,0,0
"30.5 ",27,"C206","C206",0.5,7,"リョウブ",NA,26.3,"＊周囲長忘れ","","",NA,NA,"D2",0,0,0,0,1,0
"31.0 ",27,"C207","C207",1,7,"リョウブ",25.6,27.5,"","","",NA,NA,"D2",0,0,0,0,0,0
"31.0 ",27,"C208","C207",1,7,"リョウブ",32,34.5,"","","",NA,NA,"D2",0,0,0,0,0,0
"31.0 ",27,"C209","C207",1,7,"リョウブ",29.4,25,"","","",NA,NA,"D2",0,0,0,0,0,0
"31.0 ",27,"C210","C207",1,7,"リョウブ",28.3,31.1,"","","",NA,NA,"D2",0,0,0,0,0,0
"33.5 ",28,"C221","C221",3.5,8,"ヤマボウシ",43.7,44.5,"　","","",NA,NA,"D2",0,0,0,0,0,0
"33.5 ",28,"C201","C221",3.5,8,"ヤマボウシ",44.2,42.3,"","","",NA,NA,"D2",0,0,0,0,0,0
"31.8 ",23.5,"C222","C222",1.8,3.5,"サワシバ",44,49.9,"","","",NA,NA,"D2",0,0,0,0,0,0
"32.5 ",28.5,"C224","C224",2.5,8.5,"サラサドウダン",44.2,51,"","","",NA,NA,"D2",0,0,0,0,0,0
"32.5 ",28.5,"C223","C224",2.5,8.5,"サラサドウダン",21.3,22.4,"","","",NA,NA,"D2",0,0,0,0,0,0
"32.0 ",29.8,"C225","C225",2,9.8,"カマツカ",15.4,16.3,"","","",NA,NA,"D2",0,0,-1,1,0,0
"33.1 ",29.5,"C226","C226",3.1,9.5,"カマツカ",15.7,16,"","","",NA,NA,"D2",0,0,0,0,0,0
"33.1 ",29.5,"411","C226",3.1,9.5,"カマツカ",NA,15.5,"","","",NA,NA,"D2",0,0,-1,-1,0,0
"39.0 ",27,"C231","C231",9,7,"リョウブ",21,23.6,"","","",NA,NA,"D2",0,0,0,0,0,0
"39.0 ",27,"C230","C231",9,7,"リョウブ",27.9,27.5,"","","",NA,NA,"D2",0,0,0,0,0,0
"39.0 ",27,"C229","C231",9,7,"リョウブ",34,NA,"腐り","","",NA,NA,"D2",0,1,0,0,0,0
"37.7 ",37.5,"C126","C126",7.7,7.5,"ブナ",127,135.8,"","","",NA,NA,"D3",0,0,0,0,0,0
"39.0 ",35.3,"413","413",9,5.3,"オオモミジ",75.8,81.3,"","C127→413タグ変更","",NA,NA,"D3",0,0,0,0,0,0
"37.5 ",30.8,"C128","C129",7.5,0.8,"カマツカ",15.5,20.1,"","","",NA,NA,"D3",0,0,-1,1,0,0
"37.5 ",30.8,"C129","C129",7.5,0.8,"カマツカ",16.3,18.6,"","","",NA,NA,"D3",0,0,0,0,0,0
"33.3 ",34.5,"C130","C131",3.3,4.5,"リョウブ",31.2,34.3,"","","",NA,NA,"D3",0,0,0,0,0,0
"33.3 ",34.5,"C131","C131",3.3,4.5,"リョウブ",50.2,55.4,"","","",NA,NA,"D3",0,0,0,0,0,0
"35.1 ",32.1,"C132","C132",5.1,2.1,NA,116.1,119,"","マメザクラ？","",NA,NA,"D3",0,0,0,0,0,0
"35.1 ",30.8,"C133","C133",5.1,0.8,"ブナ",28.5,33.4,"","","",NA,NA,"D3",0,0,0,0,0,0
"34.2 ",30.8,"C134","C134",4.2,0.8,"リョウブ",28.9,32.3,"","","",NA,NA,"D3",0,0,0,0,0,0
"34.2 ",30.8,"C135","C134",4.2,0.8,"リョウブ",21,22.9,"","","",NA,NA,"D3",0,0,0,0,0,0
"32.6 ",32.4,"C136","C136",2.6,2.4,"マメザクラ",73,78.7,"","","",NA,NA,"D3",0,0,0,0,0,0
"33.0 ",35,"C137","C137",3,5,"サラサドウダン",28.4,29.3,"","","",NA,NA,"D3",0,0,0,0,0,0
"30.7 ",44,"C119","C119",0.7,4,"マユミ",37.7,37.4,"ツル込み","","",NA,NA,"D4",0,0,0,0,0,0
"30.1 ",42.4,"397","397",0.1,2.4,"アオダモ",15.6,17.9,"","C120→397タグ変更","",NA,NA,"D4",0,0,-1,1,0,0
"32.9 ",49.3,"C80","C80",2.9,9.3,"ブナ",27.2,26.7,"","","",NA,NA,"D4",0,0,0,0,0,0
"33.3 ",43.7,"C81","C81",3.3,3.7,"ブナ",146.4,151.6,"ツル込み","","",NA,NA,"D4",0,0,0,0,0,0
"34.6 ",44.6,"C82","C82",4.6,4.6,"ブナ",23.7,23.3,"","","",NA,NA,"D4",0,0,0,0,0,0
"38.7 ",46.5,"C83","C83",8.7,6.5,"ブナ",161.3,172.6,"ツル向かって右から3,4,5本目のツル込みで測定","","",NA,NA,"D4",0,0,0,0,0,0
"39.1 ",46.6,"C84","C84",9.1,6.6,"リョウブ",22.5,23.3,"","","",NA,NA,"D4",0,0,0,0,0,0
"39.5 ",47.7,"C85","C85",9.5,7.7,"ブナ",118.6,118.8,"","","",NA,NA,"D4",0,0,0,0,0,0
"38.7 ",46.9,"410","410",8.7,6.9,"ツルアジサイ",NA,16,"","","",NA,NA,"D4",0,0,-1,1,0,0
"39.3 ",56,"594","594",9.3,6,"ブナ",152.6,158,"","","",NA,NA,"D5",0,0,0,0,0,0
"38.2 ",59.2,"595","595",8.2,9.2,"アオダモ",35.9,35.9,"","","",NA,NA,"D5",0,0,0,0,0,0
"37.6 ",58.4,"596","596",7.6,8.4,"アオダモ",24.5,NA,"","行方不明","",NA,NA,"D5",0,0,0,0,0,1
"34.2 ",56.4,"597","597",4.2,6.4,"ミズキ",71.2,80,"","","",NA,NA,"D5",0,0,0,0,0,0
"34.2 ",56.4,"598","597",4.2,6.4,"ミズキ",51,53.2,"","","",NA,NA,"D5",0,0,0,0,0,0
"34.4 ",56.8,"599","599",4.4,6.8,"アオダモ",15.9,17,"","","",NA,NA,"D5",0,0,0,0,0,0
"30.6 ",55.6,"921","921",0.6,5.6,"ブナ",77.2,78.3,"","","",NA,NA,"D5",0,0,0,0,0,0
"30.6 ",54,"922","922",0.6,4,"リョウブ",41.3,41.2,"","","",NA,NA,"D5",0,0,0,0,0,0
"32.7 ",51,"923","923",2.7,1,"イタヤカエデ",198.1,198.6,"","","",NA,NA,"D5",0,0,0,0,0,0
"32.7 ",50.6,"419","419",2.7,0.6,"ツルアジサイ",NA,32.1,"","","",NA,NA,"D5",0,0,0,0,1,0
"37.0 ",50.1,"418.0 ","418.0 ",7,0.1,NA,NA,57.3,"","イタヤカエデ？","",NA,NA,"D5",0,0,0,0,1,0
"36.9 ",62.9,"974","974",6.9,2.9,"ブナ",26.6,28.7,"","","",NA,NA,"D6",0,0,0,0,0,0
"30.7 ",64.4,"975","975",0.7,4.4,"シナノキ",84.6,84.4,"","","",NA,NA,"D6",0,0,0,0,0,0
"37.8 ",68,"976","976",7.8,8,"カマツカ",15.7,15.5,"","","",NA,NA,"D6",0,0,0,0,0,0
"37.8 ",68,"977","976",7.8,8,"カマツカ",15.9,15.9,"","","",NA,NA,"D6",0,0,0,0,0,0
"39.7 ",69.2,"978","978",9.7,9.2,"カマツカ",16.8,16.6,"","","",NA,NA,"D6",0,0,0,0,0,0
"39.7 ",69.2,"979","978",9.7,9.2,"カマツカ",17.7,17.6,"","","",NA,NA,"D6",0,0,0,0,0,0
"39.7 ",69.2,"196","978",9.7,9.2,"カマツカ",19.5,19.1,"","","",NA,NA,"D6",0,0,0,0,0,0
"31.9 ",78,"365","365",1.9,8,"ブナ",209.4,216.4,"","","",NA,NA,"D7",0,0,0,0,0,0
"31.9 ",78,"366","366",1.9,8,"ツルアジサイ",23.1,27.4,"","","？→ツルアジサイ",NA,NA,"D7",0,0,0,0,0,0
"32.1 ",75.7,"367","367",2.1,5.7,"ブナ",61.5,66.7,"","","",NA,NA,"D7",0,0,0,0,0,0
"38.0 ",75.7,"368","368",8,5.7,"ミヤマイボタ",16.8,17.2,"","","",NA,NA,"D7",0,0,0,0,0,0
"38.0 ",75.7,"369","368",8,5.7,"ミヤマイボタ",18.2,17.8,"","","",NA,NA,"D7",0,0,0,0,0,0
"40.0 ",72,"380","380",10,2,"ミヤマイボタ",16,23.3,"","","",NA,NA,"D7",0,0,0,0,0,0
"38.2 ",72,"381","381",8.2,2,"イトマキイタヤ",153.5,165.6,"","","",NA,NA,"D7",0,0,0,0,0,0
"38.2 ",72,"382","382",8.2,2,"ツルアジサイ",21.5,22.5,"","","？→ツルアジサイ",NA,NA,"D7",0,0,0,0,0,0
"36.7 ",73.2,"383","383",6.7,3.2,"アオハダ",28,28.3,"","","",NA,NA,"D7",0,0,0,0,0,0
"30.9 ",71.6,"384","384",0.9,1.6,"シナノキ",28.2,29.7,"","","",NA,NA,"D7",0,0,0,0,0,0
"30.5 ",71.6,"385","385",0.5,1.6,"シナノキ",38.3,39.7,"","","",NA,NA,"D7",0,0,0,0,0,0
"32.0 ",73.4,"417","417",2,3.4,"ヤマボウシ",NA,20.7,"","","",NA,NA,"D7",0,0,-1,1,0,0
"38.6 ",90.7,"859","859",8.6,0.7,"イトマキイタヤ",67.2,67.5,"","","",NA,NA,"D9",0,0,0,0,0,0
"36.9 ",91,"897","897",6.9,0.95,"シナノキ",112.5,120.9,"","","",NA,NA,"D9",0,0,0,0,0,0
"38.6 ",91.3,"900","900",8.6,1.3,"ミツバツツジ",21,21.5,"","","",NA,NA,"D9",0,0,0,0,0,0
"38.6 ",91.3,"901","900",8.6,1.3,"ミツバツツジ",30.7,31.2,"","","",NA,NA,"D9",0,0,0,0,0,0
"38.6 ",91.3,"902","900",8.6,1.3,"ミツバツツジ",16.5,17.6,"","","",NA,NA,"D9",0,0,0,0,0,0
"36.0 ",91.5,"903","903",6,1.5,"ノリウツギ",18.2,20.5,"","","",NA,NA,"D9",0,0,0,0,0,0
"39.0 ",96.5,"904","904",9,6.5,"ヤマツツジ",27,27.5,"株立ち2本(904,905)","","",NA,NA,"D9",0,0,0,0,0,0
"39.0 ",96.5,"905","904",9,6.5,"ヤマツツジ",21.8,23.6,"株立ち","","",NA,NA,"D9",0,0,0,0,0,0
"32.0 ",95.5,"906","906",2,5.5,"ミヤマイボタ",18,NA,"","","",NA,NA,"D9",0,0,0,0,0,1
"31.0 ",94.8,"907","907",1,4.8,"ミツバツツジ",15,15.3,"","","",NA,NA,"D9",0,0,-1,-1,0,0
"30.3 ",94.8,"908","908",0.3,4.8,"ミツバツツジ",15.2,15.9,"","","",NA,NA,"D9",0,0,-1,1,0,0
"30.7 ",95.5,"909","909",0.7,5.5,"ミツバツツジ",17.5,18.2,"","","",NA,NA,"D9",0,0,0,0,0,0
"34.6 ",95.7,"415","415",4.6,5.7,"ツリバナ",NA,20.7,"","","",NA,NA,"D9",0,0,-1,1,0,0
"46.9 ",3.3,"400","400",6.9,3.3,"タンナサワフタギ",29.2,29.2,"樹皮はぎ","","",NA,NA,"E0",0,0,0,0,0,0
"47.7 ",4.5,"C516","C516",7.7,4.5,"ブナ",105.4,107.6,"","401→C516にタグ変更","",NA,NA,"E0",0,0,0,0,0,0
"49.9 ",8,"402","402",9.9,8,"ヤマボウシ",35.4,35.5,"","","",NA,NA,"E0",0,0,0,0,0,0
"49.5 ",5.6,"403","403",9.5,5.6,"ブナ",34.6,34.6,"","","",NA,NA,"E0",0,0,0,0,0,0
"49.9 ",8,"404","404",9.9,8,"ミズキ",27,27.3,"","","",NA,NA,"E0",0,0,0,0,0,0
"48.2 ",9.6,"406","406",8.2,9.6,"ブナ",109.5,151.6,"","前回計測ミス？","",NA,NA,"E0",0,0,0,0,0,0
"44.8 ",7.3,"407","407",4.8,7.3,"ブナ",91.3,95.9,"","","",NA,NA,"E0",0,0,0,0,0,0
"41.0 ",1.1,"409","409",1,1.1,"マユミ",63.4,64.9,"","","",NA,NA,"E0",0,0,0,0,0,0
"41.5 ",3.6,"410","410",1.5,3.6,"イタヤカエデ",87.6,121.1,"","前回計測ミス？","",NA,NA,"E0",0,0,0,0,0,0
"40.3 ",5.3,"411","411",0.3,5.3,"シナノキ",74.9,77.6,"","","",NA,NA,"E0",0,0,0,0,0,0
"44.3 ",8.9,"408","708",4.3,8.9,"ヒナウチワカエデ",164.1,168.9,"","","",NA,NA,"E0",0,0,0,0,0,0
"48.5 ",18.8,"C1","C1",8.5,8.8,"リョウブ",43.8,43.8,"","","",NA,NA,"E1",0,0,0,0,0,0
"47.7 ",17.8,"C2","C2",7.7,7.8,"リョウブ",38,38.3,"","","",NA,NA,"E1",0,0,0,0,0,0
"46.0 ",18.4,"C3","C3",6,8.4,"カマツカ",15,15.3,"","","",NA,NA,"E1",0,0,-1,-1,0,0
"44.0 ",18.5,"C4","C4",4,8.5,"アオダモ",42.3,NA,"","立ち枯れ","",NA,NA,"E1",0,1,0,0,0,0
"42.0 ",17.6,"C5","C5",2,7.6,"ブナ",24.7,25.4,"","","",NA,NA,"E1",0,0,0,0,0,0
"40.6 ",23.3,"C232","C232",0.6,3.3,"オオモミジ",84.9,86.6,"ツタウルシの上から計る","","",NA,NA,"E2",0,0,0,0,0,0
"40.6 ",24,"C233","C233",0.6,4,"リョウブ",16.3,16.3,"","","",NA,NA,"E2",0,0,0,0,0,0
"40.6 ",24,"C234","C233",0.6,4,"リョウブ",20.7,20.8,"","","",NA,NA,"E2",0,0,0,0,0,0
"40.6 ",24,"C235","C233",0.6,4,"リョウブ",21.7,21.9,"","","",NA,NA,"E2",0,0,0,0,0,0
"40.6 ",24,"C239","C233",0.6,4,"リョウブ",42,42.7,"","","",NA,NA,"E2",0,0,0,0,0,0
"44.9 ",22,"C236","C236",4.9,2,"ブナ",110.5,115.8,"","","",NA,NA,"E2",0,0,0,0,0,0
"47.5 ",23.5,"C237","C237",7.5,3.5,"ブナ",111.9,116.1,"","","",NA,NA,"E2",0,0,0,0,0,0
"41.2 ",24.8,"C238","C238",1.2,4.8,"ブナ",246,251.2,"","","",NA,NA,"E2",0,0,0,0,0,0
"41.6 ",23.3,"C240","C240",1.6,3.3,"ミズメ",62.5,63.5,"＊座標忘れ：原点からの座標は暫定","","",NA,NA,"E2",0,0,0,0,0,0
"44.2 ",35.9,"C121","C121",4.2,5.9,"ブナ",58.7,58.7,"","","",NA,NA,"E3",0,0,0,0,0,0
"43.8 ",32.6,"C515","C515",3.8,2.6,"カマツカ",15.7,15.8,"","C122→C515にタグ変更","",NA,NA,"E3",0,0,0,0,0,0
"43.8 ",32.6,"C123","C123",3.8,2.6,"カマツカ",17.4,17.4,"","","",NA,NA,"E3",0,0,0,0,0,0
"43.0 ",30,"C124","C124",3,0,"アオダモ",26.3,29,"倒伏した大木から萌芽","","",NA,NA,"E3",0,0,0,0,0,0
"41.9 ",40,"C125","C125",1.9,10,"アオダモ",21.8,22.1,"","","",NA,NA,"E3",0,0,0,0,0,0
"46.4 ",47.1,"C86","C86",6.4,7.1,"ヤブデマリ",22.4,23,"","","",NA,NA,"E4",0,0,0,0,0,0
"46.4 ",47.5,"C87","C87",6.4,7.5,"ヤブデマリ",15.8,16.2,"","","",NA,NA,"E4",0,0,0,0,0,0
"48.5 ",49.4,"C88","C88",8.5,9.4,"ノリウツギ",42.9,41.1,"","","",NA,NA,"E4",0,0,0,0,0,0
"47.3 ",44.1,"C89","C89",7.3,4.1,"サラサドウダン",33.3,34.4,"","","",NA,NA,"E4",0,0,0,0,0,0
"48.8 ",42,"C90","C90",8.8,2,"マユミ",46.8,47.5,"","","",NA,NA,"E4",0,0,0,0,0,0
"49.7 ",40.1,"C91","C91",9.7,0.1,"タンナサワフタギ",37,37.4,"","","",NA,NA,"E4",0,0,0,0,0,0
"47.7 ",40.2,"C92","C92",7.7,0.2,"ヤマボウシ",41.9,43.1,"","","",NA,NA,"E4",0,0,0,0,0,0
"46.0 ",41.8,"C93","C93",6,1.8,"リョウブ",26.8,NA,"","立ち枯れ","",NA,NA,"E4",0,1,0,0,0,0
"48.6 ",53.6,"588","588",8.6,3.6,"イトマキイタヤ",163.4,170.6,"","","",NA,NA,"E5",0,0,0,0,0,0
"47.6 ",54.8,"589","589",7.6,4.8,"ミヤマイボタ",17.4,16.7,"","","",NA,NA,"E5",0,0,0,0,0,0
"44.0 ",52.4,"590","590",4,2.4,"オオモミジ",127.2,125.7,"","","",NA,NA,"E5",0,0,0,0,0,0
"44.4 ",52.8,"591","591",4.4,2.8,"アオダモ",35.5,35.5,"","","",NA,NA,"E5",0,0,0,0,0,0
"44.6 ",53.5,"592","592",4.6,3.5,"アオダモ",16.2,NA,"","根返り","",NA,NA,"E5",0,1,0,0,0,0
"41.7 ",53,"593","593",1.7,3,"カマツカ",16.7,17.1,"","","",NA,NA,"E5",0,0,0,0,0,0
"49.6 ",61.9,"836","836",9.6,1.9,"オオモミジ",97.6,101.3,"","","",NA,NA,"E6",0,0,0,0,0,0
"47.0 ",60,"837","837",7,0,"カマツカ",20,21.2,"","","",NA,NA,"E6",0,0,0,0,0,0
"47.0 ",60,"838","837",7,0,"カマツカ",15.2,16.2,"","","",NA,NA,"E6",0,0,-1,1,0,0
"47.0 ",60,"961","837",7,0,"カマツカ",16,16,"","","",NA,NA,"E6",0,0,0,0,0,0
"47.0 ",60,"962","837",7,0,"カマツカ",18.7,18.7,"","","",NA,NA,"E6",0,0,0,0,0,0
"43.3 ",61,"963","963",3.3,1,"ツクバネウツギ",27.6,27.6,"","","",NA,NA,"E6",0,0,0,0,0,0
"43.3 ",61,"964","963",3.3,1,"ツクバネウツギ",22.8,22.8,"","","",NA,NA,"E6",0,0,0,0,0,0
"46.5 ",62.4,"965","965",6.5,2.4,"カマツカ",20.2,20.2,"","","",NA,NA,"E6",0,0,0,0,0,0
"49.2 ",65.2,"966","966",9.2,5.2,"ウリハダカエデ",65.5,66.9,"","","",NA,NA,"E6",0,0,0,0,0,0
"45.8 ",65.7,"967","967",5.8,5.7,"ツクバネウツギ",16.8,16.9,"","","",NA,NA,"E6",0,0,0,0,0,0
"45.1 ",67.7,"968","968",5.1,7.7,"ミズメ",192,194.9,"","","アオダモ→ミズメ",NA,NA,"E6",0,0,0,0,0,0
"46.1 ",69.7,"969","969",6.1,9.7,"サワシバ",61.2,61.2,"","","",NA,NA,"E6",0,0,0,0,0,0
"42.8 ",68,"970","970",2.8,8,"マメザクラ",23.9,23.9,"","","",NA,NA,"E6",0,0,0,0,0,0
"42.8 ",68,"971","970",2.8,8,"マメザクラ",15.6,16.8,"","","",NA,NA,"E6",0,0,-1,1,0,0
"42.7 ",68.8,"972","972",2.7,8.8,"サワフタギ",30.5,30.9,"","","タンナサワフタギ？→サワフタギ",NA,NA,"E6",0,0,0,0,0,0
"41.9 ",62.4,"973","973",1.9,2.4,"ミズキ",89.9,92.6,"","","",NA,NA,"E6",0,0,0,0,0,0
"43.2 ",71.7,"361","362",3.2,1.7,"オオミヤマガマズミ",17.8,19,"","","",NA,NA,"E7",0,0,0,0,0,0
"43.2 ",71.7,"362","362",3.2,1.7,"オオミヤマガマズミ",17.3,18.3,"","","",NA,NA,"E7",0,0,0,0,0,0
"42.2 ",71.5,"363","363",2.2,1.5,"カマツカ",17,17.6,"","","",NA,NA,"E7",0,0,0,0,0,0
"41.0 ",73.8,"364","364",1,3.8,"カマツカ",17.7,17.7,"","幹斜め","",NA,NA,"E7",0,0,0,0,0,0
"44.0 ",76,"370","370",4,6,"アオダモ",51.8,54,"","根返り","",NA,NA,"E7",0,0,0,0,0,0
"45.0 ",76,"371","371",5,6,"アオダモ",30,32.5,"幹倒れ","","",NA,NA,"E7",0,0,0,0,0,0
"45.0 ",74,"372","372",5,4,"アオハダ",17.8,18.2,"","","",NA,NA,"E7",0,0,0,0,0,0
"45.0 ",74,"373","372",5,4,"アオハダ",15.3,16.8,"","","",NA,NA,"E7",0,0,-1,1,0,0
"46.8 ",74,"374","374",6.8,4,"アオハダ",18.6,18.8,"幹倒れ","","",NA,NA,"E7",0,0,0,0,0,0
"48.6 ",78.9,"375","375",8.6,8.9,"オオモミジ",74.6,77.9,"","","",NA,NA,"E7",0,0,0,0,0,0
"47.6 ",73,"376","376",7.6,3,"サワシバ",76.1,77.7,"","","",NA,NA,"E7",0,0,0,0,0,0
"46.1 ",71,"377","377",6.1,1,"リョウブ",16,16.5,"","","",NA,NA,"E7",0,0,0,0,0,0
"46.1 ",71,"378","377",6.1,1,"リョウブ",20.9,21.1,"","","",NA,NA,"E7",0,0,0,0,0,0
"45.7 ",72.5,"379","379",5.7,2.5,"カジカエデ",79.3,82.9,"","","",NA,NA,"E7",0,0,0,0,0,0
"45.7 ",72.5,"360","379",5.7,2.5,"カジカエデ",46.2,45.9,"","","",NA,NA,"E7",0,0,0,0,0,0
"49.7 ",85.9,"865","867",9.65,5.9,"サラサドウダン",21.8,21.5,"","","",NA,NA,"E8",0,0,0,0,0,0
"49.7 ",85.9,"866","867",9.65,5.9,"サラサドウダン",19.5,21.1,"枝分かれ","","",NA,NA,"E8",0,0,0,0,0,0
"49.7 ",85.9,"867","867",9.65,5.9,"サラサドウダン",23.2,23.6,"","","",NA,NA,"E8",0,0,0,0,0,0
"47.0 ",88,"868","868",7,8,"ツクバネウツギ",21,22.3,"","","",NA,NA,"E8",0,0,0,0,0,0
"49.1 ",83.3,"869","869",9.1,3.3,"アオダモ",55.7,59.7,"","","",NA,NA,"E8",0,0,0,0,0,0
"49.1 ",83.3,"870","869",9.1,3.3,"アオダモ",26.5,27.9,"","","",NA,NA,"E8",0,0,0,0,0,0
"49.1 ",83.3,"871","869",9.1,3.3,"アオダモ",16.4,17.2,"","","",NA,NA,"E8",0,0,0,0,0,0
"49.1 ",83.3,"872","869",9.1,3.3,"アオダモ",51.2,56.1,"","","",NA,NA,"E8",0,0,0,0,0,0
"49.1 ",83.3,"873","869",9.1,3.3,"アオダモ",22.7,22.7,"","","",NA,NA,"E8",0,0,0,0,0,0
"45.5 ",80,"874","875",5.5,0,"マメザクラ",21.2,21.2,"","","",NA,NA,"E8",0,0,0,0,0,0
"45.5 ",82,"875","875",5.5,2,"マメザクラ",28,28.4,"枝分かれ","","",NA,NA,"E8",0,0,0,0,0,0
"45.5 ",83.2,"876","876",5.5,3.2,"アオダモ",22.4,43.9,"","前回計測ミス？","",NA,NA,"E8",0,0,0,0,0,0
"40.4 ",81,"877","877",0.37,1,"ブナ",22.7,22.8,"","","",NA,NA,"E8",0,0,0,0,0,0
"44.9 ",82.2,"878","878",4.87,2.15,"カマツカ",18.6,19.1,"","","",NA,NA,"E8",0,0,0,0,0,0
"43.9 ",82.8,"879","879",3.93,2.75,"ブナ",19,NA,"","幹折れ","",NA,NA,"E8",0,1,0,0,0,0
"44.0 ",84.6,"C511","C511",4.03,4.6,"ブナ",72,75.5,"","880→C511タグ変更","",NA,NA,"E8",0,0,0,0,0,0
"40.7 ",82.2,"C512","C512",0.7,2.2,"ブナ",237.7,241.4,"","881→C512タグ変更","",NA,NA,"E8",0,0,0,0,0,0
"40.4 ",82.8,"882","882",0.4,2.8,"イワガラミ",38.8,42.1,"","","",NA,NA,"E8",0,0,0,0,0,0
"40.6 ",87,"883","883",0.57,7,"オオモミジ",56.6,56.7,"","","",NA,NA,"E8",0,0,0,0,0,0
"42.2 ",87.7,"884","884",2.2,7.7,"ヤマボウシ",55.2,53.6,"","前回計測ミス？","",NA,NA,"E8",0,0,0,0,0,0
"42.2 ",87.9,"885","885",2.2,7.9,"ツルマサキ",16,16,"","","",NA,NA,"E8",0,0,0,0,0,0
"44.8 ",87.8,"886","886",4.75,7.8,"マメザクラ",21,21.2,"","","",NA,NA,"E8",0,0,0,0,0,0
"44.8 ",87.8,"887","886",4.75,7.8,"マメザクラ",17.1,16.8,"","","",NA,NA,"E8",0,0,0,0,0,0
"47.0 ",86.8,"888","888",7,6.8,"コハウチワカエデ",90.7,91.9,"","","",NA,NA,"E8",0,0,0,0,0,0
"47.6 ",89.6,"889","889",7.6,9.6,"リョウブ",85.1,36.7,"","前回計測ミス？","",NA,NA,"E8",0,0,0,0,0,0
"47.6 ",89.6,"890","889",7.6,9.6,"リョウブ",20,21.1,"","","",NA,NA,"E8",0,0,0,0,0,0
"42.1 ",90.9,"492","492",2.1,0.9,"ミヤマイボタ",21.5,21.9,"","","",NA,NA,"E9",0,0,0,0,0,0
"43.2 ",90.8,"493","493",3.2,0.8,"マユミ",19.7,19.5,"","","",NA,NA,"E9",0,0,0,0,0,0
"45.8 ",91.7,"494","494",5.8,1.7,"イトマキイタヤ",116.7,170.9,"","前回計測ミス？","",NA,NA,"E9",0,0,0,0,0,0
"46.5 ",90.6,"495","495",6.5,0.6,"タンナサワフタギ",27.7,27,"","","",NA,NA,"E9",0,0,0,0,0,0
"48.9 ",90.3,"496","496",8.9,0.3,"アラゲアオダモ",20,NA,"","幹折れ","",NA,NA,"E9",0,1,0,0,0,0
"48.9 ",90.3,"497","496",8.9,0.3,"アラゲアオダモ",20,20.7,"","","",NA,NA,"E9",0,0,0,0,0,0
"48.9 ",90.3,"498","496",8.9,0.3,"アラゲアオダモ",19.4,20.1,"","","",NA,NA,"E9",0,0,0,0,0,0
"45.8 ",93.9,"499","499",5.8,3.9,"ミヤマイボタ",22.2,22.2,"","","",NA,NA,"E9",0,0,0,0,0,0
"45.8 ",93.9,"500","499",5.8,3.9,"ミヤマイボタ",15.7,15.7,"","","",NA,NA,"E9",0,0,0,0,0,0
"44.2 ",95.4,"841","841",4.2,5.4,"シナノキ",37.9,38.2,"","","",NA,NA,"E9",0,0,0,0,0,0
"42.4 ",95.3,"842","842",2.4,5.3,"カマツカ",15.7,NA,"","行方不明","",NA,NA,"E9",0,0,0,0,0,1
"41.3 ",97.4,"843","843",1.3,7.4,"アモダモ",16.9,17.2,"株立ち2本(843,844)","","",NA,NA,"E9",0,0,0,0,0,0
"46.3 ",97.4,"844","843",6.3,7.4,"アモダモ",34.7,35.2,"株立ち","","",NA,NA,"E9",0,0,0,0,0,0
"47.6 ",97.3,"845","845",7.6,7.3,"カマツカ",20,20.1,"","","",NA,NA,"E9",0,0,0,0,0,0
"48.2 ",97.5,"846","846",8.2,7.5,"イトマキイタヤ",80.2,81.9,"","","カエデ？→イトマキイタヤ",NA,NA,"E9",0,0,0,0,0,0
"49.0 ",96.7,"847","847",9,6.7,"ミヤマイボタ",43.1,46.1,"","","",NA,NA,"E9",0,0,0,0,0,0
"49.0 ",97.1,"848","848",9,7.1,"マメザクラ",68.3,69.6,"主幹枯","","",NA,NA,"E9",0,0,0,0,0,0
"49.0 ",97.1,"849","848",9,7.1,"マメザクラ",18.9,19.9,"枝","","",NA,NA,"E9",0,0,0,0,0,0
"48.6 ",97.1,"850","848",8.6,7.1,"マメザクラ",105.7,107.5,"主幹折","","",NA,NA,"E9",0,0,0,0,0,0
"45.2 ",99.2,"851","851",5.2,9.2,"ミヤマイボタ",21.9,22.5,"","","",NA,NA,"E9",0,0,0,0,0,0
"45.2 ",97.3,"852","852",5.2,7.3,"アモダモ",25.4,28.8,"","","",NA,NA,"E9",0,0,0,0,0,0
"43.4 ",97.3,"853","852",3.4,7.3,"アモダモ",31.6,32.2,"","","",NA,NA,"E9",0,0,0,0,0,0
"41.7 ",97.3,"854","854",1.7,7.3,"ブナ",158,158.2,"","","",NA,NA,"E9",0,0,0,0,0,0
"41.7 ",98.8,"855","855",1.7,8.8,"ブナ",55.6,55.4,"","","",NA,NA,"E9",0,0,0,0,0,0
"42.7 ",99.3,"856","856",2.7,9.3,"シナノキ",26.3,26.3,"","","",NA,NA,"E9",0,0,0,0,0,0
"42.7 ",99.1,"857","857",2.7,9.1,"ヤマツツジ",15.9,15.1,"","","",NA,NA,"E9",0,0,0,0,0,0
"48.5 ",99.1,"858","857",8.5,9.1,"ヤマツツジ",15.4,15.6,"","","",NA,NA,"E9",0,0,-1,-1,0,0
"59.3 ",2.8,"149","149",9.3,2.8,"リョウブ",20,20.3,"","","",NA,NA,"F0",0,0,0,0,0,0
"56.0 ",3.9,"150","150",6,3.9,"ブナ",92.7,94.1,"","","",NA,NA,"F0",0,0,0,0,0,0
"51.6 ",4,"164","164",1.6,4,"ブナ",87.4,88.8,"","","",NA,NA,"F0",0,0,0,0,0,0
"54.9 ",5,"165","165",4.9,5,"ヒナウチワカエデ",32.2,32.7,"","","",NA,NA,"F0",0,0,0,0,0,0
"58.8 ",8.4,"167","167",8.8,8.4,"リョウブ",18.5,18.8,"","","",NA,NA,"F0",0,0,0,0,0,0
"51.2 ",0.5,"168","168",1.2,0.5,"リョウブ",21.2,NA,"","行方不明","",NA,NA,"F0",0,0,0,0,0,1
"58.7 ",10,"173","173",8.7,10,"ブナ",299.3,305.4,"","","",NA,NA,"F0",0,0,0,0,0,0
"55.6 ",16.8,"247","247",5.6,6.8,"マメザクラ",15,16.3,"枝分かれ","","",NA,NA,"F1",0,0,-1,1,0,0
"55.6 ",16.8,"248","247",5.6,6.8,"マメザクラ",26.5,26.5,"","","",NA,NA,"F1",0,0,0,0,0,0
"55.6 ",15.9,"249","249",5.6,5.9,"マメザクラ",19.8,19.4,"","","",NA,NA,"F1",0,0,0,0,0,0
"58.8 ",19.3,"282","282",8.8,9.3,"カマツカ",16.4,17.9,"","","",NA,NA,"F1",0,0,0,0,0,0
"54.6 ",13.9,"283","283",4.6,3.9,"ブナ",70.2,65.6,"","前回ツタ込み？","",NA,NA,"F1",0,0,0,0,0,0
"51.8 ",15.1,"284","284",1.8,5.1,"アオダモ",40.9,41.4,"","","",NA,NA,"F1",0,0,0,0,0,0
"53.1 ",16.8,"285","285",3.1,6.8,"オオモミジ",30.9,31.4,"","","",NA,NA,"F1",0,0,0,0,0,0
"59.8 ",18.3,"C503","C503",9.8,8.3,"カマツカ",NA,21.3,"","","",NA,NA,"F1",0,0,-1,1,0,0
"56.3 ",23.9,"225","225",6.3,3.9,"カマツカ",15.2,16.9,"","","",NA,NA,"F2",0,0,-1,1,0,0
"53.9 ",29.5,"226","226",3.9,9.5,"オオモミジ",157.4,161.3,"","","",NA,NA,"F2",0,0,0,0,0,0
"53.0 ",21.6,"227","227",3,1.6,"ブナ",227.7,231.1,"","","",NA,NA,"F2",0,0,0,0,0,0
"51.9 ",20.9,"228","228",1.9,0.9,"リョウブ",34.2,35.1,"","","",NA,NA,"F2",0,0,0,0,0,0
"59.0 ",29.4,"254","254",9,9.4,"カマツカ",28.8,28.8,"","","",NA,NA,"F2",0,0,0,0,0,0
"59.0 ",29.4,"255","254",9,9.4,"カマツカ",23.4,NA,"","行方不明","",NA,NA,"F2",0,0,0,0,0,1
"58.8 ",21.6,"256","256",8.8,1.6,"カマツカ",22.1,21.6,"","","",NA,NA,"F2",0,0,0,0,0,0
"58.8 ",21.6,"258","256",8.8,1.6,"カマツカ",21.9,24.1,"","","",NA,NA,"F2",0,0,0,0,0,0
"59.3 ",26.8,"257","257",9.3,6.8,"カマツカ",15.4,17.2,"","","",NA,NA,"F2",0,0,-1,1,0,0
"57.0 ",21,"259","259",7,1,"ノリウツギ",17,NA,"","","",NA,NA,"F2",0,1,0,0,0,0
"56.0 ",32.7,"208","208",6,2.7,"ブナ",151.6,151.6,"","","",NA,NA,"F3",0,0,0,0,0,0
"60.0 ",34.5,"209","209",10,4.5,"ミヤマイボタ",18.3,18.2,"","","",NA,NA,"F3",0,0,0,0,0,0
"59.1 ",35.4,"210","210",9.1,5.4,"ヤマボウシ",78.3,78.3,"","","",NA,NA,"F3",0,0,0,0,0,0
"50.8 ",37.6,"211","211",0.8,7.6,"ブナ",112.5,118,"","","",NA,NA,"F3",0,0,0,0,0,0
"57.3 ",49.5,"830","830",7.3,9.5,"ブナ",79.4,80.5,"","","",NA,NA,"F4",0,0,0,0,0,0
"57.2 ",47.2,"831","831",7.2,7.2,"ブナ",69.3,70.3,"","","",NA,NA,"F4",0,0,0,0,0,0
"55.2 ",47.2,"832","832",5.2,7.2,"ヤブデマリ",16.5,16.6,"","","カブデマリ→ヤブデマリ",NA,NA,"F4",0,0,0,0,0,0
"51.9 ",47.5,"833","833",1.9,7.5,"ブナ",113.9,116.7,"","","",NA,NA,"F4",0,0,0,0,0,0
"56.0 ",43,"834","834",6,3,"ヒナウチワカエデ",74.5,75,"","","",NA,NA,"F4",0,0,0,0,0,0
"59.3 ",41.2,"C504","C504",9.3,1.2,"ブナ",193.6,196.2,"","835→C504タグ変更","",NA,NA,"F4",0,0,0,0,0,0
"52.7 ",50.3,"801","801",2.7,0.3,"ブナ",220.6,223.9,"","","",NA,NA,"F5",0,0,0,0,0,0
"58.0 ",57.1,"C505","C505",8,7.1,"カマツカ",22.6,23.4,"","802→C505タグ変更","",NA,NA,"F5",0,0,0,0,0,0
"58.0 ",57.1,"803","C505",8,7.1,"カマツカ",17.5,17.8,"","個体番号変更","",NA,NA,"F5",0,0,0,0,0,0
"58.0 ",57.1,"804","C505",8,7.1,"カマツカ",16.8,16.8,"","個体番号変更","",NA,NA,"F5",0,0,0,0,0,0
"55.4 ",55.6,"805","805",5.4,5.6,"カマツカ",18.4,20,"","","",NA,NA,"F5",0,0,0,0,0,0
"55.4 ",55.6,"806","805",5.4,5.6,"カマツカ",17.6,18.7,"","","",NA,NA,"F5",0,0,0,0,0,0
"55.4 ",55.6,"807","805",5.4,5.6,"カマツカ",15.3,16.9,"","","",NA,NA,"F5",0,0,-1,1,0,0
"56.0 ",56.6,"808","808",6,6.6,"アオダモ",33.6,35.6,"","","",NA,NA,"F5",0,0,0,0,0,0
"55.4 ",58.2,"809","809",5.4,8.2,"カマツカ",21.1,22.3,"","","",NA,NA,"F5",0,0,0,0,0,0
"55.4 ",58.2,"810","809",5.4,8.2,"カマツカ",16.5,16.9,"枝分かれ","","",NA,NA,"F5",0,0,0,0,0,0
"53.2 ",53.1,"811","811",3.2,3.1,"カマツカ",17,17.4,"","","",NA,NA,"F5",0,0,0,0,0,0
"59.8 ",56,"812","812",9.8,6,"ツクバネウツギ",21.4,21.6,"","","",NA,NA,"F5",0,0,0,0,0,0
"51.7 ",66.3,"332","332",1.7,6.3,"ミズキ",58.7,NA,"","行方不明","",NA,NA,"F6",0,0,0,0,0,1
"58.5 ",68,"333","333",8.5,8,"ブナ",211.5,208.9,"","","",NA,NA,"F6",0,0,0,0,0,0
"57.0 ",67.7,"334","334",7,7.7,"カマツカ",24.6,26.3,"","","",NA,NA,"F6",0,0,0,0,0,0
"57.0 ",67.7,"335","334",7,7.7,"カマツカ",15.2,15.5,"","","",NA,NA,"F6",0,0,-1,-1,0,0
"55.3 ",68.6,"336","336",5.3,8.6,"コミネカエデ",17.7,17.8,"","","",NA,NA,"F6",0,0,0,0,0,0
"52.2 ",69.4,"337","337",2.2,9.4,"ミヤマイボタ",30.7,33.1,"","","",NA,NA,"F6",0,0,0,0,0,0
"53.3 ",69.6,"338","338",3.3,9.6,"ミヤマイボタ",32.2,33,"","","",NA,NA,"F6",0,0,0,0,0,0
"51.8 ",67.8,"821","821",1.8,7.8,"アオダモ",37.5,41.3,"","","",NA,NA,"F6",0,0,0,0,0,0
"53.7 ",66.8,"822","822",3.7,6.8,"リョウブ",32,32.2,"","","",NA,NA,"F6",0,0,0,0,0,0
"54.0 ",65,"823","823",4,5,"リョウブ",29.6,NA,"","幹折れ","",NA,NA,"F6",0,1,0,0,0,0
"53.6 ",63,"824","824",3.6,3,"ブナ",110.7,112.1,"","","",NA,NA,"F6",0,0,0,0,0,0
"52.0 ",61,"825","825",2,1,"ミズメ",116,118.8,"","","",NA,NA,"F6",0,0,0,0,0,0
"51.4 ",61.2,"826","826",1.4,1.2,"サワシバ",29.8,29.8,"","","",NA,NA,"F6",0,0,0,0,0,0
"51.4 ",61.2,"827","826",1.4,1.2,"サワシバ",47.2,47.2,"","","",NA,NA,"F6",0,0,0,0,0,0
"59.0 ",60.1,"828","828",9,0.1,"カマツカ",24,22,"","","",NA,NA,"F6",0,0,0,0,0,0
"59.0 ",60.1,"829","828",9,0.1,"カマツカ",16.9,18.8,"","","",NA,NA,"F6",0,0,0,0,0,0
"54.5 ",69.7,"C507","C507",4.5,9.7,"リョウブ",NA,15.6,"","","",NA,NA,"F6",0,0,-1,-1,0,0
"53.7 ",69.7,"C508","C508",3.7,9.7,"ウリハダカエデ",NA,15.1,"","","",NA,NA,"F6",0,0,-1,-1,0,0
"51.1 ",76.4,"212","212",1.1,6.4,"ミヤマイボタ",32.9,32.9,"","","",NA,NA,"F7",0,0,0,0,0,0
"53.3 ",77.8,"213","213",3.3,7.8,"ミズメ",55,51.8,"","","",NA,NA,"F7",0,0,0,0,0,0
"54.3 ",78.5,"214","214",4.3,8.5,"ミヤマイボタ",59.4,65.9,"","","",NA,NA,"F7",0,0,0,0,0,0
"59.8 ",75.6,"551","551",9.8,5.6,"アオダモ",15.5,16,"","","",NA,NA,"F7",0,0,-1,1,0,0
"58.6 ",75.6,"552","552",8.6,5.6,"オオモミジ",18.8,21,"","","",NA,NA,"F7",0,0,0,0,0,0
"59.3 ",74.2,"553","553",9.3,4.2,"ミヤマイボタ",28.2,28.9,"","倒れ","",NA,NA,"F7",0,0,0,0,0,0
"56.9 ",70,"554","554",6.9,0,"サワシバ",54.5,56.9,"","","",NA,NA,"F7",0,0,0,0,0,0
"50.7 ",72,"555","555",0.7,2,"マメザクラ",30,30.1,"","","マメツツジ？→マメザクラ",NA,NA,"F7",0,0,0,0,0,0
"50.7 ",72,"556","555",0.7,2,"マメザクラ",15.3,15.6,"","","マメツツジ？→マメザクラ",NA,NA,"F7",0,0,-1,-1,0,0
"50.7 ",72,"557","555",0.7,2,"マメザクラ",17.1,17.6,"","","マメツツジ？→マメザクラ",NA,NA,"F7",0,0,0,0,0,0
"58.4 ",76,"558","558",8.4,6,"ミマヤイボタ",28.5,28.5,"","","",NA,NA,"F7",0,0,0,0,0,0
"58.3 ",79.5,"559","559",8.3,9.5,"ブナ",188.1,177.5,"","","",NA,NA,"F7",0,0,0,0,0,0
"50.2 ",92.9,"479","479",0.2,2.9,"ヤマツツジ",17,18.1,"","","",NA,NA,"F9",0,0,0,0,0,0
"50.2 ",92.9,"480","479",0.2,2.9,"ヤマツツジ",15,15.1,"","","",NA,NA,"F9",0,0,-1,-1,0,0
"50.2 ",92.9,"481","479",0.2,2.9,"ヤマツツジ",20.6,21.2,"","","",NA,NA,"F9",0,0,0,0,0,0
"51.5 ",96,"482","482",1.5,6,"ブナ",134.1,141.4,"","","",NA,NA,"F9",0,0,0,0,0,0
"51.8 ",98.3,"483","483",1.8,8.3,"タンナサワフタギ",20.7,21.2,"","","",NA,NA,"F9",0,0,0,0,0,0
"51.3 ",100,"484","484",1.3,10,"イトマキイタヤ",49.5,51.7,"ライン上","","",NA,NA,"F9",0,0,0,0,0,0
"57.1 ",99.7,"485","485",7.1,9.7,"ブナ",119.7,119.7,"","","",NA,NA,"F9",0,0,0,0,0,0
"58.6 ",99.6,"486","486",8.6,9.6,"アモダモ",15.9,15.9,"","","",NA,NA,"F9",0,0,0,0,0,0
"58.6 ",99.6,"487","486",8.6,9.6,"アモダモ",15.9,25.4,"","前回計測ミス？","",NA,NA,"F9",0,0,0,0,0,0
"58.6 ",99.6,"488","486",8.6,9.6,"アモダモ",15.9,16.1,"","","",NA,NA,"F9",0,0,0,0,0,0
"56.1 ",98.1,"489","489",6.1,8.1,"ミヤマイボタ",24.4,29.2,"","","",NA,NA,"F9",0,0,0,0,0,0
"56.1 ",98.1,"490","489",6.1,8.1,"ミヤマイボタ",22.9,26.5,"","","",NA,NA,"F9",0,0,0,0,0,0
"56.1 ",98.1,"491","489",6.1,8.1,"ミヤマイボタ",17.8,NA,"","","",NA,NA,"F9",0,1,0,0,0,0
"68.8 ",1.9,"93","93",8.8,1.9,"カマツカ",20.3,21,"","","",NA,NA,"G0",0,0,0,0,0,0
"68.8 ",1.9,"94","93",8.8,1.9,"カマツカ",22.1,22,"","","",NA,NA,"G0",0,0,0,0,0,0
"66.7 ",4,"95","95",6.7,4,"カマツカ",17.2,17.9,"","","",NA,NA,"G0",0,0,0,0,0,0
"60.4 ",3.3,"96","96",0.4,3.3,"イトマキイタヤ",85.4,84.7,"","","",NA,NA,"G0",0,0,0,0,0,0
"60.4 ",3.3,"97","96",0.4,3.3,"イトマキイタヤ",62,62.5,"枝分かれ","","",NA,NA,"G0",0,0,0,0,0,0
"60.8 ",6.7,"98","98",0.8,6.7,"ブナ",273.4,276.9,"","","",NA,NA,"G0",0,0,0,0,0,0
"64.6 ",7.2,"99","99",4.6,7.2,"オオモミジ",46.9,58.3,"","","",NA,NA,"G0",0,0,0,0,0,0
"64.5 ",7.8,"100","100",4.5,7.8,"シナノキ",22,22.2,"","","",NA,NA,"G0",0,0,0,0,0,0
"67.5 ",9.4,"170","170",7.5,9.4,"オオモミジ",78.2,83.2,"","","",NA,NA,"G0",0,0,0,0,0,0
"66.0 ",18.3,"241","241",6,8.3,"ブナ",118.6,122.8,"","","",NA,NA,"G1",0,0,0,0,0,0
"67.0 ",17.7,"242","242",7,7.7,"ブナ",115.7,119.7,"","","",NA,NA,"G1",0,0,0,0,0,0
"64.6 ",15.7,"243","243",4.6,5.7,"カマツカ",15.5,15.1,"","","",NA,NA,"G1",0,0,-1,-1,0,0
"65.1 ",17.8,"244","244",5.1,7.8,"カマツカ",17.5,17.9,"","","",NA,NA,"G1",0,0,0,0,0,0
"65.1 ",17.8,"245","244",5.1,7.8,"カマツカ",18,18.2,"","","",NA,NA,"G1",0,0,0,0,0,0
"65.1 ",17.8,"246","244",5.1,7.8,"カマツカ",17.4,17,"","","",NA,NA,"G1",0,0,0,0,0,0
"64.8 ",17.8,"281","281",4.8,7.8,"ブナ",26.8,45.3,"","","",NA,NA,"G1",0,0,0,0,0,0
"68.1 ",26,"169","169",8.1,6,"オオバアサガラ",65.4,64.8,"","","",NA,NA,"G2",0,0,0,0,0,0
"68.1 ",25.6,"171","171",8.1,5.6,"アオダモ",60,62.8,"","","",NA,NA,"G2",0,0,0,0,0,0
"67.3 ",24.8,"172","172",7.3,4.8,"ミヤマイボタ",50.5,54.7,"","根折れタグ埋もれ、現在の1.3ｍで計測すると33.5","",NA,NA,"G2",0,0,0,0,0,0
"66.0 ",22.9,"174","174",6,2.9,"ウツギ",15.3,15.4,"","","",NA,NA,"G2",0,0,-1,-1,0,0
"63.3 ",23.1,"175","175",3.3,3.1,"ヤブデマリ",26.3,26.2,"","","",NA,NA,"G2",0,0,0,0,0,0
"61.6 ",20.1,"176","178",1.6,0.1,"リョウブ",18.9,18.8,"","","",NA,NA,"G2",0,0,0,0,0,0
"61.6 ",20.1,"177","178",1.6,0.1,"リョウブ",23.1,24.8,"","","",NA,NA,"G2",0,0,0,0,0,0
"61.6 ",20.1,"178","178",1.6,0.1,"リョウブ",33.7,34.8,"","","",NA,NA,"G2",0,0,0,0,0,0
"64.0 ",24.6,"179","179",4,4.6,"マメザクラ",33,33,"","","",NA,NA,"G2",0,0,0,0,0,0
"64.0 ",24.6,"180","179",4,4.6,"マメザクラ",28.3,28.2,"","","",NA,NA,"G2",0,0,0,0,0,0
"62.5 ",26.1,"181","181",2.5,6.1,"カマツカ",33.5,33.1,"幹損傷","","",NA,NA,"G2",0,0,0,0,0,0
"61.7 ",27.5,"250","250",1.7,7.5,"カマツカ",24.7,24.4,"","","",NA,NA,"G2",0,0,0,0,0,0
"65.4 ",28.8,"251","251",5.4,8.8,"ウツギ",17.8,17.2,"","","",NA,NA,"G2",0,0,0,0,0,0
"65.4 ",28.8,"252","251",5.4,8.8,"ウツギ",23.8,23.3,"","","",NA,NA,"G2",0,0,0,0,0,0
"66.1 ",29.7,"253","253",6.1,9.7,"マユミ",43.8,43.2,"写真有","","",NA,NA,"G2",0,0,0,0,0,0
"69.0 ",22.5,"168?","168?",9,2.5,"カマツカ",28.5,NA,"","行方不明","",NA,NA,"G2",0,0,0,0,0,1
"62.2 ",25.1,"669","669",2.2,5.1,"カマツカ",NA,17.5,"","","",NA,NA,"G2",0,0,-1,1,0,0
"68.8 ",32.2,"287","287",8.8,2.2,"アオダモ",45.8,49.2,"","","",NA,NA,"G3",0,0,0,0,0,0
"69.2 ",33.5,"288","288",9.2,3.5,"カマツカ",17.8,17.8,"","","",NA,NA,"G3",0,0,0,0,0,0
"69.2 ",33.5,"289","288",9.2,3.5,"カマツカ",17.6,17.9,"","","",NA,NA,"G3",0,0,0,0,0,0
"65.0 ",33.9,"290","290",5,3.9,"ブナ",103.4,111.3,"ツル込み","","",NA,NA,"G3",0,0,0,0,0,0
"67.5 ",31.1,"291","291",7.5,1.1,"リョウブ",18.9,20.1,"","","",NA,NA,"G3",0,0,0,0,0,0
"67.5 ",38.7,"292","292",7.5,8.7,"カマツカ",19.1,19.5,"","","",NA,NA,"G3",0,0,0,0,0,0
"67.5 ",38.7,"293","292",7.5,8.7,"カマツカ",21,NA,"","","",NA,NA,"G3",0,1,0,0,0,0
"67.5 ",38.7,"294","292",7.5,8.7,"カマツカ",18.9,NA,"","","",NA,NA,"G3",0,1,0,0,0,0
"67.5 ",38.7,"295","292",7.5,8.7,"カマツカ",16.7,18,"","","",NA,NA,"G3",0,0,0,0,0,0
"62.7 ",38,"296","296",2.7,8,"ノリウツギ",21.7,20.4,"","","",NA,NA,"G3",0,0,0,0,0,0
"63.7 ",31.7,"297","297",3.7,1.7,"アオダモ",27.5,27.8,"","","",NA,NA,"G3",0,0,0,0,0,0
"63.7 ",31.8,"205","297",3.7,1.8,"アオダモ",24.4,24.7,"","","",NA,NA,"G3",0,0,0,0,0,0
"63.7 ",31.8,"206","297",3.7,1.8,"アオダモ",22.6,25.4,"","","",NA,NA,"G3",0,0,0,0,0,0
"63.7 ",31.8,"207","297",3.7,1.8,"アオダモ",26.2,27.9,"","","",NA,NA,"G3",0,0,0,0,0,0
"60.9 ",33.1,"298","298",0.9,3.1,"マメザクラ",22.5,22.1,"","","",NA,NA,"G3",0,0,0,0,0,0
"60.9 ",33.1,"299","299",0.9,3.1,"シナノキ",17.4,20.1,"","","",NA,NA,"G3",0,0,0,0,0,0
"61.2 ",33.4,"300","300",1.2,3.4,"マメザクラ",16.3,17.1,"","","",NA,NA,"G3",0,0,0,0,0,0
"65.2 ",40.5,"183","183",5.2,0.5,"ノリウツギ",23.5,24.1,"","","",NA,NA,"G4",0,0,0,0,0,0
"65.2 ",40.5,"693","183",5.2,0.5,"ノリウツギ",23.5,24.4,"","184→693にタグ変更","",NA,NA,"G4",0,0,0,0,0,0
"62.9 ",43.2,"185","185",2.9,3.2,"マメザクラ",22.5,22.8,"","","",NA,NA,"G4",0,0,0,0,0,0
"62.9 ",43.2,"688","185",2.9,3.2,"マメザクラ",16.5,16.5,"","186→688にタグ変更","",NA,NA,"G4",0,0,0,0,0,0
"63.6 ",45.7,"187","187",3.6,5.7,"カマツカ",23.6,23.7,"","幹折れ","",NA,NA,"G4",0,0,0,0,0,0
"63.6 ",45.7,"188","187",3.6,5.7,"カマツカ",20.2,19.5,"","","",NA,NA,"G4",0,0,0,0,0,0
"66.1 ",45.5,"189","189",6.1,5.5,"イトマキイタヤ",49.3,52,"　　倒木から萌芽、測れないので　　から1.3mの所","","",NA,NA,"G4",0,0,0,0,0,0
"66.1 ",45.5,"692","189",6.1,5.5,"イトマキイタヤ",20.5,20.3,"","190→692にタグ変更","",NA,NA,"G4",0,0,0,0,0,0
"67.5 ",45.5,"191","189",7.5,5.5,"イトマキイタヤ",18.9,18.8,"","","",NA,NA,"G4",0,0,0,0,0,0
"68.3 ",47.1,"192","192",8.3,7.1,"ハコネグミ",26.8,NA,"","1.3m以下の萌芽で生存","",NA,NA,"G4",0,1,0,0,0,0
"68.3 ",47.1,"193","192",8.3,7.1,"ハコネグミ",16.3,NA,"","","",NA,NA,"G4",0,1,0,0,0,0
"69.4 ",49.5,"194","194",9.4,9.5,"ミズキ",33.3,31.4,"","","",NA,NA,"G4",0,0,0,0,0,0
"68.0 ",47.7,"195","195",8,7.7,"マユミ",42.7,43,"","","",NA,NA,"G4",0,0,0,0,0,0
"67.6 ",42.4,"279","279",7.6,2.4,"ブナ",162.6,168,"","ツル込み","",NA,NA,"G4",0,0,0,0,0,0
"66.2 ",41.3,"280","280",6.2,1.3,"アオダモ",24.3,24.3,"","","",NA,NA,"G4",0,0,0,0,0,0
"69.6 ",58,"302","302",9.6,8,"シナノキ",35.4,36.9,"","","",NA,NA,"G5",0,0,0,0,0,0
"69.0 ",59,"303","303",9,9,"イボタノキ",15.1,16.2,"","","カマツカ→イボタノキ",NA,NA,"G5",0,0,-1,1,0,0
"67.4 ",57.8,"313","313",7.4,7.8,"マメザクラ",25.7,25.7,"","","",NA,NA,"G5",0,0,0,0,0,0
"67.4 ",57.8,"314","313",7.4,7.8,"マメザクラ",28,NA,"","","",NA,NA,"G5",0,1,0,0,0,0
"67.4 ",57.8,"315","313",7.4,7.8,"マメザクラ",17.6,16.8,"","","",NA,NA,"G5",0,0,0,0,0,0
"67.4 ",57.8,"316","313",7.4,7.8,"マメザクラ",18,18.6,"","","",NA,NA,"G5",0,0,0,0,0,0
"68.8 ",55.6,"317","317",8.8,5.6,"カマツカ",21,22,"","","",NA,NA,"G5",0,0,0,0,0,0
"64.1 ",59.5,"318","318",4.1,9.5,"マユミ",62,65,"","","",NA,NA,"G5",0,0,0,0,0,0
"66.4 ",56.2,"319","319",6.4,6.2,"ミヤマイボタ",19.5,20.7,"","","",NA,NA,"G5",0,0,0,0,0,0
"66.0 ",56.8,"320","320",6,6.8,"マメザクラ",16.7,16.7,"","","",NA,NA,"G5",0,0,0,0,0,0
"66.0 ",56.8,"301","320",6,6.8,"マメザクラ",17.4,17.6,"枝分かれ","","",NA,NA,"G5",0,0,0,0,0,0
"63.4 ",52.9,"813","813",3.4,2.9,"ミヤマイボタ",21.2,23,"","","",NA,NA,"G5",0,0,0,0,0,0
"63.4 ",52.9,"815","813",3.4,2.9,"ミヤマイボタ",20.3,19.6,"枝分かれ","","",NA,NA,"G5",0,0,0,0,0,0
"61.8 ",55.8,"814","814",1.8,5.8,"サワシバ",69.6,70.5,"","","",NA,NA,"G5",0,0,0,0,0,0
"62.9 ",53.9,"816","816",2.9,3.9,"クロウメモドキ",16.8,16.3,"","","",NA,NA,"G5",0,0,0,0,0,0
"64.4 ",52.6,"818","818",4.4,2.6,"ブナ",197.4,199.8,"","","",NA,NA,"G5",0,0,0,0,0,0
"63.1 ",52.9,"819","819",3.1,2.9,"ミヤマイボタ",15.5,15.1,"","","",NA,NA,"G5",0,0,-1,-1,0,0
"65.0 ",53.3,"820","820",5,3.3,"サワシバ",52.7,55,"","","",NA,NA,"G5",0,0,0,0,0,0
"62.0 ",93.3,"686","686",2,3.3,"カマツカ",NA,16,"","","",NA,NA,"G9",0,0,-1,1,0,0
"60.3 ",61,"321","321",0.3,1,"アオダモ",46.5,49.1,"","","",NA,NA,"G6",0,0,0,0,0,0
"64.1 ",61.5,"322","322",4.1,1.5,"サワシバ",49,52,"","","",NA,NA,"G6",0,0,0,0,0,0
"60.7 ",61,"323","323",0.7,1,"リョウブ",39.1,41.6,"","","",NA,NA,"G6",0,0,0,0,0,0
"60.7 ",61,"324","323",0.7,1,"リョウブ",18.7,20.2,"","","",NA,NA,"G6",0,0,0,0,0,0
"60.7 ",61,"325","323",0.7,1,"リョウブ",37,38.3,"","","",NA,NA,"G6",0,0,0,0,0,0
"60.1 ",60.9,"326","326",0.1,0.9,"ミヤマイボタ",28.5,29.3,"","","",NA,NA,"G6",0,0,0,0,0,0
"65.7 ",63.3,"327","327",5.7,3.3,"カマツカ",15.8,NA,"","","",NA,NA,"G6",0,1,0,0,0,0
"65.7 ",63.3,"328","327",5.7,3.3,"カマツカ",15.6,NA,"","","",NA,NA,"G6",0,1,-1,-1,0,0
"68.9 ",67.7,"329","329",8.9,7.7,"サワシバ",36.3,39.5,"","","？→サワシバ",NA,NA,"G6",0,0,0,0,0,0
"67.7 ",69.8,"330","330",7.7,9.8,"クマシデ",42,43.5,"","","",NA,NA,"G6",0,0,0,0,0,0
"66.1 ",68,"331","331",6.1,8,"タンナサワフタギ",22.7,22.9,"","","サワシバ？→タンナサワフタギ",NA,NA,"G6",0,0,0,0,0,0
"60.8 ",79.2,"511","511",0.8,9.2,"ツクバネウツギ",15.1,14.5,"","","",NA,NA,"G7",0,0,-1,-1,0,0
"60.8 ",79.2,"512","511",0.8,9.2,"ツクバネウツギ",19,13.5,"","","",NA,NA,"G7",0,0,0,0,0,0
"61.8 ",79.2,"513","513",1.8,9.2,"ヤマボウシ",69.6,71.3,"","","",NA,NA,"G7",0,0,0,0,0,0
"62.2 ",79.2,"514","514",2.2,9.2,"アオダモ",36.6,39.6,"","","",NA,NA,"G7",0,0,0,0,0,0
"63.4 ",78.4,"515","515",3.4,8.4,"ヤマツツジ",19.5,19.1,"","","",NA,NA,"G7",0,0,0,0,0,0
"63.4 ",78.4,"516","515",3.4,8.4,"ヤマツツジ",16,17.6,"","","",NA,NA,"G7",0,0,0,0,0,0
"63.4 ",78.4,"682","515",3.4,8.4,"ヤマツツジ",20.8,21,"","517→682タグ変更","",NA,NA,"G7",0,0,0,0,0,0
"63.4 ",78.4,"518","515",3.4,8.4,"ヤマツツジ",21.1,21.2,"","","",NA,NA,"G7",0,0,0,0,0,0
"68.7 ",79.6,"519","519",8.7,9.6,"タンナサワフタギ",38.1,38,"","","",NA,NA,"G7",0,0,0,0,0,0
"69.3 ",77.9,"520","520",9.3,7.9,"ブナ",263.2,269.4,"","","",NA,NA,"G7",0,0,0,0,0,0
"69.3 ",77.9,"541","541",9.3,7.9,"ツルアジサイ",28.2,30.5,"","","？→ツルアジサイ",NA,NA,"G7",0,0,0,0,0,0
"69.3 ",77.9,"542","541",9.3,7.9,"ツルアジサイ",39,43.8,"","","？→ツルアジサイ",NA,NA,"G7",0,0,0,0,0,0
"67.3 ",75.5,"543","543",7.3,5.5,"ミヤマイボタ",32,32.2,"","","",NA,NA,"G7",0,0,0,0,0,0
"67.3 ",75.5,"544","543",7.3,5.5,"ミヤマイボタ",18.4,18.1,"","","",NA,NA,"G7",0,0,0,0,0,0
"69.2 ",75.5,"545","545",9.2,5.5,"ミヤマイボタ",16.2,16,"","","",NA,NA,"G7",0,0,0,0,0,0
"68.5 ",70.4,"546","546",8.5,0.4,"ミヤマイボタ",18.4,18.5,"","","",NA,NA,"G7",0,0,0,0,0,0
"68.7 ",70.4,"547","547",8.7,0.4,"ヒメシャラ",31.2,30.5,"","根返り","",NA,NA,"G7",0,0,0,0,0,0
"64.0 ",72.7,"548","548",4,2.7,"ブナ",58.4,60.4,"","","",NA,NA,"G7",0,0,0,0,0,0
"63.0 ",76,"549","549",3,6,"ミヤマイボタ",19,20.8,"","","",NA,NA,"G7",0,0,0,0,0,0
"60.0 ",72.7,"550","550",0,2.7,"マメザクラ",15.1,15.3,"","","マメツツジ？→マメザクラ",NA,NA,"G7",0,0,-1,-1,0,0
"67.3 ",78,"684","684",7.3,8,"カマツカ",NA,19.2,"","","",NA,NA,"G7",0,0,-1,1,0,0
"67.6 ",77.7,"685","685",7.6,7.7,"カマツカ",NA,15.9,"","","",NA,NA,"G7",0,0,-1,1,0,0
"67.6 ",77.7,"683","683",7.6,7.7,"カマツカ",NA,15.1,"","","",NA,NA,"G7",0,0,-1,-1,0,0
"65.0 ",73.8,"686","686",5,3.8,"カマツカ",NA,16.2,"","","",NA,NA,"G7",0,0,-1,1,0,0
"60.5 ",72.2,"681","681",0.5,2.2,"カマツカ",NA,15.2,"","","",NA,NA,"G7",0,0,-1,-1,0,0
"60.0 ",99.8,"478","178",0,9.8,"カマツカ",15.8,16.3,"ライン上","","",NA,NA,"G9",0,0,0,0,0,0
"62.8 ",93.3,"463","463",2.8,3.3,"ヤマボウシ",60.7,61.6,"","","",NA,NA,"G9",0,0,0,0,0,0
"68.1 ",91.6,"464","464",8.1,1.6,"ハウチワカエデ",37.2,37.6,"","","",NA,NA,"G9",0,0,0,0,0,0
"68.1 ",91.6,"465","464",8.1,1.6,"ハウチワカエデ",27,28.4,"","","",NA,NA,"G9",0,0,0,0,0,0
"68.1 ",91.6,"466","464",8.1,1.6,"ハウチワカエデ",48.2,48.5,"","","",NA,NA,"G9",0,0,0,0,0,0
"63.1 ",90.8,"467","467",3.1,0.8,"ミヤマイボタ",41.1,35.6,"","","",NA,NA,"G9",0,0,0,0,0,0
"60.9 ",94,"468","468",0.9,4,"エゴノキ",38.5,43.4,"","","",NA,NA,"G9",0,0,0,0,0,0
"60.7 ",96.6,"469","469",0.7,6.6,"アモダモ",29.8,30.2,"","","",NA,NA,"G9",0,0,0,0,0,0
"60.7 ",96.6,"470","469",0.7,6.6,"アモダモ",32.8,33.8,"","","",NA,NA,"G9",0,0,0,0,0,0
"60.7 ",96.6,"471","469",0.7,6.6,"アモダモ",16.1,16.5,"","","",NA,NA,"G9",0,0,0,0,0,0
"60.7 ",96.6,"472","469",0.7,6.6,"アモダモ",18.1,18.9,"","","",NA,NA,"G9",0,0,0,0,0,0
"60.7 ",96.6,"473","469",0.7,6.6,"アモダモ",46.5,50.4,"","","",NA,NA,"G9",0,0,0,0,0,0
"60.7 ",96.6,"474","474",0.7,6.6,"ニシキウツギ",18.9,18.6,"","","",NA,NA,"G9",0,0,0,0,0,0
"60.7 ",96.6,"477","474",0.7,6.6,"ニシキウツギ",15.2,15.5,"","","",NA,NA,"G9",0,0,-1,-1,0,0
"63.0 ",94.6,"475","475",3,4.6,"ミヤマイボタ",17.4,17,"","","",NA,NA,"G9",0,0,0,0,0,0
"60.5 ",98.1,"476","476",0.5,8.1,"ムラサキシキブ",23.4,24.3,"","","",NA,NA,"G9",0,0,0,0,0,0
"76.0 ",8.6,"101","101",6,8.6,"ブナ",298,302.7,"","","",NA,NA,"H0",0,0,0,0,0,0
"75.4 ",8.6,"102","102",5.4,8.6,"ミネカエデ",33.7,34.5,"","","",NA,NA,"H0",0,0,0,0,0,0
"70.5 ",7.1,"103","103",0.5,7.1,"カマツカ",20.6,20.5,"","","",NA,NA,"H0",0,0,0,0,0,0
"70.5 ",7.1,"104","103",0.5,7.1,"カマツカ",15.5,16,"","","",NA,NA,"H0",0,0,-1,1,0,0
"77.2 ",13,"105","105",7.2,3,"ブナ",119.5,121.1,"","","",NA,NA,"H1",0,0,0,0,0,0
"79.4 ",15.1,"603","603",9.4,5.1,"マメザクラ",19.7,19,"","106→603タグ変更","",NA,NA,"H1",0,0,0,0,0,0
"79.4 ",15.1,"107","106",9.4,5.1,"マメザクラ",16.1,NA,"","","",NA,NA,"H1",0,1,0,0,0,0
"79.4 ",15.1,"108","106",9.4,5.1,"マメザクラ",23.9,NA,"","","",NA,NA,"H1",0,1,0,0,0,0
"75.7 ",17.2,"109","109",5.7,7.2,"ヤブデマリ",19.5,19.5,"","","",NA,NA,"H1",0,0,0,0,0,0
"75.7 ",17.7,"110","110",5.7,7.7,"ヤブデマリ",17.9,18,"","","",NA,NA,"H1",0,0,0,0,0,0
"72.3 ",15.3,"111","111",2.3,5.3,"ミズキ",75.9,79.9,"","","",NA,NA,"H1",0,0,0,0,0,0
"71.7 ",18.7,"112","112",1.7,8.7,"リョウブ",39.5,NA,"","","",NA,NA,"H1",0,1,0,0,0,0
"71.1 ",22,"604","604",1.1,2,"カマツカ",30,30.3,"","115→604タグ変更","",NA,NA,"H2",0,0,0,0,0,0
"77.3 ",20.9,"119","116",7.3,0.9,"ミヤマイボタ",17.7,16.7,"枝分かれ","樹皮はぎ、根返り","",NA,NA,"H2",0,0,0,0,0,0
"77.3 ",20.9,"118","116",7.3,0.9,"ミヤマイボタ",18.4,17,"枝分かれ","樹皮はぎ、根返り","",NA,NA,"H2",0,0,0,0,0,0
"77.3 ",20.9,"117","116",7.3,0.9,"ミヤマイボタ",29.1,27.7,"枝分かれ","樹皮はぎ、根返り","",NA,NA,"H2",0,0,0,0,0,0
"77.3 ",20.9,"116","116",7.3,0.9,"ミヤマイボタ",44.3,45.8,"","樹皮はぎ、根返り","",NA,NA,"H2",0,0,0,0,0,0
"77.3 ",20.9,"120","116",7.3,0.9,"ミヤマイボタ",18,17.6,"","樹皮はぎ、根返り","",NA,NA,"H2",0,0,0,0,0,0
"76.8 ",22,"121","121",6.8,2,"ミヤマイボタ",21.3,22,"","","",NA,NA,"H2",0,0,0,0,0,0
"78.0 ",23.3,"122","122",8,3.3,"マユミ",35.1,36.5,"","","",NA,NA,"H2",0,0,0,0,0,0
"79.4 ",26.7,"125","125",9.4,6.7,"リョウブ",22.5,23.3,"","","",NA,NA,"H2",0,0,0,0,0,0
"75.0 ",25.2,"126","126",5,5.2,"マユミ",20.6,20.9,"","","",NA,NA,"H2",0,0,0,0,0,0
"73.1 ",27,"127","127",3.1,7,"カマツカ",26.9,16.5,"","","",NA,NA,"H2",0,0,0,0,0,0
"73.1 ",27,"603","127",3.1,7,"カマツカ",NA,15.1,"","","",NA,NA,"H2",0,0,-1,-1,0,0
"71.0 ",28,"128","128",1,8,"カマツカ",18.7,NA,"","","",NA,NA,"H2",0,1,0,0,0,0
"73.2 ",28.7,"129","129",3.2,8.7,"ミヤマイボタ",37.1,NA,"","倒れ","",NA,NA,"H2",0,1,0,0,0,0
"75.7 ",28.7,"130","130",5.7,8.7,"イトマキイタヤ",246.7,257.8,"　","","",NA,NA,"H2",0,0,0,0,0,0
"77.5 ",28.7,"131","131",7.5,8.7,"ブナ",119.2,122.8,"","","",NA,NA,"H2",0,0,0,0,0,0
"79.2 ",32.7,"133","133",9.2,2.7,"ツクバネウツギ",19.1,NA,"","倒れ","",NA,NA,"H3",0,1,0,0,0,0
"72.6 ",32.8,"136","136",2.6,2.8,"ミヤマイボタ",27.8,NA,"","","",NA,NA,"H3",0,1,0,0,0,0
"71.2 ",35.2,"137","137",1.2,5.2,"アオダモ",78.5,91,"","","",NA,NA,"H3",0,0,0,0,0,0
"73.5 ",35.2,"138","138",3.5,5.2,"マユミ",53.7,54.9," ","","",NA,NA,"H3",0,0,0,0,0,0
"72.6 ",39.3,"141","139",2.6,9.3,"ミヤマイボタ",17,17.2,"","","",NA,NA,"H3",0,0,0,0,0,0
"72.6 ",39.3,"140","139",2.6,9.3,"ミヤマイボタ",22.9,NA,"","","",NA,NA,"H3",0,1,0,0,0,0
"72.6 ",39.3,"142","139",2.6,9.3,"ミヤマイボタ",15.5,15.7,"","","",NA,NA,"H3",0,0,-1,1,0,0
"72.6 ",39.3,"143","139",2.6,9.3,"ミヤマイボタ",20.8,20.8,"","","",NA,NA,"H3",0,0,0,0,0,0
"72.6 ",39.3,"139","139",2.6,9.3,"ミヤマイボタ",27.9,29.8,"","","",NA,NA,"H3",0,0,0,0,0,0
"72.7 ",45.8,"144","144",2.7,5.8,"アオダモ",22.6,23.3,"","","",NA,NA,"H4",0,0,0,0,0,0
"72.7 ",45.8,"278","144",2.7,5.8,"アオダモ",20.2,NA,"スプレイ2箇所、根元のほうが正しい","","",NA,NA,"H4",0,1,0,0,0,0
"70.1 ",43.2,"276","276",0.1,3.2,"シナノキ",32.6,33.5,"","","",NA,NA,"H4",0,0,0,0,0,0
"72.7 ",46.9,"277","277",2.7,6.9,"ブナ",166.3,171.6,"ツル込み","","",NA,NA,"H4",0,0,0,0,0,0
"72.0 ",50.2,"304","304",2,0.2,"ブナ",192.2,197.2,"","前回GBHデータ、92.2→192.2に変更","",NA,NA,"H5",0,0,0,0,0,0
"70.0 ",54.3,"305","305",0,4.3,"オオモミジ",24.2,27.1,"","","",NA,NA,"H5",0,0,0,0,0,0
"71.6 ",54.8,"306","306",1.6,4.8,"カマツカ",16.8,18.3,"","","",NA,NA,"H5",0,0,0,0,0,0
"71.6 ",54.8,"602","306",1.6,4.8,"カマツカ",NA,15.5,"","","",NA,NA,"H5",0,0,-1,-1,0,0
"74.7 ",55,"307","307",4.7,5,"アオダモ",17.2,17.5,"","","",NA,NA,"H5",0,0,0,0,0,0
"75.5 ",55.7,"308","308",5.5,5.7,"イトマキイタヤ",101.8,167.5,"","前回計測ミス？","",NA,NA,"H5",0,0,0,0,0,0
"74.4 ",57,"309","309",4.4,7,"マメザクラ",22.3,24.8,"","","",NA,NA,"H5",0,0,0,0,0,0
"74.4 ",57,"310","309",4.4,7,"マメザクラ",21.2,24.9,"","","",NA,NA,"H5",0,0,0,0,0,0
"74.4 ",57,"311","309",4.4,7,"マメザクラ",26.4,29.4,"","","",NA,NA,"H5",0,0,0,0,0,0
"72.4 ",59,"312","312",2.4,9,"マメザクラ",29,30.1,"","","",NA,NA,"H5",0,0,0,0,0,0
"72.4 ",59,"580","312",2.4,9,"マメザクラ",29,NA,"","倒れ","",NA,NA,"H5",0,1,0,0,0,0
"72.4 ",64,"618","618",2.4,4,"アオダモ",25.3,26.3,"","","",NA,NA,"H6",0,0,0,0,0,0
"72.4 ",65.2,"619","619",2.4,5.2,"イトマキイタヤ",72.5,74.3,"","","",NA,NA,"H6",0,0,0,0,0,0
"70.5 ",63.3,"620","620",0.5,3.3,"マメザクラ",23.5,24.9,"","","",NA,NA,"H6",0,0,0,0,0,0
"79.0 ",65.7,"601","601",9,5.7,"マメザクラ",NA,16.1,"","","",NA,NA,"H6",0,0,-1,1,0,0
"74.7 ",66.2,"661","661",4.7,6.2,"カマツカ",NA,16.3,"","","",NA,NA,"H6",0,0,-1,1,0,0
"71.0 ",79.1,"503","503",1,9.1,"ノリウツギ",17.7,NA,"萌芽","","",NA,NA,"H7",0,1,0,0,0,0
"71.0 ",79.1,"504","503",1,9.1,"ノリウツギ",57.9,NA,"","","",NA,NA,"H7",0,1,0,0,0,0
"70.0 ",76.9,"505","505",0,6.9,"ミヤマイボタ",36.3,30.3,"","倒木、生存","",NA,NA,"H7",0,0,0,0,0,0
"72.2 ",75.3,"506","506",2.2,5.3,"アオダモ",20.3,21.6,"","","",NA,NA,"H7",0,0,0,0,0,0
"79.0 ",75.4,"507","507",9,5.4,"イトマキイタヤ",63.4,67.3,"","","",NA,NA,"H7",0,0,0,0,0,0
"77.3 ",77.4,"508","508",7.3,7.4,"ミヤマイボタ",17.8,17.6,"","","",NA,NA,"H7",0,0,0,0,0,0
"76.7 ",79.2,"509","509",6.7,9.2,"シナノキ",58.2,64.7,"","","",NA,NA,"H7",0,0,0,0,0,0
"76.7 ",79.2,"510","510",6.7,9.2,"シナノキ",49.3,49.7,"","","",NA,NA,"H7",0,0,0,0,0,0
"73.7 ",87.1,"641","641",3.72,7.1,"アオダモ",48.6,51.8,"","","",NA,NA,"H8",0,0,0,0,0,0
"73.7 ",87.1,"642","641",3.72,7.1,"アオダモ",26.4,28.5,"","","",NA,NA,"H8",0,0,0,0,0,0
"74.8 ",89.1,"643","643",4.8,9.1,"エゴノキ",44.1,47.5,"","","",NA,NA,"H8",0,0,0,0,0,0
"72.1 ",87.5,"644","643",2.1,7.5,"ノリウツギ",19.1,48.2,"","","",NA,NA,"H8",0,0,0,0,0,0
"70.3 ",88.3,"645","645",0.3,8.27,"ミヤマイボタ",17,17.2,"","","",NA,NA,"H8",0,0,0,0,0,0
"78.5 ",84.6,"674","674",8.5,4.64,"マメザクラ",62.8,65.1,"","","",NA,NA,"H8",0,0,0,0,0,0
"76.9 ",84.3,"675","675",6.9,4.34,"カマツカ",18.5,19.3,"","","",NA,NA,"H8",0,0,0,0,0,0
"76.3 ",82,"676","676",6.3,1.97,"カマツカ",33,37,"","","",NA,NA,"H8",0,0,0,0,0,0
"71.3 ",80.2,"677","678",1.26,0.16,"ノリウツギ",15,18,"枝分かれ","","",NA,NA,"H8",0,0,-1,1,0,0
"71.3 ",80.2,"678","678",1.26,0.16,"ノリウツギ",35.1,37.9,"","","",NA,NA,"H8",0,0,0,0,0,0
"72.7 ",84.1,"679","680",2.73,4.1,"サラサドウダン",33.2,34,"枝分かれ","","",NA,NA,"H8",0,0,0,0,0,0
"72.7 ",84.1,"680","680",2.73,4.1,"サラサドウダン",36.7,37.2,"","","",NA,NA,"H8",0,0,0,0,0,0
"73.1 ",91.4,"220","220",3.1,1.4,"タンナサワフタギ",31.9,31.1,"","樹皮はぎ","",NA,NA,"H9",0,0,0,0,0,0
"73.1 ",91.4,"204","220",3.1,1.4,"タンナサワフタギ",39.2,39,"","樹皮はぎ","",NA,NA,"H9",0,0,0,0,0,0
"79.2 ",91.6,"450","450",9.2,1.6,"カマツカ",7.5,18.4,"","","",NA,NA,"H9",0,0,0,0,1,0
"79.2 ",91.2,"452","452",9.2,1.2,"ブナ",151.6,158.1,"","","",NA,NA,"H9",0,0,0,0,0,0
"73.1 ",96.3,"453","453",3.1,6.3,"ブナ",235.4,241.1,"ツルアジサイを含む","","",NA,NA,"H9",0,0,0,0,0,0
"79.2 ",91.6,"457","457",9.2,1.6,"カマツカ",21.2,22.1,"","","",NA,NA,"H9",0,0,0,0,0,0
"78.8 ",91.2,"458","458",8.8,1.2,"ブナ",28.8,30,"","","",NA,NA,"H9",0,0,0,0,0,0
"73.5 ",99.6,"461","461",3.5,9.6,"イトマキイタヤ",87.7,94.9,"","","",NA,NA,"H9",0,0,0,0,0,0
"79.8 ",96.3,"462","462",9.8,6.3,"タンナサワフタギ",31.6,30.6,"","","",NA,NA,"H9",0,0,0,0,0,0
"82.6 ",3,"51","51",2.6,3,"メグスリノキ",106,109.7,"","","",NA,NA,"I0",0,0,0,0,0,0
"82.6 ",3,"52","51",2.6,3,"メグスリノキ",26.5,26.8,"","","",NA,NA,"I0",0,0,0,0,0,0
"82.6 ",3,"53","51",2.6,3,"メグスリノキ",99.1,105.9,"","","",NA,NA,"I0",0,0,0,0,0,0
"83.8 ",1.8,"54","54",3.8,1.8,"ツルアジサイ",21.6,22.8,"枯死","前回枯死だけど生存","？→ツルアジサイ",NA,NA,"I0",0,0,0,0,0,0
"82.1 ",4,"55","55",2.1,4,"リョウブ",24.5,25.5,"","","",NA,NA,"I0",0,0,0,0,0,0
"83.1 ",5.8,"56","56",3.1,5.8,"リョウブ",19,18.6,"","","",NA,NA,"I0",0,0,0,0,0,0
"82.7 ",8,"57","57",2.7,8,"ブナ",154,158.4,"","","",NA,NA,"I0",0,0,0,0,0,0
"87.8 ",6.8,"58","58",7.8,6.8,"ミツバツツジ",19.2,22.5,"","","",NA,NA,"I0",0,0,0,0,0,0
"87.6 ",4,"59","59",7.6,4,"リョウブ",16,16.7,"","","",NA,NA,"I0",0,0,0,0,0,0
"86.2 ",9,"60","60",6.2,9,"ミツバツツジ",21.5,22.1,"","","",NA,NA,"I0",0,0,0,0,0,0
"88.7 ",9.9,"425","425",8.7,9.9,"チョウセンゴミシ",NA,18.8,"","","",NA,NA,"I0",0,0,-1,1,0,0
"86.9 ",11.4,"421","421",6.9,1.4,"ブナ",103.4,107.5,"","61→421タグ変更","",NA,NA,"I1",0,0,0,0,0,0
"82.5 ",12,"62","62",2.5,2,"ヤブデマリ",18.5,NA,"","行方不明","",NA,NA,"I1",0,0,0,0,0,1
"84.1 ",15.7,"63","63",4.1,5.7,"リョウブ",33.2,33.2,"","","",NA,NA,"I1",0,0,0,0,0,0
"84.1 ",15.7,"64","63",4.1,5.7,"リョウブ",15.2,15.2,"","","",NA,NA,"I1",0,0,-1,-1,0,0
"81.1 ",15.7,"65","65",1.1,5.7,"リョウブ",37.5,37.7,"","","",NA,NA,"I1",0,0,0,0,0,0
"81.1 ",15.7,"66","65",1.1,5.7,"リョウブ",33.6,33.6,"","","",NA,NA,"I1",0,0,0,0,0,0
"88.4 ",18.2,"422","422",8.4,8.2,"ブナ",119.2,119.8,"","70→422タグ変更","",NA,NA,"I1",0,0,0,0,0,0
"81.1 ",21.6,"67","67",1.1,1.6,"マユミ",46.1,45.9,"","","",NA,NA,"I2",0,0,0,0,0,0
"82.8 ",20.5,"68","68",2.8,0.5,"ブナ",82,85.5,"","","",NA,NA,"I2",0,0,0,0,0,0
"85.3 ",21.4,"69","69",5.3,1.4,"ブナ",46.1,46.4,"","","",NA,NA,"I2",0,0,0,0,0,0
"86.8 ",22.9,"71","71",6.8,2.9,"コハウチワカエデ",128.8,136,"","","",NA,NA,"I2",0,0,0,0,0,0
"87.4 ",23.6,"72","72",7.4,3.6,"ブナ",138.7,141.5,"","","",NA,NA,"I2",0,0,0,0,0,0
"89.7 ",25.3,"73","73",9.7,5.3,"シナノキ",135.7,137.2,"","","",NA,NA,"I2",0,0,0,0,0,0
"85.0 ",27.5,"74","74",5,7.5,"イタヤカエデ",71,72.5,"","","",NA,NA,"I2",0,0,0,0,0,0
"84.8 ",26.2,"75","75",4.8,6.2,"リョウブ",21.4,21.3,"","","",NA,NA,"I2",0,0,0,0,0,0
"80.9 ",27.5,"123","123",0.9,7.5,"マユミ",15.6,16.2,"","","",NA,NA,"I2",0,0,-1,1,0,0
"80.9 ",27.5,"124","123",0.9,7.5,"カマツカ",16.6,17.5,"","","",NA,NA,"I2",0,0,0,0,0,0
"80.1 ",29.2,"132","132",0.1,9.2,"ミヤマイボタ",29.2,29,"","座標変更","",NA,NA,"I2",0,0,0,0,0,0
"84.6 ",33.7,"77","77",4.6,3.7,"ブナ",95.5,101.3,"","","",NA,NA,"I3",0,0,0,0,0,0
"88.3 ",39.1,"78","78",8.3,9.1,"ミヤマイボタ",31.5,34,"","","",NA,NA,"I3",0,0,0,0,0,0
"88.3 ",39.1,"79","78",8.3,9.1,"ミヤマイボタ",22.4,22,"","","",NA,NA,"I3",0,0,0,0,0,0
"80.9 ",33.5,"134","134",0.9,3.5,"ミヤマイボタ",42.3,42.5,"","","",NA,NA,"I3",0,0,0,0,0,0
"80.9 ",33.5,"135","134",0.9,3.5,"ミヤマイボタ",21.7,23,"","","",NA,NA,"I3",0,0,0,0,0,0
"87.7 ",43.4,"88","88",7.7,3.4,"マユミ",47.4,49.3,"","","",NA,NA,"I4",0,0,0,0,0,0
"87.7 ",43.4,"89","88",7.7,3.4,"マユミ",17.3,16.7,"","","",NA,NA,"I4",0,0,0,0,0,0
"87.7 ",43.4,"90","88",7.7,3.4,"マユミ",22,NA,"","立ち枯れ","",NA,NA,"I4",0,1,0,0,0,0
"85.5 ",45,"92","91",5.5,5,"ミヤマイボタ",22.3,22.6,"","","",NA,NA,"I4",0,0,0,0,0,0
"82.0 ",44.3,"146","145",2,4.3,"ノリウツギ",24.3,23.9,"","","",NA,NA,"I4",0,0,0,0,0,0
"82.0 ",44.3,"145","145",2,4.3,"ノリウツギ",20.7,18.7,"","","",NA,NA,"I4",0,0,0,0,0,0
"83.0 ",43.5,"147","147",3,3.5,"カマツカ",17.4,18.4,"","","",NA,NA,"I4",0,0,0,0,0,0
"83.0 ",43.5,"148","147",3,3.5,"カマツカ",16.6,17.8,"","","",NA,NA,"I4",0,0,0,0,0,0
"86.6 ",43.3,"268","268",6.6,3.3,"ミヤマイボタ",23.3,25.5,"","","",NA,NA,"I4",0,0,0,0,0,0
"86.6 ",43.3,"269","268",6.6,3.3,"ミヤマイボタ",24.4,23,"","","",NA,NA,"I4",0,0,0,0,0,0
"87.9 ",47.3,"270","270",7.9,7.3,"カマツカ",19.2,20.8,"","","",NA,NA,"I4",0,0,0,0,0,0
"86.7 ",46.1,"271","271",6.7,6.1,"ミヤマイボタ",17.5,NA,"","倒れ","",NA,NA,"I4",0,1,0,0,0,0
"80.8 ",48,"272","272",0.8,8,"イトマキイタヤ",140,147.1,"","","",NA,NA,"I4",0,0,0,0,0,0
"81.7 ",49.2,"273","273",1.7,9.2,"マメザクラ",29,28.1,"","","",NA,NA,"I4",0,0,0,0,0,0
"81.7 ",49.2,"274","273",1.7,9.2,"マメザクラ",21.9,22.8,"","","",NA,NA,"I4",0,0,0,0,0,0
"81.7 ",49.2,"275","273",1.7,9.2,"マメザクラ",25.7,25.3,"","","",NA,NA,"I4",0,0,0,0,0,0
"85.5 ",NA,"","",NA,NA,"",NA,NA,"","","","","","",2,2,0,0,0,0
"83.5 ",53.3,"581","581",3.5,3.3,"ブナ",157,159.9,"","","",NA,NA,"I5",0,0,0,0,0,0
"85.3 ",53.3,"582","582",5.3,3.3,"アオハダ",24.5,24.8,"","","",NA,NA,"I5",0,0,0,0,0,0
"80.4 ",57,"583","583",0.4,7,"シナノキ",122,122.9,"","","",NA,NA,"I5",0,0,0,0,0,0
"88.1 ",58,"584","584",8.1,8,"イヌブナ",87.7,99.6,"","","",NA,NA,"I5",0,0,0,0,0,0
"84.8 ",58.4,"585","585",4.8,8.4,"ツノハシバミ",19.2,18.9,"","","",NA,NA,"I5",0,0,0,0,0,0
"84.8 ",58.4,"586","585",4.8,8.4,"ツノハシバミ",17.6,17,"","","",NA,NA,"I5",0,0,0,0,0,0
"84.8 ",58.4,"587","585",4.8,8.4,"ツノハシバミ",15.7,18.3,"","","",NA,NA,"I5",0,0,0,0,0,0
"80.6 ",61,"611","611",0.6,1,"ミヤマイボタ",25.9,26.1,"","倒れ","",NA,NA,"I6",0,0,0,0,0,0
"82.3 ",62.2,"612","612",2.3,2.2,"カマツカ",17.4,18.7,"","","",NA,NA,"I6",0,0,0,0,0,0
"82.3 ",62.2,"613","612",2.3,2.2,"カマツカ",19.2,19.5,"","","",NA,NA,"I6",0,0,0,0,0,0
"83.0 ",65.7,"614","614",3,5.7,"カマツカ",18.3,18.4,"","","",NA,NA,"I6",0,0,0,0,0,0
"83.9 ",65.7,"615","615",3.9,5.7,"イトマキイタヤ",146.5,155.1,"","","",NA,NA,"I6",0,0,0,0,0,0
"88.3 ",65.8,"616","616",8.3,5.8,"ミヤマイボタ",15.7,18.4,"","","",NA,NA,"I6",0,0,0,0,0,0
"89.4 ",69.2,"617","617",9.4,9.2,"ミヤマイボタ",16.8,17.1,"","","",NA,NA,"I6",0,0,0,0,0,0
"88.1 ",75.2,"501","501",8.1,5.2,"ブナ",263.7,257.7,"","ツル込み","",NA,NA,"I7",0,0,0,0,0,0
"88.2 ",77.8,"502","502",8.2,7.8,"ミツバツツジ",16.3,17.2,"","","",NA,NA,"I7",0,0,0,0,0,0
"82.0 ",79.3,"529","529",2,9.3,"タンナサワフタギ",19.4,21.1,"枝分かれ","","",NA,NA,"I7",0,0,0,0,0,0
"82.0 ",79.3,"530","529",2,9.3,"タンナサワフタギ",32,33,"枝そげている","幹割れ","",NA,NA,"I7",0,0,0,0,0,0
"83.9 ",73.3,"531","531",3.9,3.3,"カマツカ",22.7,23.3,"","","",NA,NA,"I7",0,0,0,0,0,0
"80.0 ",75.6,"532","532",0,5.6,"サラサドウダン",39.8,41.2,"","","",NA,NA,"I7",0,0,0,0,0,0
"80.7 ",70,"534","534",0.7,0,"ミヤマイボタ",20.2,20.2,"","","",NA,NA,"I7",0,0,0,0,0,0
"81.9 ",72.1,"535","535",1.9,2.1,"シナノキ",29.1,31.6,"","","",NA,NA,"I7",0,0,0,0,0,0
"83.0 ",73.3,"537","537",3,3.3,"カマツカ",20,22.6,"","","？→カマツカ",NA,NA,"I7",0,0,0,0,0,0
"89.5 ",70,"538","538",9.5,0,"ミヤマイボタ",25.1,27.4,"","","",NA,NA,"I7",0,0,0,0,0,0
"84.8 ",71.1,"539","539",4.8,1.1,"ミヤマイボタ",17.5,20.5,"","","",NA,NA,"I7",0,0,0,0,0,0
"84.8 ",71.1,"536","539",4.8,1.1,"ミヤマイボタ",16.1,17.8,"","","",NA,NA,"I7",0,0,0,0,0,0
"84.8 ",71.1,"533","539",4.8,1.1,"ミヤマイボタ",33.9,33.5,"","","",NA,NA,"I7",0,0,0,0,0,0
"86.4 ",81.6,"668","668",6.35,1.55,"イトマキイタヤ",105.7,111.4,"","","",NA,NA,"I8",0,0,0,0,0,0
"87.2 ",85.5,"669","670",7.2,5.5,"アオハダ",28.6,29.8,"","","",NA,NA,"I8",0,0,0,0,0,0
"87.2 ",85.5,"670","670",7.2,5.5,"アオハダ",40.4,44.3,"","","",NA,NA,"I8",0,0,0,0,0,0
"87.2 ",85.5,"673","670",7.2,5.5,"アオハダ",15.1,16.8,"","","",NA,NA,"I8",0,0,-1,1,0,0
"81.7 ",81.9,"671","671",1.74,1.86,"サラサドウダン",40.7,41.6,"","","",NA,NA,"I8",0,0,0,0,0,0
"81.7 ",81.9,"672","671",1.74,1.86,"サラサドウダン",18.4,19.8,"枝分かれ","","",NA,NA,"I8",0,0,0,0,0,0
"89.2 ",89.5,"C519","C519",9.2,9.5,"ツノハシバミ",NA,16,"","","",NA,NA,"I8",0,0,-1,1,0,0
"83.3 ",96.3,"219","219",3.3,6.3,"ミヤマイボタ",21.4,22.2,"","","",NA,NA,"I9",0,0,0,0,0,0
"86.1 ",95.2,"456","456",6.1,5.2,"マメザクラ",15.7,17,"","","",NA,NA,"I9",0,0,0,0,0,0
"80.3 ",97.6,"466","466",0.3,7.6,"ミツバツツジ",19.6,19.8,"","","",NA,NA,"I9",0,0,0,0,0,0
"80.3 ",97.6,"467","466",0.3,7.6,"ミツバツツジ",18.2,18.6,"","","",NA,NA,"I9",0,0,0,0,0,0
"80.3 ",97.6,"460","466",0.3,7.6,"ミツバツツジ",NA,19.8,"","","",NA,NA,"I9",0,0,-1,1,0,0
"80.3 ",97.6,"447","466",0.3,7.6,"ミツバツツジ",NA,18.6,"","","",NA,NA,"I9",0,0,-1,1,0,0
"98.0 ",3.7,"1","1",8,3.7,"ブナ",129.1,133.7,"","","",NA,NA,"J0",0,0,0,0,0,0
"95.2 ",0.7,"2","2",5.2,0.7,"シナノキ",23.4,23.4,"","","",NA,NA,"J0",0,0,0,0,0,0
"95.2 ",0.7,"3","2",5.2,0.7,"シナノキ",18.5,18.5,"","","",NA,NA,"J0",0,0,0,0,0,0
"96.3 ",1.3,"4","4",6.3,1.3,"ノリウツギ",23.5,24.1,"","","",NA,NA,"J0",0,0,0,0,0,0
"96.3 ",1.3,"5","4",6.3,1.3,"ノリウツギ",20,19.5,"枝分かれ","","",NA,NA,"J0",0,0,0,0,0,0
"92.6 ",2.9,"6","6",2.6,2.9,"ノリウツギ",23.4,NA,"","行方不明","",NA,NA,"J0",0,0,0,0,0,1
"92.8 ",3.9,"7","7",2.8,3.9,"ニワトコ",34,NA,"","行方不明","",NA,NA,"J0",0,0,0,0,0,1
"91.7 ",4.7,"8","8",1.7,4.7,"アオダモ",31.5,32.1,"","","",NA,NA,"J0",0,0,0,0,0,0
"91.7 ",4.7,"9","9",1.7,4.7,"ノリウツギ",21,22.6,"","","アオダモ→ノリウツギ",NA,NA,"J0",0,0,0,0,0,0
"95.0 ",3.9,"10","10",5,3.9,"ニワトコ",37,35.5,"","","",NA,NA,"J0",0,0,0,0,0,0
"95.0 ",3.9,"11","10",5,3.9,"ニワトコ",23,NA,"","","",NA,NA,"J0",0,1,0,0,0,0
"90.6 ",7.2,"12","12",0.6,7.2,"ミヤマイボタ",21.7,NA,"","","",NA,NA,"J0",0,1,0,0,0,0
"91.0 ",9.6,"19","19",1,9.6,"カマツカ",18.5,18.1,"","","",NA,NA,"J0",0,0,0,0,0,0
"91.0 ",9.6,"20","19",1,9.6,"カマツカ",16,16.3,"","","",NA,NA,"J0",0,0,0,0,0,0
"91.0 ",9.6,"21","19",1,9.6,"カマツカ",21.4,21.4,"","","",NA,NA,"J0",0,0,0,0,0,0
"97.2 ",11.6,"13","13",7.2,1.6,"ミヤマイボタ",19.2,19.2,"","","",NA,NA,"J1",0,0,0,0,0,0
"97.2 ",11.6,"14","13",7.2,1.6,"ミヤマイボタ",23.9,24.9,"","","",NA,NA,"J1",0,0,0,0,0,0
"95.0 ",10.2,"15","15",5,0.2,"タラノキ",55.2,64.5,"","","",NA,NA,"J1",0,0,0,0,0,0
"95.0 ",11.4,"16","16",5,1.4,"アオダモ",32.8,32.8,"","","",NA,NA,"J1",0,0,0,0,0,0
"95.0 ",11.4,"17","16",5,1.4,"アオダモ",75.5,77.2,"","","",NA,NA,"J1",0,0,0,0,0,0
"95.0 ",11.4,"18","16",5,1.4,"アオダモ",17.3,17.3,"","","",NA,NA,"J1",0,0,0,0,0,0
"90.3 ",13.7,"22","22",0.3,3.7,"ブナ",116.3,118.3,"","谷側にタグ","",NA,NA,"J1",0,0,0,0,0,0
"91.6 ",10.3,"23","23",1.6,0.3,"ヤブデマリ",18,18,"","枯れそう","",NA,NA,"J1",0,0,0,0,0,0
"94.3 ",14.8,"24","24",4.3,4.8,"サラサドウダン",30,30,"","","",NA,NA,"J1",0,0,0,0,0,0
"94.3 ",14.8,"25","24",4.3,4.8,"サラサドウダン",16.8,17.8,"","","",NA,NA,"J1",0,0,0,0,0,0
"95.1 ",12.8,"26","26",5.1,2.8,"カマツカ",21.9,22.2,"","","",NA,NA,"J1",0,0,0,0,0,0
"95.1 ",12.8,"27","26",5.1,2.8,"カマツカ",19,18.8,"枝分かれ","","",NA,NA,"J1",0,0,0,0,0,0
"98.9 ",14.6,"203","203",8.9,4.6,"ブナ",184.5,187.6,"旧番号203","28→203タグ変更","",NA,NA,"J1",0,0,0,0,0,0
"98.9 ",14.6,"29","29",8.9,4.6,"ツルアジサイ",28,30,"28に巻き付いたツル","","",NA,NA,"J1",0,0,0,0,0,0
"97.3 ",17.4,"30","30",7.3,7.4,"マユミ",21.3,22.8,"","","",NA,NA,"J1",0,0,0,0,0,0
"98.4 ",18.2,"31","31",8.4,8.2,"ノリウツギ",15.8,NA,"枝分かれ","","",NA,NA,"J1",0,1,0,0,0,0
"98.4 ",18.2,"32","31",8.4,8.2,"ノリウツギ",17.5,NA,"","","",NA,NA,"J1",0,1,0,0,0,0
"94.6 ",18.7,"33","33",4.6,8.7,"カマツカ",18.5,18.9,"","","",NA,NA,"J1",0,0,0,0,0,0
"99.9 ",12.4,"201","201",9.9,2.4,"リョウブ",26.5,26.5,"","","",NA,NA,"J1",0,0,0,0,0,0
"99.0 ",14.6,"202","202",9,4.6,"ブナ",95,102.8,"","谷側にタグ、ツル込み","",NA,NA,"J1",0,0,0,0,0,0
"95.0 ",20.5,"34","34",5,0.5,"ブナ",117.6,118.5,"","","",NA,NA,"J2",0,0,0,0,0,0
"92.7 ",20.4,"35","35",2.7,0.4,"マメザクラ",16.6,16.6,"","","",NA,NA,"J2",0,0,0,0,0,0
"92.2 ",23.5,"36","36",2.2,3.5,"ブナ",163.1,163.5,"","タグ下より5cm上を測定","",NA,NA,"J2",0,0,0,0,0,0
"96.5 ",25.1,"37","37",6.5,5.1,"イタヤカエデ",67.4,73.8,"","","",NA,NA,"J2",0,0,0,0,0,0
"97.6 ",26,"39","39",7.6,6,"タンナサワフタギ",23.4,23.4,"","","",NA,NA,"J2",0,0,0,0,0,0
"95.9 ",27.3,"40","40",5.9,7.3,"シナノキ",39,41.6,"","","",NA,NA,"J2",0,0,0,0,0,0
"91.2 ",28.7,"41","41",1.2,8.7,"ミヤマイボタ",26.5,NA,"","倒れて萌芽あり","",NA,NA,"J2",0,1,0,0,0,0
"90.0 ",27.8,"76","76",0,7.8,"アオダモ",18.5,18.8,"","","",NA,NA,"J2",0,0,0,0,0,0
"96.5 ",30,"43","43",6.5,0,"カマツカ",28.3,NA,"","倒れ","",NA,NA,"J3",0,1,0,0,0,0
"97.4 ",31.2,"44","44",7.4,1.2,"アオダモ",50.5,52.8,"","倒れ","",NA,NA,"J3",0,0,0,0,0,0
"97.4 ",31.2,"45","44",7.4,1.2,"アオダモ",14,NA,"","倒れ","",NA,NA,"J3",0,1,-1,-1,0,0
"98.1 ",32.2,"46","46",8.1,2.2,"カマツカ",19.6,NA,"","倒れ","",NA,NA,"J3",0,1,0,0,0,0
"98.1 ",32.2,"47","46",8.1,2.2,"カマツカ",19.2,NA,"","倒れ","",NA,NA,"J3",0,1,0,0,0,0
"99.8 ",36.7,"48","48",9.8,6.7,"ミヤマイボタ",27.7,29.5,"","","",NA,NA,"J3",0,0,0,0,0,0
"99.8 ",36.7,"49","48",9.8,6.7,"ミヤマイボタ",17.1,18.9,"","","",NA,NA,"J3",0,0,0,0,0,0
"100.0 ",36.1,"50","50",10,6.1,"イトマキイタヤ",51.2,NA,"根元は枠外、プロット線を横断している","","",NA,NA,"J3",0,0,0,0,0,1
"91.3 ",38.6,"80","80",1.3,8.6,"カマツカ",16.9,18.2,"","","",NA,NA,"J3",0,0,0,0,0,0
"91.3 ",38.6,"81","80",1.3,8.6,"カマツカ",22.3,22.5,"","","",NA,NA,"J3",0,0,0,0,0,0
"91.5 ",37.5,"286","286",1.5,7.5,"ブナ",138.1,143,"","","",NA,NA,"J3",0,0,0,0,0,0
"90.2 ",41,"424","424",0.2,1,"カマツカ",21.6,17.6,"","82→424タグ変更","",NA,NA,"J4",0,0,0,0,0,0
"90.2 ",41,"82","83",0.2,1,"カマツカ",17.6,18.3,"","","",NA,NA,"J4",0,0,0,0,0,0
"90.9 ",40.4,"84","84",0.9,0.4,"カマツカ",17.3,17.3,"","","",NA,NA,"J4",0,0,0,0,0,0
"90.9 ",40.4,"152","84",0.9,0.4,"カマツカ",15.9,17.1,"","","",NA,NA,"J4",0,0,0,0,0,0
"90.9 ",40.4,"85","85",0.9,0.4,"カマツカ",16,18.3,"","","",NA,NA,"J4",0,0,0,0,0,0
"90.9 ",40.4,"392","85",0.9,0.4,"カマツカ",NA,17.1,"","こぶ下で計測","",NA,NA,"J4",0,0,-1,1,0,0
"92.6 ",40.6,"86","86",2.6,0.6,"イトマキイタヤ",136.5,141.5,"","","",NA,NA,"J4",0,0,0,0,0,0
"91.3 ",45.6,"87","87",1.3,5.6,"アオハダ",27,30.5,"","","エゴノキ→アオハダ",NA,NA,"J4",0,0,0,0,0,0
"99.7 ",43,"155","155",9.7,3,"ブナ",34.4,35.8,"","","",NA,NA,"J4",0,0,0,0,0,0
"95.1 ",40,"157","157",5.1,0,"ノリウツギ",21.8,NA,"","","",NA,NA,"J4",0,1,0,0,0,0
"95.3 ",42,"159","159",5.3,2,"ハコネグミ",21.5,23.9,"","","",NA,NA,"J4",0,0,0,0,0,0
"95.6 ",43.3,"160","160",5.6,3.3,"ミヤマイボタ",28.2,NA,"","","",NA,NA,"J4",0,1,0,0,0,0
"95.6 ",43.3,"161","160",5.6,3.3,"ミヤマイボタ",25.4,NA,"","","",NA,NA,"J4",0,1,0,0,0,0
"95.6 ",43.3,"162","160",5.6,3.3,"ミヤマイボタ",14.7,NA,"15ｃｍ以下","","",NA,NA,"J4",0,1,-1,-1,0,0
"93.3 ",41.9,"163","163",3.3,1.9,"ミヤマイボタ",17.4,18.1,"","","",NA,NA,"J4",0,0,0,0,0,0
"98.0 ",46.1,"395","395",8,6.1,"カマツカ",22.8,23,"","261→395タグ変更","",NA,NA,"J4",0,0,0,0,0,0
"98.0 ",46.1,"262","261",8,6.1,"カマツカ",15.6,15.6,"","","",NA,NA,"J4",0,0,-1,-1,0,0
"97.5 ",46.8,"263","263",7.5,6.8,"ブナ",57.8,58.6,"","","",NA,NA,"J4",0,0,0,0,0,0
"97.9 ",47.3,"264","264",7.9,7.3,"イトマキイタヤ",73.2,83.3,"地面から144cm測定","","",NA,NA,"J4",0,0,0,0,0,0
"97.9 ",47.3,"265","264",7.9,7.3,"イトマキイタヤ",20.4,26.9,"","","",NA,NA,"J4",0,0,0,0,0,0
"95.2 ",45.8,"266","266",5.2,5.8,"ミヤマイボタ",15.8,17.8,"","","",NA,NA,"J4",0,0,0,0,0,0
"91.9 ",47,"267","267",1.9,7,"未同定",19.6,19.4,"","","",NA,NA,"J4",0,0,0,0,0,0
"90.9 ",59.4,"222","222",0.9,9.4,"ミヤマイボタ",29.9,32,"","","",NA,NA,"J5",0,0,0,0,0,0
"99.8 ",51.8,"223","223",9.8,1.8,"カマツカ",19.4,NA,"","立ち枯れ","",NA,NA,"J5",0,1,0,0,0,0
"98.5 ",52.6,"224","224",8.5,2.6,"ブナ",100.1,107.5,"","","",NA,NA,"J5",0,0,0,0,0,0
"92.7 ",50.4,"229","229",2.7,0.4,"マメザクラ",31.5,NA,"","倒れ","",NA,NA,"J5",0,1,0,0,0,0
"92.7 ",50.4,"230","229",2.7,0.4,"マメザクラ",31.7,NA,"枝分かれ","倒れ","",NA,NA,"J5",0,1,0,0,0,0
"90.5 ",51.2,"231","231",0.5,1.2,"カマツカ",17,18.1,"","","",NA,NA,"J5",0,0,0,0,0,0
"90.5 ",51.2,"678","231",0.5,1.2,"カマツカ",NA,15.2,"","","",NA,NA,"J5",0,0,-1,-1,0,0
"90.5 ",51.2,"232","231",0.5,1.2,"カマツカ",17.1,19,"","","",NA,NA,"J5",0,0,0,0,0,0
"93.2 ",54,"233","233",3.2,4,"ノリウツギ",31.1,31.7,"","","",NA,NA,"J5",0,0,0,0,0,0
"94.1 ",55.9,"234","234",4.1,5.9,"ミヤマイボタ",18.6,18.4,"","","",NA,NA,"J5",0,0,0,0,0,0
"92.9 ",55,"235","235",2.9,5,"ミヤマイボタ",20,20.5,"サンプル有","","",NA,NA,"J5",0,0,0,0,0,0
"99.0 ",59.9,"236","236",9,9.9,"カマツカ",19.1,19.8,"コマユミ？丸い実、対生","","コマユミ？→カマツカ",NA,NA,"J5",0,0,0,0,0,0
"96.0 ",58.2,"237","237",6,8.2,"カマツカ",24,23.5,"","","",NA,NA,"J5",0,0,0,0,0,0
"94.8 ",56.9,"238","238",4.8,6.9,"ミヤマイボタ",23.9,26.5,"","","",NA,NA,"J5",0,0,0,0,0,0
"92.2 ",59.1,"239","239",2.2,9.1,"ミヤマイボタ",34,38.6,"","","",NA,NA,"J5",0,0,0,0,0,0
"95.4 ",61.1,"600","600",5.4,1.1,"ミヤマイボタ",18.7,20.1,"","","",NA,NA,"J6",0,0,0,0,0,0
"96.3 ",61.9,"601","601",6.3,1.9,"ミヤマイボタ",16.1,18.1,"","","",NA,NA,"J6",0,0,0,0,0,0
"96.3 ",61.9,"661","601",6.3,1.9,"ミヤマイボタ",NA,16,"","","",NA,NA,"J6",0,0,-1,1,0,0
"99.0 ",62,"602","602",9,2,"カマツカ",21.3,22,"","","",NA,NA,"J6",0,0,0,0,0,0
"99.0 ",64.5,"603","603",9,4.5,"ブナ",38,38.1,"","","",NA,NA,"J6",0,0,0,0,0,0
"99.0 ",62.9,"604","604",9,2.9,"ノリウツギ",17.2,NA,"","立ち枯れ","",NA,NA,"J6",0,1,0,0,0,0
"90.7 ",62.4,"605","605",0.7,2.4,"イトマキイタヤ",45.5,48.7,"","","",NA,NA,"J6",0,0,0,0,0,0
"91.7 ",64.3,"606","606",1.7,4.3,"イトマキイタヤ",59.9,65.8,"","","",NA,NA,"J6",0,0,0,0,0,0
"90.0 ",65.3,"623","623",0,5.3,"カマツカ",24.4,23.9,"","608→623タグ変更、根返り","",NA,NA,"J6",0,0,0,0,0,0
"90.6 ",64.6,"645","645",0.6,4.6,"アオダモ",38.8,36.2,"ツル込み","609→645タグ変更、根返り","",NA,NA,"J6",0,0,0,0,0,0
"95.6 ",62.8,"610","610",5.6,2.8,"ミヤマイボタ",24.9,29.7,"","","",NA,NA,"J6",0,0,0,0,0,0
"90.0 ",63.6,"606","606",0,3.6,"カマツカ",NA,17.6,"","","",NA,NA,"J6",0,0,-1,1,0,0
"100.0 ",64,"667","667",10,4,"カマツカ",NA,17.9,"","","",NA,NA,"J6",0,0,-1,1,0,0
"100.0 ",64,"668","667",10,4,"カマツカ",NA,17.1,"","","",NA,NA,"J6",0,0,-1,1,0,0
"100.0 ",64,"669","667",10,4,"カマツカ",NA,15.5,"","","",NA,NA,"J6",0,0,-1,-1,0,0
"93.4 ",79.6,"521","521",3.4,9.6,"アオダモ",23.4,26.1,"","","",NA,NA,"J7",0,0,0,0,0,0
"95.8 ",75,"522","522",5.8,5,"シナノキ",58.8,59.4,"","","",NA,NA,"J7",0,0,0,0,0,0
"97.3 ",76.5,"523","523",7.3,6.5,"カジカエデ",72.8,74.4,"","","",NA,NA,"J7",0,0,0,0,0,0
"99.2 ",77.2,"524","524",9.2,7.2,"ブナ",97.6,102.1,"","","",NA,NA,"J7",0,0,0,0,0,0
"98.8 ",74.1,"525","525",8.8,4.1,"イトマキイタヤ",31.6,NA,"","倒れ","",NA,NA,"J7",0,1,0,0,0,0
"91.8 ",75.2,"526","526",1.8,5.2,"オオモミジ",43.6,48,"","","",NA,NA,"J7",0,0,0,0,0,0
"91.3 ",78,"527","527",1.3,8,"ノリウツギ",18.6,18.4,"","","",NA,NA,"J7",0,0,0,0,0,0
"92.0 ",70.8,"528","528",2,0.8,"ノリウツギ",20.3,NA,"","幹折れ","",NA,NA,"J7",0,1,0,0,0,0
"96.6 ",79.5,"540","540",6.6,9.5,"ブナ",180,183.8,"","","",NA,NA,"J7",0,0,0,0,0,0
"100.0 ",83.7,"661","661",10,3.7,"ヤマボウシ",41,41,"倒伏","","",NA,NA,"J8",0,0,0,0,0,0
"97.9 ",89.3,"662","662",7.9,9.3,"サワシバ",39.1,41.4,"","","ミズメ→サワシバ",NA,NA,"J8",0,0,0,0,0,0
"98.9 ",82.2,"663","663",8.9,2.2,"アオダモ",42.6,44.7,"","","アオハダ→アオダモ",NA,NA,"J8",0,0,0,0,0,0
"95.6 ",84.1,"664","664",5.6,4.1,"ノリウツギ",31.4,NA,"","","",NA,NA,"J8",0,1,0,0,0,0
"95.6 ",84.1,"665","664",5.6,4.1,"ノリウツギ",25,NA,"枝分かれ","","",NA,NA,"J8",0,1,0,0,0,0
"96.5 ",83.1,"666","666",6.5,3.1,"サワシバ",23.5,24.5,"","","ミズメ→サワシバ",NA,NA,"J8",0,0,0,0,0,0
"90.7 ",84.4,"667","667",0.7,4.4,"ブナ",213.1,221.4,"","","",NA,NA,"J8",0,0,0,0,0,0
"96.3 ",81.8,"642","642",6.3,1.8,"サラサドウダンツツジ",NA,15.8,"","","",NA,NA,"J8",0,0,-1,1,0,0
"95.7 ",94.3,"215","215",5.7,4.3,"カマツカ",32,33,"","","",NA,NA,"J9",0,0,0,0,0,0
"98.9 ",93,"216","216",8.9,3,"カマツカ",19.5,19.7,"","","",NA,NA,"J9",0,0,0,0,0,0
"92.7 ",91.6,"217","217",2.7,1.6,"オオモミジ",103,106.6,"","","",NA,NA,"J9",0,0,0,0,0,0
"98.9 ",91,"218","218",8.9,1,"カマツカ",18,18.6,"","","",NA,NA,"J9",0,0,0,0,0,0
"96.8 ",97.6,"442","442",6.8,7.6,"メグスリノキ",19.9,137.6,"","","ミツデカエデ→メグスリノキ",NA,NA,"J9",0,0,0,0,0,0
"97.8 ",97.2,"443","443",7.8,7.2,"アオダモ",30.6,32,"","","",NA,NA,"J9",0,0,0,0,0,0
"98.0 ",98,"444","444",8,8,"アオダモ",23.3,24,"","","",NA,NA,"J9",0,0,0,0,0,0
"90.8 ",97.2,"445","445",0.8,7.2,"タンナサワフタギ",27.5,28.1,"","","",NA,NA,"J9",0,0,0,0,0,0
"93.9 ",98.7,"446","446",3.9,8.7,"ヤマボウシ",42.5,55.6,"","","",NA,NA,"J9",0,0,0,0,0,0
